4.876041412353515625e-02,-2.129999999999999893e+00,4.580000000000000182e-01,5.976562500000000000e+00
9.664511680603027344e-02,-1.380000000000000071e+01,2.519000000000000128e+00,6.591796875000000000e+00
1.446304321289062500e-01,-1.621000000000000085e+01,5.038000000000000256e+00,8.085937500000000000e+00
1.925513744354248047e-01,-1.281000000000000050e+01,6.641000000000000014e+00,9.931640625000000000e+00
2.407076358795166016e-01,-9.660000000000000142e+00,6.870000000000000107e+00,1.195312500000000000e+01
2.886767387390136719e-01,-1.114000000000000057e+01,6.641000000000000014e+00,1.397460937500000000e+01
3.369410037994384766e-01,-7.990000000000000213e+00,6.182999999999999829e+00,1.582031250000000000e+01
3.850562572479248047e-01,-1.014000000000000057e+01,5.725000000000000533e+00,1.749023437500000000e+01
4.330878257751464844e-01,-1.068999999999999950e+01,5.267000000000000348e+00,1.907226562500000000e+01
4.807622432708740234e-01,-1.258000000000000007e+01,5.038000000000000256e+00,2.056640625000000000e+01
5.288753509521484375e-01,-1.419999999999999929e+01,4.580000000000000071e+00,2.188476562500000000e+01
5.766575336456298828e-01,-1.227999999999999936e+01,4.121999999999999886e+00,2.311523437500000000e+01
6.242377758026123047e-01,-1.456000000000000050e+01,3.435000000000000053e+00,2.416992187500000000e+01
6.723153591156005859e-01,-1.563000000000000078e+01,2.977000000000000313e+00,2.513671875000000000e+01
7.203304767608642578e-01,-1.051999999999999957e+01,2.060999999999999943e+00,2.575195312500000000e+01
7.683334350585937500e-01,-1.100000000000000000e+01,1.145000000000000018e+00,2.610351562500000000e+01
8.162436485290527344e-01,-9.789999999999999147e+00,4.580000000000000182e-01,2.636718750000000000e+01
8.642275333404541016e-01,-9.980000000000000426e+00,2.290000000000000091e-01,2.645507812500000000e+01
9.122133255004882812e-01,-6.030000000000000249e+00,0.000000000000000000e+00,2.654296875000000000e+01
9.602105617523193359e-01,1.780000000000000027e+00,-9.160000000000000364e-01,2.627929687500000000e+01
1.008193254470825195e+00,-3.599999999999999867e-01,-1.602999999999999980e+00,2.583984375000000000e+01
1.056207656860351562e+00,-1.129999999999999893e+00,-2.060999999999999943e+00,2.522460937500000000e+01
1.104207515716552734e+00,2.720000000000000195e+00,-2.748000000000000220e+00,2.443359375000000000e+01
1.152200937271118164e+00,3.830000000000000071e+00,-3.435000000000000053e+00,2.346679687500000000e+01
1.200193881988525391e+00,3.040000000000000036e+00,-3.893000000000000238e+00,2.223632812500000000e+01
1.248176097869873047e+00,5.849999999999999645e+00,-4.350999999999999979e+00,2.100585937500000000e+01
1.296184062957763672e+00,8.300000000000000711e+00,-5.267000000000000348e+00,1.942382812500000000e+01
1.344212532043457031e+00,8.179999999999999716e+00,-5.496000000000000441e+00,1.784179687500000000e+01
1.392190933227539062e+00,9.330000000000000071e+00,-5.954000000000000625e+00,1.608398437500000000e+01
1.440206766128540039e+00,9.779999999999999361e+00,-6.182999999999999829e+00,1.432617187500000000e+01
1.488190174102783203e+00,1.072000000000000064e+01,-6.411999999999999922e+00,1.239257812500000000e+01
1.536187887191772461e+00,1.263000000000000078e+01,-6.641000000000000014e+00,1.045898437500000000e+01
1.584169149398803711e+00,1.097000000000000064e+01,-7.099000000000000199e+00,8.437500000000000000e+00
1.632184267044067383e+00,1.091999999999999993e+01,-6.870000000000000107e+00,6.416015625000000000e+00
1.680160045623779297e+00,1.431000000000000050e+01,-6.641000000000000014e+00,4.482421875000000000e+00
1.728183984756469727e+00,1.678999999999999915e+01,-6.641000000000000014e+00,2.548828125000000000e+00
1.776177883148193359e+00,2.028000000000000114e+01,-6.411999999999999922e+00,7.031250000000000000e-01
1.824187040328979492e+00,2.007000000000000028e+01,-5.954000000000000625e+00,-1.142578125000000000e+00
1.872215986251831055e+00,2.391000000000000014e+01,-5.725000000000000533e+00,-2.812500000000000000e+00
1.920212030410766602e+00,2.982999999999999829e+01,-5.496000000000000441e+00,-4.482421875000000000e+00
1.968170642852783203e+00,2.442000000000000171e+01,-4.809000000000000163e+00,-5.976562500000000000e+00
2.016178131103515625e+00,2.976000000000000156e+01,-4.580000000000000071e+00,-7.382812500000000000e+00
2.064161777496337891e+00,2.900000000000000000e+01,-4.350999999999999979e+00,-8.525390625000000000e+00
2.112165451049804688e+00,2.646000000000000085e+01,-3.664000000000000146e+00,-9.667968750000000000e+00
2.160167455673217773e+00,2.778999999999999915e+01,-2.748000000000000220e+00,-1.054687500000000000e+01
2.208249092102050781e+00,2.596999999999999886e+01,-2.290000000000000036e+00,-1.125000000000000000e+01
2.256237506866455078e+00,2.428000000000000114e+01,-1.602999999999999980e+00,-1.186523437500000000e+01
2.304284572601318359e+00,2.305999999999999872e+01,-9.160000000000000364e-01,-1.212890625000000000e+01
2.352205753326416016e+00,1.964000000000000057e+01,-4.580000000000000182e-01,-1.230468750000000000e+01
2.400142431259155273e+00,1.973999999999999844e+01,0.000000000000000000e+00,-1.230468750000000000e+01
2.448176622390747070e+00,1.628999999999999915e+01,2.290000000000000091e-01,-1.221679687500000000e+01
2.496161222457885742e+00,1.005000000000000071e+01,1.145000000000000018e+00,-1.186523437500000000e+01
2.544152975082397461e+00,1.052999999999999936e+01,2.060999999999999943e+00,-1.125000000000000000e+01
2.592152833938598633e+00,9.769999999999999574e+00,2.290000000000000036e+00,-1.054687500000000000e+01
2.640159845352172852e+00,3.299999999999999822e+00,3.205999999999999961e+00,-9.667968750000000000e+00
2.688161373138427734e+00,1.800000000000000044e+00,4.121999999999999886e+00,-8.437500000000000000e+00
2.736155271530151367e+00,1.060000000000000053e+00,4.350999999999999979e+00,-7.207031250000000000e+00
2.784127712249755859e+00,-2.310000000000000053e+00,4.809000000000000163e+00,-5.712890625000000000e+00
2.832144260406494141e+00,-6.040000000000000036e+00,5.496000000000000441e+00,-4.130859375000000000e+00
2.880147933959960938e+00,-7.089999999999999858e+00,5.725000000000000533e+00,-2.460937500000000000e+00
2.928144693374633789e+00,-8.980000000000000426e+00,5.954000000000000625e+00,-7.031250000000000000e-01
2.976138591766357422e+00,-1.228999999999999915e+01,6.411999999999999922e+00,1.142578125000000000e+00
3.024130821228027344e+00,-1.141999999999999993e+01,6.641000000000000014e+00,3.164062500000000000e+00
3.072181940078735352e+00,-1.277999999999999936e+01,6.411999999999999922e+00,5.009765625000000000e+00
3.120164871215820312e+00,-1.277999999999999936e+01,6.641000000000000014e+00,7.031250000000000000e+00
3.168146371841430664e+00,-1.159999999999999964e+01,6.641000000000000014e+00,8.876953125000000000e+00
3.216119527816772461e+00,-1.630000000000000071e+01,6.870000000000000107e+00,1.089843750000000000e+01
3.264165401458740234e+00,-1.342999999999999972e+01,6.641000000000000014e+00,1.291992187500000000e+01
3.312173366546630859e+00,-1.646999999999999886e+01,6.182999999999999829e+00,1.476562500000000000e+01
3.360121011734008789e+00,-2.000000000000000000e+01,5.954000000000000625e+00,1.652343750000000000e+01
3.408112049102783203e+00,-2.012000000000000099e+01,5.496000000000000441e+00,1.819335937500000000e+01
3.456124544143676758e+00,-2.044999999999999929e+01,5.267000000000000348e+00,1.968750000000000000e+01
3.504112482070922852e+00,-1.953000000000000114e+01,5.038000000000000256e+00,2.118164062500000000e+01
3.552122592926025391e+00,-1.723000000000000043e+01,4.121999999999999886e+00,2.241210937500000000e+01
3.600177764892578125e+00,-1.880999999999999872e+01,3.893000000000000238e+00,2.355468750000000000e+01
3.648260831832885742e+00,-1.391000000000000014e+01,3.205999999999999961e+00,2.460937500000000000e+01
3.696181297302246094e+00,-1.366000000000000014e+01,2.748000000000000220e+00,2.548828125000000000e+01
3.744189977645874023e+00,-7.639999999999999680e+00,1.602999999999999980e+00,2.601562500000000000e+01
3.792213201522827148e+00,-8.490000000000000213e+00,9.160000000000000364e-01,2.636718750000000000e+01
3.840205192565917969e+00,-7.870000000000000107e+00,4.580000000000000182e-01,2.654296875000000000e+01
3.888278722763061523e+00,-6.250000000000000000e+00,2.290000000000000091e-01,2.663085937500000000e+01
3.936113595962524414e+00,-4.990000000000000213e+00,-2.290000000000000091e-01,2.663085937500000000e+01
3.984120130538940430e+00,8.800000000000000044e-01,-1.145000000000000018e+00,2.627929687500000000e+01
4.032110214233398438e+00,-1.899999999999999911e+00,-1.832000000000000073e+00,2.575195312500000000e+01
4.080139398574829102e+00,-2.310000000000000053e+00,-2.748000000000000220e+00,2.487304687500000000e+01
4.128100395202636719e+00,1.239999999999999991e+00,-3.205999999999999961e+00,2.390625000000000000e+01
4.176160335540771484e+00,1.219999999999999973e+00,-3.893000000000000238e+00,2.276367187500000000e+01
4.224646329879760742e+00,1.750000000000000000e+00,-4.350999999999999979e+00,2.153320312500000000e+01
4.272513866424560547e+00,4.169999999999999929e+00,-4.809000000000000163e+00,2.012695312500000000e+01
4.320457935333251953e+00,5.679999999999999716e+00,-5.267000000000000348e+00,1.854492187500000000e+01
4.368451833724975586e+00,6.200000000000000178e+00,-5.496000000000000441e+00,1.696289062500000000e+01
4.416514635086059570e+00,9.070000000000000284e+00,-5.954000000000000625e+00,1.520507812500000000e+01
4.464521169662475586e+00,9.390000000000000568e+00,-6.411999999999999922e+00,1.335937500000000000e+01
4.512516736984252930e+00,1.067999999999999972e+01,-6.411999999999999922e+00,1.142578125000000000e+01
4.560622215270996094e+00,1.217999999999999972e+01,-6.870000000000000107e+00,9.404296875000000000e+00
4.608820915222167969e+00,1.133000000000000007e+01,-7.099000000000000199e+00,7.470703125000000000e+00
4.656710147857666016e+00,1.036999999999999922e+01,-6.641000000000000014e+00,5.537109375000000000e+00
4.704608678817749023e+00,1.028999999999999915e+01,-6.411999999999999922e+00,3.515625000000000000e+00
4.752768516540527344e+00,1.525999999999999979e+01,-6.411999999999999922e+00,1.669921875000000000e+00
4.800146818161010742e+00,2.144999999999999929e+01,-6.182999999999999829e+00,-1.757812500000000000e-01
4.848078489303588867e+00,2.128000000000000114e+01,-5.954000000000000625e+00,-1.933593750000000000e+00
4.896123170852661133e+00,2.492999999999999972e+01,-5.725000000000000533e+00,-3.691406250000000000e+00
4.944092512130737305e+00,2.592000000000000171e+01,-5.496000000000000441e+00,-5.273437500000000000e+00
4.992074966430664062e+00,2.680000000000000071e+01,-4.809000000000000163e+00,-6.679687500000000000e+00
5.040087223052978516e+00,2.921999999999999886e+01,-4.350999999999999979e+00,-7.998046875000000000e+00
5.088069915771484375e+00,2.828000000000000114e+01,-3.893000000000000238e+00,-9.140625000000000000e+00
5.136072397232055664e+00,2.862999999999999901e+01,-3.205999999999999961e+00,-1.010742187500000000e+01
5.184062480926513672e+00,2.735000000000000142e+01,-2.519000000000000128e+00,-1.089843750000000000e+01
5.232060909271240234e+00,2.639999999999999858e+01,-2.060999999999999943e+00,-1.160156250000000000e+01
5.280072450637817383e+00,2.182999999999999829e+01,-1.145000000000000018e+00,-1.195312500000000000e+01
5.328176259994506836e+00,2.114000000000000057e+01,-4.580000000000000182e-01,-1.221679687500000000e+01
5.376164674758911133e+00,1.905000000000000071e+01,0.000000000000000000e+00,-1.230468750000000000e+01
5.424186468124389648e+00,1.726999999999999957e+01,0.000000000000000000e+00,-1.230468750000000000e+01
5.472084045410156250e+00,1.630999999999999872e+01,2.290000000000000091e-01,-1.212890625000000000e+01
5.520057439804077148e+00,8.720000000000000639e+00,1.602999999999999980e+00,-1.168945312500000000e+01
5.568072080612182617e+00,1.028999999999999915e+01,2.290000000000000036e+00,-1.098632812500000000e+01
5.616071224212646484e+00,8.990000000000000213e+00,2.977000000000000313e+00,-1.010742187500000000e+01
5.664065122604370117e+00,2.939999999999999947e+00,3.664000000000000146e+00,-9.140625000000000000e+00
5.712066888809204102e+00,1.129999999999999893e+00,4.350999999999999979e+00,-7.910156250000000000e+00
5.760066509246826172e+00,-2.009999999999999787e+00,4.809000000000000163e+00,-6.503906250000000000e+00
5.808063507080078125e+00,-4.190000000000000391e+00,5.267000000000000348e+00,-5.009765625000000000e+00
5.856062650680541992e+00,-5.269999999999999574e+00,5.496000000000000441e+00,-3.339843750000000000e+00
5.904069662094116211e+00,-9.109999999999999432e+00,5.725000000000000533e+00,-1.582031250000000000e+00
5.952075004577636719e+00,-1.165000000000000036e+01,6.411999999999999922e+00,2.636718750000000000e-01
6.000058174133300781e+00,-1.071000000000000085e+01,6.411999999999999922e+00,2.197265625000000000e+00
6.048077344894409180e+00,-1.088000000000000078e+01,6.182999999999999829e+00,4.042968750000000000e+00
6.096057415008544922e+00,-1.466000000000000014e+01,6.641000000000000014e+00,5.976562500000000000e+00
6.144055843353271484e+00,-1.285999999999999943e+01,6.870000000000000107e+00,7.998046875000000000e+00
6.192065000534057617e+00,-1.316000000000000014e+01,6.870000000000000107e+00,9.931640625000000000e+00
6.240439176559448242e+00,-1.517999999999999972e+01,6.641000000000000014e+00,1.195312500000000000e+01
6.288720607757568359e+00,-1.343999999999999950e+01,6.411999999999999922e+00,1.379882812500000000e+01
6.336765527725219727e+00,-1.559999999999999964e+01,5.954000000000000625e+00,1.555664062500000000e+01
6.384613037109375000e+00,-1.816000000000000014e+01,5.725000000000000533e+00,1.731445312500000000e+01
6.432766675949096680e+00,-1.667000000000000171e+01,5.496000000000000441e+00,1.889648437500000000e+01
6.480631351470947266e+00,-1.728000000000000114e+01,5.038000000000000256e+00,2.039062500000000000e+01
6.528782129287719727e+00,-1.780000000000000071e+01,4.580000000000000071e+00,2.179687500000000000e+01
6.576784372329711914e+00,-1.584999999999999964e+01,4.121999999999999886e+00,2.302734375000000000e+01
6.624523401260375977e+00,-1.523000000000000043e+01,3.664000000000000146e+00,2.408203125000000000e+01
6.672795534133911133e+00,-1.366000000000000014e+01,3.205999999999999961e+00,2.504882812500000000e+01
6.720417261123657227e+00,-9.589999999999999858e+00,2.290000000000000036e+00,2.575195312500000000e+01
6.768852949142456055e+00,-8.949999999999999289e+00,1.374000000000000110e+00,2.619140625000000000e+01
6.816082954406738281e+00,-7.719999999999999751e+00,6.870000000000000551e-01,2.645507812500000000e+01
6.864095926284790039e+00,-8.460000000000000853e+00,2.290000000000000091e-01,2.654296875000000000e+01
6.912136077880859375e+00,-6.120000000000000107e+00,0.000000000000000000e+00,2.663085937500000000e+01
6.960126399993896484e+00,2.999999999999999889e-02,-6.870000000000000551e-01,2.645507812500000000e+01
7.008107900619506836e+00,-1.750000000000000000e+00,-1.832000000000000073e+00,2.592773437500000000e+01
7.056024312973022461e+00,-3.729999999999999982e+00,-2.290000000000000036e+00,2.522460937500000000e+01
7.104024410247802734e+00,-7.600000000000000089e-01,-2.748000000000000220e+00,2.443359375000000000e+01
7.152011156082153320e+00,-7.000000000000000666e-02,-3.435000000000000053e+00,2.337890625000000000e+01
7.200009107589721680e+00,1.239999999999999991e+00,-4.121999999999999886e+00,2.223632812500000000e+01
7.248017787933349609e+00,2.439999999999999947e+00,-4.580000000000000071e+00,2.091796875000000000e+01
7.296027421951293945e+00,5.950000000000000178e+00,-5.038000000000000256e+00,1.942382812500000000e+01
7.344029426574707031e+00,6.360000000000000320e+00,-5.267000000000000348e+00,1.775390625000000000e+01
7.392010688781738281e+00,8.480000000000000426e+00,-5.954000000000000625e+00,1.608398437500000000e+01
7.440005779266357422e+00,9.109999999999999432e+00,-6.182999999999999829e+00,1.423828125000000000e+01
7.487993955612182617e+00,9.599999999999999645e+00,-6.411999999999999922e+00,1.239257812500000000e+01
7.536006212234497070e+00,1.198000000000000043e+01,-6.641000000000000014e+00,1.045898437500000000e+01
7.584010124206542969e+00,1.140000000000000036e+01,-6.870000000000000107e+00,8.437500000000000000e+00
7.631988525390625000e+00,1.048000000000000043e+01,-6.870000000000000107e+00,6.503906250000000000e+00
7.679999589920043945e+00,1.247000000000000064e+01,-6.870000000000000107e+00,4.482421875000000000e+00
7.728010177612304688e+00,1.555000000000000071e+01,-6.641000000000000014e+00,2.636718750000000000e+00
7.776003360748291016e+00,1.830999999999999872e+01,-6.641000000000000014e+00,6.152343750000000000e-01
7.823993682861328125e+00,1.798999999999999844e+01,-5.954000000000000625e+00,-1.142578125000000000e+00
7.871999740600585938e+00,2.264999999999999858e+01,-5.725000000000000533e+00,-2.812500000000000000e+00
7.920011043548583984e+00,2.748000000000000043e+01,-5.725000000000000533e+00,-4.482421875000000000e+00
7.967999935150146484e+00,2.291000000000000014e+01,-4.809000000000000163e+00,-5.976562500000000000e+00
8.015991210937500000e+00,3.001999999999999957e+01,-4.580000000000000071e+00,-7.294921875000000000e+00
8.063976526260375977e+00,2.880000000000000071e+01,-4.350999999999999979e+00,-8.525390625000000000e+00
8.111993074417114258e+00,2.723000000000000043e+01,-3.664000000000000146e+00,-9.667968750000000000e+00
8.159971475601196289e+00,2.907000000000000028e+01,-2.748000000000000220e+00,-1.054687500000000000e+01
8.207973003387451172e+00,2.655999999999999872e+01,-2.290000000000000036e+00,-1.125000000000000000e+01
8.255966424942016602e+00,2.557000000000000028e+01,-1.602999999999999980e+00,-1.177734375000000000e+01
8.303957462310791016e+00,2.135000000000000142e+01,-1.145000000000000018e+00,-1.221679687500000000e+01
8.352042913436889648e+00,1.894000000000000128e+01,-2.290000000000000091e-01,-1.230468750000000000e+01
8.400086402893066406e+00,1.930000000000000071e+01,0.000000000000000000e+00,-1.230468750000000000e+01
8.448034524917602539e+00,1.685999999999999943e+01,2.290000000000000091e-01,-1.221679687500000000e+01
8.496037244796752930e+00,1.026999999999999957e+01,1.374000000000000110e+00,-1.186523437500000000e+01
8.544156312942504883e+00,1.191999999999999993e+01,2.060999999999999943e+00,-1.125000000000000000e+01
8.591957807540893555e+00,1.083999999999999986e+01,2.290000000000000036e+00,-1.054687500000000000e+01
8.639964580535888672e+00,4.200000000000000178e+00,3.205999999999999961e+00,-9.667968750000000000e+00
8.687961101531982422e+00,1.530000000000000027e+00,4.121999999999999886e+00,-8.437500000000000000e+00
8.735945224761962891e+00,1.080000000000000071e+00,4.350999999999999979e+00,-7.207031250000000000e+00
8.783948183059692383e+00,-2.129999999999999893e+00,4.809000000000000163e+00,-5.800781250000000000e+00
8.831951141357421875e+00,-6.580000000000000071e+00,5.496000000000000441e+00,-4.130859375000000000e+00
8.879933357238769531e+00,-7.620000000000000107e+00,5.725000000000000533e+00,-2.460937500000000000e+00
8.927968740463256836e+00,-8.830000000000000071e+00,5.954000000000000625e+00,-7.031250000000000000e-01
8.975956678390502930e+00,-1.256000000000000050e+01,6.411999999999999922e+00,1.230468750000000000e+00
9.023950338363647461e+00,-1.218999999999999950e+01,6.641000000000000014e+00,3.164062500000000000e+00
9.071961164474487305e+00,-1.310999999999999943e+01,6.411999999999999922e+00,5.009765625000000000e+00
9.119939327239990234e+00,-1.365000000000000036e+01,6.641000000000000014e+00,6.943359375000000000e+00
9.167942523956298828e+00,-1.317999999999999972e+01,6.870000000000000107e+00,8.876953125000000000e+00
9.215931415557861328e+00,-1.591000000000000014e+01,6.870000000000000107e+00,1.089843750000000000e+01
9.263993501663208008e+00,-1.360999999999999943e+01,6.641000000000000014e+00,1.291992187500000000e+01
9.311971664428710938e+00,-1.573000000000000043e+01,6.182999999999999829e+00,1.476562500000000000e+01
9.359947681427001953e+00,-2.005000000000000071e+01,5.954000000000000625e+00,1.652343750000000000e+01
9.407946109771728516e+00,-1.860999999999999943e+01,5.496000000000000441e+00,1.819335937500000000e+01
9.455950736999511719e+00,-1.910000000000000142e+01,5.267000000000000348e+00,1.968750000000000000e+01
9.504442453384399414e+00,-1.751000000000000156e+01,5.038000000000000256e+00,2.118164062500000000e+01
9.552556514739990234e+00,-1.432000000000000028e+01,4.121999999999999886e+00,2.250000000000000000e+01
9.600508451461791992e+00,-1.660999999999999943e+01,3.893000000000000238e+00,2.355468750000000000e+01
9.648568153381347656e+00,-1.428999999999999915e+01,3.205999999999999961e+00,2.460937500000000000e+01
9.696761846542358398e+00,-1.410999999999999943e+01,2.748000000000000220e+00,2.540039062500000000e+01
9.744552373886108398e+00,-1.023000000000000043e+01,1.602999999999999980e+00,2.592773437500000000e+01
9.792461156845092773e+00,-9.369999999999999218e+00,9.160000000000000364e-01,2.627929687500000000e+01
9.840633869171142578e+00,-9.220000000000000639e+00,4.580000000000000182e-01,2.654296875000000000e+01
9.888500213623046875e+00,-7.410000000000000142e+00,0.000000000000000000e+00,2.654296875000000000e+01
9.936520099639892578e+00,-7.160000000000000142e+00,0.000000000000000000e+00,2.654296875000000000e+01
9.984357833862304688e+00,9.499999999999999556e-01,-1.145000000000000018e+00,2.627929687500000000e+01
1.003249549865722656e+01,-2.160000000000000142e+00,-2.060999999999999943e+00,2.566406250000000000e+01
1.008052539825439453e+01,-4.120000000000000107e+00,-2.519000000000000128e+00,2.487304687500000000e+01
1.012802886962890625e+01,-1.199999999999999956e-01,-3.205999999999999961e+00,2.390625000000000000e+01
1.017595148086547852e+01,8.800000000000000044e-01,-3.893000000000000238e+00,2.276367187500000000e+01
1.022391390800476074e+01,1.020000000000000018e+00,-4.350999999999999979e+00,2.153320312500000000e+01
1.027192473411560059e+01,4.259999999999999787e+00,-5.038000000000000256e+00,2.012695312500000000e+01
1.031995892524719238e+01,4.559999999999999609e+00,-5.267000000000000348e+00,1.854492187500000000e+01
1.036792278289794922e+01,6.139999999999999680e+00,-5.496000000000000441e+00,1.696289062500000000e+01
1.041591835021972656e+01,9.080000000000000071e+00,-5.954000000000000625e+00,1.520507812500000000e+01
1.046390843391418457e+01,8.550000000000000711e+00,-6.411999999999999922e+00,1.327148437500000000e+01
1.051189589500427246e+01,9.800000000000000711e+00,-6.411999999999999922e+00,1.142578125000000000e+01
1.055990409851074219e+01,1.198000000000000043e+01,-6.641000000000000014e+00,9.404296875000000000e+00
1.060792684555053711e+01,1.141999999999999993e+01,-7.099000000000000199e+00,7.382812500000000000e+00
1.065591144561767578e+01,9.650000000000000355e+00,-6.641000000000000014e+00,5.537109375000000000e+00
1.070389199256896973e+01,1.214000000000000057e+01,-6.411999999999999922e+00,3.515625000000000000e+00
1.075191617012023926e+01,1.823999999999999844e+01,-6.411999999999999922e+00,1.669921875000000000e+00
1.079991149902343750e+01,2.208999999999999986e+01,-6.182999999999999829e+00,-1.757812500000000000e-01
1.084788680076599121e+01,2.019000000000000128e+01,-5.725000000000000533e+00,-1.933593750000000000e+00
1.089588403701782227e+01,2.742000000000000171e+01,-5.725000000000000533e+00,-3.603515625000000000e+00
1.094389748573303223e+01,2.787999999999999901e+01,-5.496000000000000441e+00,-5.185546875000000000e+00
1.099187517166137695e+01,2.755000000000000071e+01,-4.809000000000000163e+00,-6.591796875000000000e+00
1.103987836837768555e+01,3.130999999999999872e+01,-4.580000000000000071e+00,-7.998046875000000000e+00
1.108788704872131348e+01,2.732999999999999829e+01,-4.121999999999999886e+00,-9.140625000000000000e+00
1.113589119911193848e+01,2.723000000000000043e+01,-3.435000000000000053e+00,-1.019531250000000000e+01
1.118388867378234863e+01,2.494000000000000128e+01,-2.519000000000000128e+00,-1.098632812500000000e+01
1.123190140724182129e+01,2.426999999999999957e+01,-2.060999999999999943e+00,-1.160156250000000000e+01
1.127989220619201660e+01,2.033999999999999986e+01,-1.374000000000000110e+00,-1.204101562500000000e+01
1.132790446281433105e+01,2.082000000000000028e+01,-6.870000000000000551e-01,-1.230468750000000000e+01
1.137587857246398926e+01,1.848999999999999844e+01,0.000000000000000000e+00,-1.230468750000000000e+01
1.142387366294860840e+01,1.837000000000000099e+01,0.000000000000000000e+00,-1.230468750000000000e+01
1.147193861007690430e+01,1.616000000000000014e+01,2.290000000000000091e-01,-1.221679687500000000e+01
1.151996564865112305e+01,8.539999999999999147e+00,1.832000000000000073e+00,-1.168945312500000000e+01
1.156798148155212402e+01,1.206000000000000050e+01,2.519000000000000128e+00,-1.098632812500000000e+01
1.161592221260070801e+01,9.419999999999999929e+00,2.748000000000000220e+00,-1.019531250000000000e+01
1.166397643089294434e+01,3.729999999999999982e+00,3.664000000000000146e+00,-9.140625000000000000e+00
1.171186971664428711e+01,2.600000000000000089e+00,4.121999999999999886e+00,-7.998046875000000000e+00
1.175986671447753906e+01,-2.109999999999999876e+00,4.809000000000000163e+00,-6.591796875000000000e+00
1.180787420272827148e+01,-4.219999999999999751e+00,5.267000000000000348e+00,-5.009765625000000000e+00
1.185586690902709961e+01,-5.330000000000000071e+00,5.496000000000000441e+00,-3.427734375000000000e+00
1.190388178825378418e+01,-1.008999999999999986e+01,5.954000000000000625e+00,-1.669921875000000000e+00
1.195188760757446289e+01,-1.126999999999999957e+01,6.411999999999999922e+00,2.636718750000000000e-01
1.199987721443176270e+01,-1.083000000000000007e+01,6.641000000000000014e+00,2.197265625000000000e+00
1.204787230491638184e+01,-1.118999999999999950e+01,6.182999999999999829e+00,4.042968750000000000e+00
1.209589290618896484e+01,-1.459999999999999964e+01,6.641000000000000014e+00,5.976562500000000000e+00
1.214391136169433594e+01,-1.258000000000000007e+01,6.870000000000000107e+00,7.998046875000000000e+00
1.219186162948608398e+01,-1.242999999999999972e+01,6.870000000000000107e+00,9.931640625000000000e+00
1.223985219001770020e+01,-1.389000000000000057e+01,6.641000000000000014e+00,1.195312500000000000e+01
1.228841614723205566e+01,-1.605000000000000071e+01,6.411999999999999922e+00,1.379882812500000000e+01
1.233641529083251953e+01,-1.478999999999999915e+01,6.182999999999999829e+00,1.564453125000000000e+01
1.238425564765930176e+01,-1.746000000000000085e+01,5.725000000000000533e+00,1.731445312500000000e+01
1.243254804611206055e+01,-1.596000000000000085e+01,5.267000000000000348e+00,1.889648437500000000e+01
1.248038792610168457e+01,-1.607999999999999829e+01,5.038000000000000256e+00,2.047851562500000000e+01
1.252831292152404785e+01,-1.685000000000000142e+01,4.580000000000000071e+00,2.179687500000000000e+01
1.257626438140869141e+01,-1.596000000000000085e+01,3.893000000000000238e+00,2.302734375000000000e+01
1.262431907653808594e+01,-1.630000000000000071e+01,3.664000000000000146e+00,2.408203125000000000e+01
1.267242074012756348e+01,-1.477999999999999936e+01,2.977000000000000313e+00,2.504882812500000000e+01
1.272033381462097168e+01,-1.075999999999999979e+01,2.290000000000000036e+00,2.566406250000000000e+01
1.276848840713500977e+01,-9.970000000000000639e+00,1.374000000000000110e+00,2.619140625000000000e+01
1.281645107269287109e+01,-7.879999999999999893e+00,6.870000000000000551e-01,2.636718750000000000e+01
1.286455583572387695e+01,-8.560000000000000497e+00,2.290000000000000091e-01,2.654296875000000000e+01
1.291181635856628418e+01,-5.490000000000000213e+00,0.000000000000000000e+00,2.663085937500000000e+01
1.295985054969787598e+01,1.350000000000000089e+00,-6.870000000000000551e-01,2.645507812500000000e+01
1.300782299041748047e+01,-9.000000000000000222e-01,-1.602999999999999980e+00,2.592773437500000000e+01
1.305597829818725586e+01,-4.389999999999999680e+00,-2.290000000000000036e+00,2.522460937500000000e+01
1.310394811630249023e+01,-1.560000000000000053e+00,-2.748000000000000220e+00,2.443359375000000000e+01
1.315195226669311523e+01,-1.199999999999999956e+00,-3.435000000000000053e+00,2.337890625000000000e+01
1.319993567466735840e+01,8.499999999999999778e-01,-3.893000000000000238e+00,2.223632812500000000e+01
1.324785614013671875e+01,2.310000000000000053e+00,-4.580000000000000071e+00,2.091796875000000000e+01
1.329584050178527832e+01,4.879999999999999893e+00,-5.038000000000000256e+00,1.933593750000000000e+01
1.334381628036499023e+01,5.650000000000000355e+00,-5.267000000000000348e+00,1.775390625000000000e+01
1.339182019233703613e+01,7.620000000000000107e+00,-5.954000000000000625e+00,1.608398437500000000e+01
1.343983054161071777e+01,8.000000000000000000e+00,-6.182999999999999829e+00,1.423828125000000000e+01
1.348784947395324707e+01,8.539999999999999147e+00,-6.411999999999999922e+00,1.239257812500000000e+01
1.353581953048706055e+01,1.076999999999999957e+01,-6.641000000000000014e+00,1.045898437500000000e+01
1.358382153511047363e+01,1.075999999999999979e+01,-6.870000000000000107e+00,8.437500000000000000e+00
1.363180041313171387e+01,1.051999999999999957e+01,-6.870000000000000107e+00,6.503906250000000000e+00
1.367981791496276855e+01,1.083000000000000007e+01,-6.870000000000000107e+00,4.482421875000000000e+00
1.372783851623535156e+01,1.468999999999999950e+01,-6.411999999999999922e+00,2.636718750000000000e+00
1.377580857276916504e+01,1.871000000000000085e+01,-6.411999999999999922e+00,7.031250000000000000e-01
1.382381558418273926e+01,1.921999999999999886e+01,-5.954000000000000625e+00,-1.054687500000000000e+00
1.387180757522583008e+01,2.335999999999999943e+01,-5.725000000000000533e+00,-2.724609375000000000e+00
1.391982316970825195e+01,2.787999999999999901e+01,-5.496000000000000441e+00,-4.394531250000000000e+00
1.396781086921691895e+01,2.585999999999999943e+01,-5.038000000000000256e+00,-5.976562500000000000e+00
1.401580214500427246e+01,3.021000000000000085e+01,-4.580000000000000071e+00,-7.294921875000000000e+00
1.406379032135009766e+01,2.967000000000000171e+01,-4.350999999999999979e+00,-8.525390625000000000e+00
1.411179637908935547e+01,2.666000000000000014e+01,-3.893000000000000238e+00,-9.667968750000000000e+00
1.415980172157287598e+01,2.651000000000000156e+01,-2.977000000000000313e+00,-1.054687500000000000e+01
1.420780086517333984e+01,2.526000000000000156e+01,-2.290000000000000036e+00,-1.133789062500000000e+01
1.425579905509948730e+01,2.319000000000000128e+01,-1.602999999999999980e+00,-1.186523437500000000e+01
1.430439782142639160e+01,2.121999999999999886e+01,-9.160000000000000364e-01,-1.221679687500000000e+01
1.435289740562438965e+01,1.876000000000000156e+01,0.000000000000000000e+00,-1.230468750000000000e+01
1.440034675598144531e+01,1.914999999999999858e+01,0.000000000000000000e+00,-1.230468750000000000e+01
1.444835615158081055e+01,1.741000000000000014e+01,2.290000000000000091e-01,-1.230468750000000000e+01
1.449654126167297363e+01,9.990000000000000213e+00,1.374000000000000110e+00,-1.186523437500000000e+01
1.454444122314453125e+01,1.324000000000000021e+01,2.060999999999999943e+00,-1.125000000000000000e+01
1.459242010116577148e+01,1.098000000000000043e+01,2.290000000000000036e+00,-1.054687500000000000e+01
1.464053273200988770e+01,3.939999999999999947e+00,3.435000000000000053e+00,-9.580078125000000000e+00
1.468831944465637207e+01,3.879999999999999893e+00,4.121999999999999886e+00,-8.437500000000000000e+00
1.473639702796936035e+01,1.400000000000000133e-01,4.350999999999999979e+00,-7.207031250000000000e+00
1.478449535369873047e+01,-8.499999999999999778e-01,4.809000000000000163e+00,-5.712890625000000000e+00
1.483240604400634766e+01,-5.360000000000000320e+00,5.267000000000000348e+00,-4.218750000000000000e+00
1.488013386726379395e+01,-8.369999999999999218e+00,5.725000000000000533e+00,-2.460937500000000000e+00
1.492778515815734863e+01,-7.830000000000000071e+00,6.182999999999999829e+00,-7.031250000000000000e-01
1.497577857971191406e+01,-1.165000000000000036e+01,6.641000000000000014e+00,1.142578125000000000e+00
1.502376890182495117e+01,-1.078999999999999915e+01,6.411999999999999922e+00,3.164062500000000000e+00
1.507219982147216797e+01,-1.172000000000000064e+01,6.411999999999999922e+00,5.009765625000000000e+00
1.512023758888244629e+01,-1.250999999999999979e+01,6.641000000000000014e+00,6.943359375000000000e+00
1.516813588142395020e+01,-1.158000000000000007e+01,6.870000000000000107e+00,8.964843750000000000e+00
1.521620345115661621e+01,-1.403999999999999915e+01,6.870000000000000107e+00,1.089843750000000000e+01
1.526423811912536621e+01,-1.432000000000000028e+01,6.641000000000000014e+00,1.283203125000000000e+01
1.531223034858703613e+01,-1.551999999999999957e+01,6.182999999999999829e+00,1.467773437500000000e+01
1.536012220382690430e+01,-1.903000000000000114e+01,5.954000000000000625e+00,1.652343750000000000e+01
1.540812420845031738e+01,-1.853000000000000114e+01,5.496000000000000441e+00,1.819335937500000000e+01
1.545615077018737793e+01,-1.907000000000000028e+01,5.267000000000000348e+00,1.968750000000000000e+01
1.550430774688720703e+01,-1.735000000000000142e+01,5.038000000000000256e+00,2.118164062500000000e+01
1.555215930938720703e+01,-1.419999999999999929e+01,4.121999999999999886e+00,2.241210937500000000e+01
1.560022687911987305e+01,-1.839999999999999858e+01,3.664000000000000146e+00,2.355468750000000000e+01
1.564775729179382324e+01,-1.542999999999999972e+01,3.205999999999999961e+00,2.452148437500000000e+01
1.569574451446533203e+01,-1.465000000000000036e+01,2.748000000000000220e+00,2.540039062500000000e+01
1.574375581741333008e+01,-8.869999999999999218e+00,1.832000000000000073e+00,2.601562500000000000e+01
1.579174685478210449e+01,-8.830000000000000071e+00,9.160000000000000364e-01,2.627929687500000000e+01
1.583974552154541016e+01,-7.860000000000000320e+00,4.580000000000000182e-01,2.654296875000000000e+01
1.588774919509887695e+01,-6.830000000000000071e+00,0.000000000000000000e+00,2.663085937500000000e+01
1.593575167655944824e+01,-4.370000000000000107e+00,0.000000000000000000e+00,2.654296875000000000e+01
1.598376345634460449e+01,2.020000000000000018e+00,-1.145000000000000018e+00,2.627929687500000000e+01
1.603173732757568359e+01,-1.479999999999999982e+00,-2.060999999999999943e+00,2.566406250000000000e+01
1.607974767684936523e+01,-1.399999999999999911e+00,-2.519000000000000128e+00,2.496093750000000000e+01
1.612778759002685547e+01,1.189999999999999947e+00,-3.205999999999999961e+00,2.390625000000000000e+01
1.617581796646118164e+01,-6.300000000000000044e-01,-3.893000000000000238e+00,2.276367187500000000e+01
1.622379112243652344e+01,1.370000000000000107e+00,-4.350999999999999979e+00,2.153320312500000000e+01
1.627182030677795410e+01,4.570000000000000284e+00,-5.038000000000000256e+00,2.012695312500000000e+01
1.631982898712158203e+01,3.990000000000000213e+00,-5.267000000000000348e+00,1.854492187500000000e+01
1.636775135993957520e+01,6.429999999999999716e+00,-5.496000000000000441e+00,1.696289062500000000e+01
1.641582131385803223e+01,7.750000000000000000e+00,-5.954000000000000625e+00,1.529296875000000000e+01
1.646372723579406738e+01,8.449999999999999289e+00,-6.182999999999999829e+00,1.344726562500000000e+01
1.651172590255737305e+01,9.669999999999999929e+00,-6.411999999999999922e+00,1.151367187500000000e+01
1.655971860885620117e+01,1.161999999999999922e+01,-6.870000000000000107e+00,9.492187500000000000e+00
1.660773587226867676e+01,9.349999999999999645e+00,-6.870000000000000107e+00,7.470703125000000000e+00
1.665572047233581543e+01,8.320000000000000284e+00,-6.641000000000000014e+00,5.537109375000000000e+00
1.670371246337890625e+01,1.108999999999999986e+01,-6.641000000000000014e+00,3.603515625000000000e+00
1.675171375274658203e+01,1.599000000000000021e+01,-6.411999999999999922e+00,1.669921875000000000e+00
1.679969668388366699e+01,1.978000000000000114e+01,-6.182999999999999829e+00,-1.757812500000000000e-01
1.684771060943603516e+01,1.889000000000000057e+01,-5.954000000000000625e+00,-1.933593750000000000e+00
1.689570379257202148e+01,2.535999999999999943e+01,-5.725000000000000533e+00,-3.691406250000000000e+00
1.694370150566101074e+01,2.501000000000000156e+01,-5.496000000000000441e+00,-5.273437500000000000e+00
1.699170112609863281e+01,2.610000000000000142e+01,-4.809000000000000163e+00,-6.679687500000000000e+00
1.703971219062805176e+01,2.937000000000000099e+01,-4.580000000000000071e+00,-7.998046875000000000e+00
1.708768916130065918e+01,2.712000000000000099e+01,-4.121999999999999886e+00,-9.140625000000000000e+00
1.713570809364318848e+01,2.755000000000000071e+01,-3.205999999999999961e+00,-1.019531250000000000e+01
1.718369388580322266e+01,2.662000000000000099e+01,-2.519000000000000128e+00,-1.089843750000000000e+01
1.723171663284301758e+01,2.607000000000000028e+01,-2.060999999999999943e+00,-1.160156250000000000e+01
1.727972149848937988e+01,2.230999999999999872e+01,-1.145000000000000018e+00,-1.204101562500000000e+01
1.732769942283630371e+01,2.085000000000000142e+01,-4.580000000000000182e-01,-1.221679687500000000e+01
1.737568712234497070e+01,1.862999999999999901e+01,0.000000000000000000e+00,-1.230468750000000000e+01
1.742370128631591797e+01,1.803000000000000114e+01,0.000000000000000000e+00,-1.230468750000000000e+01
1.747169184684753418e+01,1.225999999999999979e+01,4.580000000000000182e-01,-1.221679687500000000e+01
1.751969742774963379e+01,6.559999999999999609e+00,1.832000000000000073e+00,-1.168945312500000000e+01
1.756767892837524414e+01,9.880000000000000782e+00,2.519000000000000128e+00,-1.098632812500000000e+01
1.761570024490356445e+01,5.049999999999999822e+00,2.748000000000000220e+00,-1.010742187500000000e+01
1.766372346878051758e+01,4.400000000000000022e-01,3.664000000000000146e+00,-9.140625000000000000e+00
1.771175289154052734e+01,2.060000000000000053e+00,4.350999999999999979e+00,-7.910156250000000000e+00
1.775977540016174316e+01,-1.350000000000000089e+00,4.809000000000000163e+00,-6.503906250000000000e+00
1.780779528617858887e+01,-2.859999999999999876e+00,5.038000000000000256e+00,-5.009765625000000000e+00
1.785577845573425293e+01,-5.290000000000000036e+00,5.267000000000000348e+00,-3.427734375000000000e+00
1.790375852584838867e+01,-1.022000000000000064e+01,5.954000000000000625e+00,-1.669921875000000000e+00
1.795172119140625000e+01,-1.050000000000000000e+01,6.411999999999999922e+00,2.636718750000000000e-01
1.799966955184936523e+01,-1.014000000000000057e+01,6.641000000000000014e+00,2.109375000000000000e+00
1.804767036437988281e+01,-1.051999999999999957e+01,6.411999999999999922e+00,4.042968750000000000e+00
1.809605741500854492e+01,-1.358999999999999986e+01,6.641000000000000014e+00,5.976562500000000000e+00
1.814403843879699707e+01,-1.141000000000000014e+01,6.870000000000000107e+00,7.998046875000000000e+00
1.819211816787719727e+01,-1.200000000000000000e+01,6.870000000000000107e+00,9.931640625000000000e+00
1.824009203910827637e+01,-1.321000000000000085e+01,6.641000000000000014e+00,1.195312500000000000e+01
1.828804659843444824e+01,-1.460999999999999943e+01,6.411999999999999922e+00,1.379882812500000000e+01
1.833604812622070312e+01,-1.744000000000000128e+01,6.182999999999999829e+00,1.564453125000000000e+01
1.838401770591735840e+01,-1.444999999999999929e+01,5.725000000000000533e+00,1.731445312500000000e+01
1.843201136589050293e+01,-1.762999999999999901e+01,5.267000000000000348e+00,1.889648437500000000e+01
1.848007631301879883e+01,-1.925000000000000000e+01,5.267000000000000348e+00,2.039062500000000000e+01
1.852803921699523926e+01,-1.669000000000000128e+01,4.580000000000000071e+00,2.179687500000000000e+01
1.857601642608642578e+01,-1.860000000000000142e+01,4.121999999999999886e+00,2.302734375000000000e+01
1.862406754493713379e+01,-1.798000000000000043e+01,3.664000000000000146e+00,2.408203125000000000e+01
1.867164087295532227e+01,-1.698000000000000043e+01,2.977000000000000313e+00,2.504882812500000000e+01
1.871964120864868164e+01,-1.234999999999999964e+01,2.060999999999999943e+00,2.566406250000000000e+01
1.876763796806335449e+01,-9.509999999999999787e+00,1.374000000000000110e+00,2.619140625000000000e+01
1.881566715240478516e+01,-7.950000000000000178e+00,6.870000000000000551e-01,2.636718750000000000e+01
1.886365175247192383e+01,-8.550000000000000711e+00,2.290000000000000091e-01,2.654296875000000000e+01
1.891165542602539062e+01,-5.049999999999999822e+00,0.000000000000000000e+00,2.663085937500000000e+01
1.895965051651000977e+01,1.310000000000000053e+00,-6.870000000000000551e-01,2.636718750000000000e+01
1.900765442848205566e+01,-1.550000000000000044e+00,-1.832000000000000073e+00,2.592773437500000000e+01
1.905564856529235840e+01,-3.040000000000000036e+00,-2.290000000000000036e+00,2.522460937500000000e+01
1.910364174842834473e+01,8.000000000000000167e-02,-2.748000000000000220e+00,2.443359375000000000e+01
1.915164232254028320e+01,1.610000000000000098e+00,-3.435000000000000053e+00,2.337890625000000000e+01
1.919964313507080078e+01,2.899999999999999911e+00,-3.893000000000000238e+00,2.223632812500000000e+01
1.924771642684936523e+01,2.450000000000000178e+00,-4.580000000000000071e+00,2.091796875000000000e+01
1.929576325416564941e+01,5.309999999999999609e+00,-5.267000000000000348e+00,1.942382812500000000e+01
1.934372663497924805e+01,4.750000000000000000e+00,-5.267000000000000348e+00,1.784179687500000000e+01
1.939177775382995605e+01,6.860000000000000320e+00,-5.725000000000000533e+00,1.608398437500000000e+01
1.943972110748291016e+01,7.410000000000000142e+00,-6.182999999999999829e+00,1.423828125000000000e+01
1.948774528503417969e+01,7.839999999999999858e+00,-6.411999999999999922e+00,1.239257812500000000e+01
1.953567528724670410e+01,1.034999999999999964e+01,-6.641000000000000014e+00,1.045898437500000000e+01
1.958363795280456543e+01,1.002999999999999936e+01,-6.870000000000000107e+00,8.525390625000000000e+00
1.963161659240722656e+01,1.055000000000000071e+01,-6.870000000000000107e+00,6.503906250000000000e+00
1.967964434623718262e+01,1.127999999999999936e+01,-6.870000000000000107e+00,4.482421875000000000e+00
1.972762775421142578e+01,1.283999999999999986e+01,-6.641000000000000014e+00,2.548828125000000000e+00
1.977562260627746582e+01,1.794000000000000128e+01,-6.411999999999999922e+00,6.152343750000000000e-01
1.982362103462219238e+01,1.742999999999999972e+01,-5.954000000000000625e+00,-1.142578125000000000e+00
1.987163662910461426e+01,2.162999999999999901e+01,-5.725000000000000533e+00,-2.812500000000000000e+00
1.991964483261108398e+01,2.717000000000000171e+01,-5.725000000000000533e+00,-4.482421875000000000e+00
1.996766757965087891e+01,2.301999999999999957e+01,-4.809000000000000163e+00,-5.976562500000000000e+00
2.001602768898010254e+01,3.012000000000000099e+01,-4.580000000000000071e+00,-7.294921875000000000e+00
2.006397485733032227e+01,2.898999999999999844e+01,-4.350999999999999979e+00,-8.525390625000000000e+00
2.011201596260070801e+01,2.685000000000000142e+01,-3.664000000000000146e+00,-9.667968750000000000e+00
2.015997338294982910e+01,2.730999999999999872e+01,-2.977000000000000313e+00,-1.054687500000000000e+01
2.020798850059509277e+01,2.442000000000000171e+01,-2.290000000000000036e+00,-1.125000000000000000e+01
2.025594902038574219e+01,2.342000000000000171e+01,-1.602999999999999980e+00,-1.186523437500000000e+01
2.030399107933044434e+01,1.982000000000000028e+01,-9.160000000000000364e-01,-1.221679687500000000e+01
2.035230302810668945e+01,1.801999999999999957e+01,0.000000000000000000e+00,-1.230468750000000000e+01
2.040038585662841797e+01,1.885000000000000142e+01,0.000000000000000000e+00,-1.230468750000000000e+01
2.044839501380920410e+01,1.762000000000000099e+01,0.000000000000000000e+00,-1.230468750000000000e+01
2.049623370170593262e+01,9.619999999999999218e+00,1.374000000000000110e+00,-1.186523437500000000e+01
2.054404735565185547e+01,1.316999999999999993e+01,2.060999999999999943e+00,-1.125000000000000000e+01
2.059162664413452148e+01,7.849999999999999645e+00,2.290000000000000036e+00,-1.054687500000000000e+01
2.063959097862243652e+01,1.100000000000000089e+00,3.205999999999999961e+00,-9.667968750000000000e+00
2.068759441375732422e+01,1.540000000000000036e+00,4.121999999999999886e+00,-8.437500000000000000e+00
2.073557829856872559e+01,-2.419999999999999929e+00,4.350999999999999979e+00,-7.207031250000000000e+00
2.078371787071228027e+01,-1.250000000000000000e+00,4.809000000000000163e+00,-5.800781250000000000e+00
2.083160233497619629e+01,-7.759999999999999787e+00,5.496000000000000441e+00,-4.218750000000000000e+00
2.087967705726623535e+01,-7.870000000000000107e+00,5.725000000000000533e+00,-2.460937500000000000e+00
2.092766284942626953e+01,-7.740000000000000213e+00,6.182999999999999829e+00,-7.031250000000000000e-01
2.097569966316223145e+01,-1.025000000000000000e+01,6.411999999999999922e+00,1.142578125000000000e+00
2.102370619773864746e+01,-1.191000000000000014e+01,6.641000000000000014e+00,3.076171875000000000e+00
2.107204651832580566e+01,-1.059999999999999964e+01,6.411999999999999922e+00,4.921875000000000000e+00
2.112004303932189941e+01,-1.133000000000000007e+01,6.641000000000000014e+00,6.855468750000000000e+00
2.116794204711914062e+01,-1.226999999999999957e+01,6.870000000000000107e+00,8.789062500000000000e+00
2.121593213081359863e+01,-1.363000000000000078e+01,6.870000000000000107e+00,1.089843750000000000e+01
2.126398706436157227e+01,-1.383999999999999986e+01,6.641000000000000014e+00,1.283203125000000000e+01
2.131197738647460938e+01,-1.593999999999999950e+01,6.182999999999999829e+00,1.467773437500000000e+01
2.135993289947509766e+01,-1.905999999999999872e+01,5.954000000000000625e+00,1.652343750000000000e+01
2.140798425674438477e+01,-1.892999999999999972e+01,5.496000000000000441e+00,1.810546875000000000e+01
2.145599079132080078e+01,-1.851999999999999957e+01,5.267000000000000348e+00,1.968750000000000000e+01
2.150397801399230957e+01,-1.982000000000000028e+01,5.038000000000000256e+00,2.118164062500000000e+01
2.155192160606384277e+01,-1.783999999999999986e+01,4.121999999999999886e+00,2.241210937500000000e+01
2.159998536109924316e+01,-1.821000000000000085e+01,3.664000000000000146e+00,2.355468750000000000e+01
2.164797115325927734e+01,-1.477999999999999936e+01,3.205999999999999961e+00,2.452148437500000000e+01
2.169555521011352539e+01,-1.361999999999999922e+01,2.748000000000000220e+00,2.540039062500000000e+01
2.174355530738830566e+01,-8.679999999999999716e+00,1.602999999999999980e+00,2.601562500000000000e+01
2.179154920578002930e+01,-8.480000000000000426e+00,9.160000000000000364e-01,2.627929687500000000e+01
2.183955764770507812e+01,-7.959999999999999964e+00,4.580000000000000182e-01,2.654296875000000000e+01
2.188757610321044922e+01,-6.919999999999999929e+00,0.000000000000000000e+00,2.654296875000000000e+01
2.193556785583496094e+01,-4.509999999999999787e+00,0.000000000000000000e+00,2.654296875000000000e+01
2.198356938362121582e+01,1.989999999999999991e+00,-1.145000000000000018e+00,2.627929687500000000e+01
2.203156805038452148e+01,-1.879999999999999893e+00,-2.060999999999999943e+00,2.566406250000000000e+01
2.207955288887023926e+01,-1.939999999999999947e+00,-2.519000000000000128e+00,2.487304687500000000e+01
2.212754535675048828e+01,1.250000000000000000e+00,-3.205999999999999961e+00,2.390625000000000000e+01
2.217554759979248047e+01,9.100000000000000311e-01,-3.893000000000000238e+00,2.276367187500000000e+01
2.222354960441589355e+01,3.569999999999999840e+00,-4.350999999999999979e+00,2.153320312500000000e+01
2.227155160903930664e+01,6.389999999999999680e+00,-5.038000000000000256e+00,2.012695312500000000e+01
2.231955122947692871e+01,6.580000000000000071e+00,-5.267000000000000348e+00,1.854492187500000000e+01
2.236755299568176270e+01,9.820000000000000284e+00,-5.496000000000000441e+00,1.696289062500000000e+01
2.241554975509643555e+01,1.066000000000000014e+01,-5.954000000000000625e+00,1.520507812500000000e+01
2.246359992027282715e+01,7.990000000000000213e+00,-6.182999999999999829e+00,1.335937500000000000e+01
2.251159787178039551e+01,1.375999999999999979e+01,-6.641000000000000014e+00,1.151367187500000000e+01
2.255961680412292480e+01,1.000999999999999979e+01,-6.870000000000000107e+00,9.492187500000000000e+00
2.260763311386108398e+01,9.160000000000000142e+00,-6.870000000000000107e+00,7.470703125000000000e+00
2.265554428100585938e+01,8.339999999999999858e+00,-6.641000000000000014e+00,5.537109375000000000e+00
2.270353341102600098e+01,1.068999999999999950e+01,-6.641000000000000014e+00,3.515625000000000000e+00
2.275152921676635742e+01,1.619000000000000128e+01,-6.411999999999999922e+00,1.669921875000000000e+00
2.279951739311218262e+01,1.957999999999999829e+01,-6.411999999999999922e+00,-1.757812500000000000e-01
2.284752655029296875e+01,1.678999999999999915e+01,-5.725000000000000533e+00,-1.933593750000000000e+00
2.289550900459289551e+01,2.376000000000000156e+01,-5.496000000000000441e+00,-3.603515625000000000e+00
2.294352102279663086e+01,2.533999999999999986e+01,-5.496000000000000441e+00,-5.185546875000000000e+00
2.299150753021240234e+01,2.360000000000000142e+01,-4.809000000000000163e+00,-6.679687500000000000e+00
2.303951764106750488e+01,2.919000000000000128e+01,-4.580000000000000071e+00,-7.998046875000000000e+00
2.308750820159912109e+01,2.569999999999999929e+01,-4.121999999999999886e+00,-9.140625000000000000e+00
2.313550543785095215e+01,2.700000000000000000e+01,-3.205999999999999961e+00,-1.019531250000000000e+01
2.318351817131042480e+01,2.596999999999999886e+01,-2.519000000000000128e+00,-1.098632812500000000e+01
2.323151707649230957e+01,2.535000000000000142e+01,-2.060999999999999943e+00,-1.160156250000000000e+01
2.327951955795288086e+01,2.121000000000000085e+01,-1.145000000000000018e+00,-1.204101562500000000e+01
2.332752180099487305e+01,2.042000000000000171e+01,-6.870000000000000551e-01,-1.221679687500000000e+01
2.337550592422485352e+01,1.730999999999999872e+01,0.000000000000000000e+00,-1.230468750000000000e+01
2.342350769042968750e+01,1.732999999999999829e+01,0.000000000000000000e+00,-1.230468750000000000e+01
2.347151947021484375e+01,1.324000000000000021e+01,2.290000000000000091e-01,-1.221679687500000000e+01
2.351951527595520020e+01,6.169999999999999929e+00,1.832000000000000073e+00,-1.177734375000000000e+01
2.356751060485839844e+01,9.980000000000000426e+00,2.519000000000000128e+00,-1.098632812500000000e+01
2.361549258232116699e+01,5.459999999999999964e+00,2.748000000000000220e+00,-1.010742187500000000e+01
2.366350698471069336e+01,-2.399999999999999911e-01,3.664000000000000146e+00,-9.052734375000000000e+00
2.371150588989257812e+01,-8.000000000000000444e-01,4.350999999999999979e+00,-7.910156250000000000e+00
2.375950741767883301e+01,-4.070000000000000284e+00,4.809000000000000163e+00,-6.503906250000000000e+00
2.380750131607055664e+01,-5.480000000000000426e+00,5.267000000000000348e+00,-5.009765625000000000e+00
2.385554480552673340e+01,-4.740000000000000213e+00,5.496000000000000441e+00,-3.427734375000000000e+00
2.390362739562988281e+01,-9.269999999999999574e+00,5.954000000000000625e+00,-1.669921875000000000e+00
2.395158958435058594e+01,-9.240000000000000213e+00,6.411999999999999922e+00,1.757812500000000000e-01
2.399955987930297852e+01,-9.880000000000000782e+00,6.411999999999999922e+00,2.109375000000000000e+00
2.404754257202148438e+01,-9.650000000000000355e+00,6.182999999999999829e+00,3.955078125000000000e+00
2.409603643417358398e+01,-1.601999999999999957e+01,7.328000000000000291e+00,5.976562500000000000e+00
2.414387798309326172e+01,-2.864000000000000057e+01,1.030499999999999972e+01,8.964843750000000000e+00
2.419190549850463867e+01,-2.446000000000000085e+01,1.236599999999999966e+01,1.256835937500000000e+01
2.423986768722534180e+01,-2.253999999999999915e+01,1.236599999999999966e+01,1.617187500000000000e+01
2.428788757324218750e+01,-1.767999999999999972e+01,1.076299999999999990e+01,1.942382812500000000e+01
2.433587718009948730e+01,-1.871999999999999886e+01,9.160000000000000142e+00,2.214843750000000000e+01
2.438383650779724121e+01,-1.748000000000000043e+01,7.099000000000000199e+00,2.434570312500000000e+01
2.443183970451354980e+01,-1.250999999999999979e+01,4.580000000000000071e+00,2.575195312500000000e+01
2.447988629341125488e+01,-5.599999999999999645e+00,1.374000000000000110e+00,2.627929687500000000e+01
2.452795767784118652e+01,-1.023000000000000043e+01,-9.160000000000000364e-01,2.610351562500000000e+01
2.457591438293457031e+01,-2.500000000000000000e-01,-2.748000000000000220e+00,2.531250000000000000e+01
2.462384319305419922e+01,1.103999999999999915e+01,-5.496000000000000441e+00,2.381835937500000000e+01
2.467158174514770508e+01,1.336999999999999922e+01,-7.786000000000000476e+00,2.153320312500000000e+01
2.471947407722473145e+01,1.962999999999999901e+01,-1.030499999999999972e+01,1.854492187500000000e+01
2.476747107505798340e+01,1.903000000000000114e+01,-1.145000000000000107e+01,1.529296875000000000e+01
2.481547546386718750e+01,2.498000000000000043e+01,-1.236599999999999966e+01,1.168945312500000000e+01
2.486347961425781250e+01,2.876999999999999957e+01,-1.351100000000000101e+01,7.822265625000000000e+00
2.491145920753479004e+01,1.907000000000000028e+01,-1.328200000000000003e+01,3.779296875000000000e+00
2.495947575569152832e+01,2.553999999999999915e+01,-1.282399999999999984e+01,8.789062500000000000e-02
2.500749254226684570e+01,2.376999999999999957e+01,-1.167900000000000027e+01,-3.427734375000000000e+00
2.505546998977661133e+01,2.707999999999999829e+01,-1.007600000000000051e+01,-6.503906250000000000e+00
2.510346436500549316e+01,3.198999999999999844e+01,-8.243999999999999773e+00,-8.876953125000000000e+00
2.515146780014038086e+01,2.926000000000000156e+01,-5.954000000000000625e+00,-1.072265625000000000e+01
2.519946885108947754e+01,2.698000000000000043e+01,-2.977000000000000313e+00,-1.168945312500000000e+01
2.524744963645935059e+01,2.369999999999999929e+01,-4.580000000000000182e-01,-1.186523437500000000e+01
2.529544949531555176e+01,1.575000000000000000e+01,9.160000000000000364e-01,-1.168945312500000000e+01
2.534350943565368652e+01,2.779999999999999805e+00,3.435000000000000053e+00,-1.063476562500000000e+01
2.539146065711975098e+01,-4.509999999999999787e+00,6.641000000000000014e+00,-8.789062500000000000e+00
2.543947529792785645e+01,-1.175000000000000000e+01,8.701999999999999957e+00,-6.416015625000000000e+00
2.548754048347473145e+01,-1.483999999999999986e+01,1.053400000000000070e+01,-3.427734375000000000e+00
2.553554129600524902e+01,-2.119000000000000128e+01,1.190800000000000125e+01,8.789062500000000000e-02
2.558353853225708008e+01,-2.387000000000000099e+01,1.259500000000000064e+01,3.779296875000000000e+00
2.563152956962585449e+01,-2.655000000000000071e+01,1.305300000000000082e+01,7.646484375000000000e+00
2.567956328392028809e+01,-2.542999999999999972e+01,1.351100000000000101e+01,1.151367187500000000e+01
2.572745108604431152e+01,-2.001000000000000156e+01,1.305300000000000082e+01,1.529296875000000000e+01
2.577545595169067383e+01,-1.944999999999999929e+01,1.122100000000000009e+01,1.872070312500000000e+01
2.582346463203430176e+01,-1.992000000000000171e+01,9.618000000000000327e+00,2.162109375000000000e+01
2.587145996093750000e+01,-1.696000000000000085e+01,7.557000000000000384e+00,2.381835937500000000e+01
2.591945672035217285e+01,-1.814000000000000057e+01,5.267000000000000348e+00,2.548828125000000000e+01
2.596743893623352051e+01,-5.519999999999999574e+00,2.060999999999999943e+00,2.619140625000000000e+01
2.601542782783508301e+01,-8.990000000000000213e+00,-4.580000000000000182e-01,2.610351562500000000e+01
2.606342506408691406e+01,-6.370000000000000107e+00,-2.290000000000000036e+00,2.540039062500000000e+01
2.611142587661743164e+01,6.549999999999999822e+00,-4.580000000000000071e+00,2.416992187500000000e+01
2.615943980216979980e+01,1.266999999999999993e+01,-7.099000000000000199e+00,2.214843750000000000e+01
2.620743083953857422e+01,1.800000000000000000e+01,-9.618000000000000327e+00,1.933593750000000000e+01
2.625543355941772461e+01,2.017000000000000171e+01,-1.099200000000000088e+01,1.617187500000000000e+01
2.630342698097229004e+01,2.464000000000000057e+01,-1.236599999999999966e+01,1.256835937500000000e+01
2.635143303871154785e+01,2.835999999999999943e+01,-1.328200000000000003e+01,8.701171875000000000e+00
2.639941763877868652e+01,2.285999999999999943e+01,-1.351100000000000101e+01,4.833984375000000000e+00
2.644742441177368164e+01,2.075000000000000000e+01,-1.305300000000000082e+01,9.667968750000000000e-01
2.649543929100036621e+01,2.644000000000000128e+01,-1.190800000000000125e+01,-2.548828125000000000e+00
2.654342699050903320e+01,2.989999999999999858e+01,-1.076299999999999990e+01,-5.800781250000000000e+00
2.659143424034118652e+01,2.864999999999999858e+01,-8.701999999999999957e+00,-8.437500000000000000e+00
2.663940882682800293e+01,3.132999999999999829e+01,-6.641000000000000014e+00,-1.028320312500000000e+01
2.668742108345031738e+01,2.923999999999999844e+01,-3.664000000000000146e+00,-1.151367187500000000e+01
2.673541593551635742e+01,2.396000000000000085e+01,-9.160000000000000364e-01,-1.195312500000000000e+01
2.678339719772338867e+01,1.776999999999999957e+01,6.870000000000000551e-01,-1.177734375000000000e+01
2.683141136169433594e+01,6.570000000000000284e+00,2.748000000000000220e+00,-1.098632812500000000e+01
2.687939691543579102e+01,-3.560000000000000053e+00,5.725000000000000533e+00,-9.404296875000000000e+00
2.692739534378051758e+01,-1.027999999999999936e+01,8.015000000000000568e+00,-7.119140625000000000e+00
2.697538685798645020e+01,-1.828999999999999915e+01,1.007600000000000051e+01,-4.218750000000000000e+00
2.702349710464477539e+01,-2.012999999999999901e+01,1.145000000000000107e+01,-8.789062500000000000e-01
2.707149028778076172e+01,-2.592000000000000171e+01,1.282399999999999984e+01,2.900390625000000000e+00
2.712015819549560547e+01,-2.426999999999999957e+01,1.282399999999999984e+01,6.591796875000000000e+00
2.716808319091796875e+01,-2.421000000000000085e+01,1.328200000000000003e+01,1.045898437500000000e+01
2.721594381332397461e+01,-2.341000000000000014e+01,1.328200000000000003e+01,1.441406250000000000e+01
2.726380491256713867e+01,-1.873999999999999844e+01,1.167900000000000027e+01,1.784179687500000000e+01
2.731174111366271973e+01,-2.332999999999999829e+01,1.007600000000000051e+01,2.083007812500000000e+01
2.735972476005554199e+01,-1.851999999999999957e+01,8.015000000000000568e+00,2.329101562500000000e+01
2.740775394439697266e+01,-2.091000000000000014e+01,5.954000000000000625e+00,2.504882812500000000e+01
2.745580434799194336e+01,-1.164000000000000057e+01,2.519000000000000128e+00,2.601562500000000000e+01
2.750372767448425293e+01,-7.679999999999999716e+00,0.000000000000000000e+00,2.610351562500000000e+01
2.755174756050109863e+01,-6.910000000000000142e+00,-1.832000000000000073e+00,2.557617187500000000e+01
2.759977889060974121e+01,6.280000000000000249e+00,-3.664000000000000146e+00,2.460937500000000000e+01
2.764778280258178711e+01,1.297000000000000064e+01,-6.641000000000000014e+00,2.267578125000000000e+01
2.769574213027954102e+01,1.491999999999999993e+01,-8.931000000000000938e+00,2.012695312500000000e+01
2.774337744712829590e+01,1.891000000000000014e+01,-1.053400000000000070e+01,1.705078125000000000e+01
2.779139375686645508e+01,2.485999999999999943e+01,-1.213700000000000045e+01,1.353515625000000000e+01
2.783937311172485352e+01,2.746000000000000085e+01,-1.328200000000000003e+01,9.755859375000000000e+00
2.788738155364990234e+01,2.307999999999999829e+01,-1.374000000000000021e+01,5.800781250000000000e+00
2.793537092208862305e+01,2.117999999999999972e+01,-1.305300000000000082e+01,1.933593750000000000e+00
2.798336744308471680e+01,2.689999999999999858e+01,-1.236599999999999966e+01,-1.757812500000000000e+00
2.803135776519775391e+01,3.001000000000000156e+01,-1.122100000000000009e+01,-5.097656250000000000e+00
2.807936453819274902e+01,2.553000000000000114e+01,-9.160000000000000142e+00,-7.822265625000000000e+00
2.812737584114074707e+01,2.937000000000000099e+01,-7.328000000000000291e+00,-9.931640625000000000e+00
2.817535638809204102e+01,2.760999999999999943e+01,-4.350999999999999979e+00,-1.133789062500000000e+01
2.822336220741271973e+01,2.219999999999999929e+01,-1.374000000000000110e+00,-1.186523437500000000e+01
2.827136278152465820e+01,1.907000000000000028e+01,4.580000000000000182e-01,-1.177734375000000000e+01
2.831935858726501465e+01,1.119999999999999929e+01,2.519000000000000128e+00,-1.107421875000000000e+01
2.836735439300537109e+01,7.600000000000000089e-01,4.809000000000000163e+00,-9.755859375000000000e+00
2.841535902023315430e+01,-6.790000000000000036e+00,7.328000000000000291e+00,-7.734375000000000000e+00
2.846336174011230469e+01,-1.425999999999999979e+01,9.618000000000000327e+00,-5.009765625000000000e+00
2.851136255264282227e+01,-2.228000000000000114e+01,1.122100000000000009e+01,-1.757812500000000000e+00
2.855987644195556641e+01,-2.369999999999999929e+01,1.259500000000000064e+01,1.933593750000000000e+00
2.860809254646301270e+01,-2.150000000000000000e+01,1.259500000000000064e+01,5.712890625000000000e+00
2.865597915649414062e+01,-2.714999999999999858e+01,1.328200000000000003e+01,9.492187500000000000e+00
2.870392513275146484e+01,-2.373000000000000043e+01,1.351100000000000101e+01,1.344726562500000000e+01
2.875213456153869629e+01,-2.017999999999999972e+01,1.213700000000000045e+01,1.705078125000000000e+01
2.879990553855895996e+01,-2.226999999999999957e+01,1.030499999999999972e+01,2.012695312500000000e+01
2.884774947166442871e+01,-2.083999999999999986e+01,8.473000000000000753e+00,2.267578125000000000e+01
2.889568328857421875e+01,-1.976000000000000156e+01,6.411999999999999922e+00,2.460937500000000000e+01
2.894370818138122559e+01,-1.515000000000000036e+01,3.435000000000000053e+00,2.583984375000000000e+01
2.899174118041992188e+01,-6.700000000000000178e+00,6.870000000000000551e-01,2.610351562500000000e+01
2.903970193862915039e+01,-1.008999999999999986e+01,-9.160000000000000364e-01,2.592773437500000000e+01
2.908773708343505859e+01,3.759999999999999787e+00,-2.977000000000000313e+00,2.513671875000000000e+01
2.913573241233825684e+01,1.301999999999999957e+01,-6.182999999999999829e+00,2.337890625000000000e+01
2.918333077430725098e+01,1.000999999999999979e+01,-8.473000000000000753e+00,2.091796875000000000e+01
2.923133850097656250e+01,1.850000000000000000e+01,-1.053400000000000070e+01,1.784179687500000000e+01
2.927933049201965332e+01,2.076999999999999957e+01,-1.167900000000000027e+01,1.441406250000000000e+01
2.932732748985290527e+01,2.564999999999999858e+01,-1.282399999999999984e+01,1.072265625000000000e+01
2.937530946731567383e+01,2.798000000000000043e+01,-1.374000000000000021e+01,6.855468750000000000e+00
2.942331385612487793e+01,1.953999999999999915e+01,-1.328200000000000003e+01,2.900390625000000000e+00
2.947134518623352051e+01,2.751000000000000156e+01,-1.282399999999999984e+01,-8.789062500000000000e-01
2.951974749565124512e+01,2.919000000000000128e+01,-1.167900000000000027e+01,-4.218750000000000000e+00
2.956769728660583496e+01,2.548999999999999844e+01,-9.618000000000000327e+00,-7.207031250000000000e+00
2.961570072174072266e+01,3.377000000000000313e+01,-7.786000000000000476e+00,-9.404296875000000000e+00
2.966401720046997070e+01,2.907999999999999829e+01,-5.038000000000000256e+00,-1.107421875000000000e+01
2.971194672584533691e+01,2.830000000000000071e+01,-2.060999999999999943e+00,-1.177734375000000000e+01
2.975977826118469238e+01,2.032999999999999829e+01,2.290000000000000091e-01,-1.177734375000000000e+01
2.980765891075134277e+01,1.887999999999999901e+01,1.374000000000000110e+00,-1.133789062500000000e+01
2.985579395294189453e+01,8.070000000000000284e+00,3.664000000000000146e+00,-1.037109375000000000e+01
2.990396308898925781e+01,-6.019999999999999574e+00,7.099000000000000199e+00,-8.349609375000000000e+00
2.995189237594604492e+01,-5.519999999999999574e+00,9.160000000000000142e+00,-5.712890625000000000e+00
3.000013113021850586e+01,-1.626999999999999957e+01,1.076299999999999990e+01,-2.636718750000000000e+00
3.004801845550537109e+01,-2.367000000000000171e+01,1.236599999999999966e+01,9.667968750000000000e-01
3.009530448913574219e+01,-2.692000000000000171e+01,1.259500000000000064e+01,4.746093750000000000e+00
3.014329814910888672e+01,-3.203999999999999915e+01,1.328200000000000003e+01,8.437500000000000000e+00
3.019130730628967285e+01,-2.664999999999999858e+01,1.351100000000000101e+01,1.248046875000000000e+01
3.023939061164855957e+01,-2.257999999999999829e+01,1.259500000000000064e+01,1.617187500000000000e+01
3.028741884231567383e+01,-2.035999999999999943e+01,1.076299999999999990e+01,1.933593750000000000e+01
3.033538794517517090e+01,-2.112999999999999901e+01,8.931000000000000938e+00,2.206054687500000000e+01
3.038393163681030273e+01,-1.985999999999999943e+01,7.099000000000000199e+00,2.425781250000000000e+01
3.043173146247863770e+01,-1.760000000000000142e+01,4.350999999999999979e+00,2.566406250000000000e+01
3.047968435287475586e+01,-6.709999999999999964e+00,1.374000000000000110e+00,2.619140625000000000e+01
3.052768063545227051e+01,-9.500000000000000000e+00,-4.580000000000000182e-01,2.610351562500000000e+01
3.057569384574890137e+01,2.580000000000000071e+00,-2.519000000000000128e+00,2.540039062500000000e+01
3.062365388870239258e+01,1.010999999999999943e+01,-5.496000000000000441e+00,2.381835937500000000e+01
3.067170262336730957e+01,9.560000000000000497e+00,-8.015000000000000568e+00,2.153320312500000000e+01
3.071969604492187500e+01,1.908999999999999986e+01,-1.030499999999999972e+01,1.854492187500000000e+01
3.076764488220214844e+01,1.798000000000000043e+01,-1.145000000000000107e+01,1.529296875000000000e+01
3.081571888923645020e+01,2.371999999999999886e+01,-1.236599999999999966e+01,1.168945312500000000e+01
3.086368966102600098e+01,2.651000000000000156e+01,-1.374000000000000021e+01,7.822265625000000000e+00
3.091129875183105469e+01,1.971999999999999886e+01,-1.328200000000000003e+01,3.779296875000000000e+00
3.095929408073425293e+01,2.492000000000000171e+01,-1.305300000000000082e+01,8.789062500000000000e-02
3.100729489326477051e+01,2.412000000000000099e+01,-1.167900000000000027e+01,-3.427734375000000000e+00
3.105529046058654785e+01,2.644999999999999929e+01,-1.030499999999999972e+01,-6.503906250000000000e+00
3.110329127311706543e+01,2.948000000000000043e+01,-8.015000000000000568e+00,-8.876953125000000000e+00
3.115128874778747559e+01,2.808999999999999986e+01,-5.954000000000000625e+00,-1.072265625000000000e+01
3.119929552078247070e+01,2.573000000000000043e+01,-2.977000000000000313e+00,-1.168945312500000000e+01
3.124729180335998535e+01,2.351000000000000156e+01,-4.580000000000000182e-01,-1.186523437500000000e+01
3.129527497291564941e+01,1.776000000000000156e+01,9.160000000000000364e-01,-1.168945312500000000e+01
3.134327387809753418e+01,5.179999999999999716e+00,3.435000000000000053e+00,-1.063476562500000000e+01
3.139127254486083984e+01,-2.520000000000000018e+00,6.411999999999999922e+00,-8.789062500000000000e+00
3.143925762176513672e+01,-9.150000000000000355e+00,8.473000000000000753e+00,-6.416015625000000000e+00
3.148725199699401855e+01,-2.028999999999999915e+01,1.053400000000000070e+01,-3.427734375000000000e+00
3.153525137901306152e+01,-2.580999999999999872e+01,1.213700000000000045e+01,8.789062500000000000e-02
3.158326458930969238e+01,-2.726000000000000156e+01,1.259500000000000064e+01,3.779296875000000000e+00
3.163134360313415527e+01,-2.923000000000000043e+01,1.305300000000000082e+01,7.646484375000000000e+00
3.167941951751708984e+01,-2.478999999999999915e+01,1.351100000000000101e+01,1.151367187500000000e+01
3.172777128219604492e+01,-2.023000000000000043e+01,1.282399999999999984e+01,1.529296875000000000e+01
3.177584075927734375e+01,-1.839999999999999858e+01,1.122100000000000009e+01,1.863281250000000000e+01
3.182378768920898438e+01,-2.076000000000000156e+01,9.618000000000000327e+00,2.162109375000000000e+01
3.187195348739624023e+01,-1.628999999999999915e+01,7.557000000000000384e+00,2.390625000000000000e+01
3.192005252838134766e+01,-1.644999999999999929e+01,5.267000000000000348e+00,2.548828125000000000e+01
3.196763586997985840e+01,-6.230000000000000426e+00,1.832000000000000073e+00,2.619140625000000000e+01
3.201564741134643555e+01,-8.560000000000000497e+00,-4.580000000000000182e-01,2.610351562500000000e+01
3.206358909606933594e+01,-6.969999999999999751e+00,-2.290000000000000036e+00,2.548828125000000000e+01
3.211161065101623535e+01,4.299999999999999822e+00,-4.350999999999999979e+00,2.425781250000000000e+01
3.215959477424621582e+01,1.100000000000000000e+01,-7.328000000000000291e+00,2.214843750000000000e+01
3.220759057998657227e+01,1.525999999999999979e+01,-9.618000000000000327e+00,1.933593750000000000e+01
3.225564408302307129e+01,1.655999999999999872e+01,-1.099200000000000088e+01,1.617187500000000000e+01
3.230324625968933105e+01,2.142999999999999972e+01,-1.236599999999999966e+01,1.256835937500000000e+01
3.235124444961547852e+01,2.619000000000000128e+01,-1.328200000000000003e+01,8.789062500000000000e+00
3.239924335479736328e+01,2.137999999999999901e+01,-1.351100000000000101e+01,4.833984375000000000e+00
3.244725322723388672e+01,1.969999999999999929e+01,-1.305300000000000082e+01,9.667968750000000000e-01
3.249523997306823730e+01,2.600000000000000000e+01,-1.190800000000000125e+01,-2.548828125000000000e+00
3.254323291778564453e+01,2.887000000000000099e+01,-1.099200000000000088e+01,-5.800781250000000000e+00
3.259124803543090820e+01,2.717999999999999972e+01,-8.473000000000000753e+00,-8.349609375000000000e+00
3.263923406600952148e+01,3.121000000000000085e+01,-6.411999999999999922e+00,-1.028320312500000000e+01
3.268722462654113770e+01,3.005999999999999872e+01,-3.664000000000000146e+00,-1.151367187500000000e+01
3.273522377014160156e+01,2.392999999999999972e+01,-9.160000000000000364e-01,-1.186523437500000000e+01
3.278326344490051270e+01,2.080999999999999872e+01,4.580000000000000182e-01,-1.177734375000000000e+01
3.283123207092285156e+01,7.450000000000000178e+00,2.748000000000000220e+00,-1.107421875000000000e+01
3.287922739982604980e+01,-4.120000000000000107e+00,5.725000000000000533e+00,-9.404296875000000000e+00
3.292721796035766602e+01,-8.570000000000000284e+00,8.243999999999999773e+00,-7.119140625000000000e+00
3.297521042823791504e+01,-1.664000000000000057e+01,1.007600000000000051e+01,-4.218750000000000000e+00
3.302322363853454590e+01,-2.414000000000000057e+01,1.145000000000000107e+01,-8.789062500000000000e-01
3.307122015953063965e+01,-2.794999999999999929e+01,1.282399999999999984e+01,2.900390625000000000e+00
3.311921739578247070e+01,-2.698000000000000043e+01,1.282399999999999984e+01,6.591796875000000000e+00
3.316720890998840332e+01,-2.853999999999999915e+01,1.328200000000000003e+01,1.045898437500000000e+01
3.321526837348937988e+01,-2.273000000000000043e+01,1.328200000000000003e+01,1.441406250000000000e+01
3.326378965377807617e+01,-1.821999999999999886e+01,1.167900000000000027e+01,1.784179687500000000e+01
3.331192207336425781e+01,-2.069000000000000128e+01,1.007600000000000051e+01,2.091796875000000000e+01
3.335987329483032227e+01,-1.550000000000000000e+01,8.243999999999999773e+00,2.337890625000000000e+01
3.340791368484497070e+01,-1.717000000000000171e+01,5.954000000000000625e+00,2.513671875000000000e+01
3.345585584640502930e+01,-1.026999999999999957e+01,2.519000000000000128e+00,2.601562500000000000e+01
3.350370764732360840e+01,-9.669999999999999929e+00,0.000000000000000000e+00,2.610351562500000000e+01
3.355169105529785156e+01,-8.550000000000000711e+00,-2.060999999999999943e+00,2.557617187500000000e+01
3.359954428672790527e+01,8.100000000000000533e-01,-3.664000000000000146e+00,2.460937500000000000e+01
3.364760780334472656e+01,1.326999999999999957e+01,-6.411999999999999922e+00,2.267578125000000000e+01
3.369558906555175781e+01,1.474000000000000021e+01,-9.160000000000000142e+00,2.012695312500000000e+01
3.374358201026916504e+01,1.605000000000000071e+01,-1.053400000000000070e+01,1.705078125000000000e+01
3.379160737991333008e+01,2.207999999999999829e+01,-1.190800000000000125e+01,1.353515625000000000e+01
3.383956122398376465e+01,2.489999999999999858e+01,-1.305300000000000082e+01,9.755859375000000000e+00
3.388722133636474609e+01,2.208999999999999986e+01,-1.351100000000000101e+01,5.800781250000000000e+00
3.393518280982971191e+01,1.962000000000000099e+01,-1.328200000000000003e+01,1.933593750000000000e+00
3.398318266868591309e+01,2.521000000000000085e+01,-1.236599999999999966e+01,-1.757812500000000000e+00
3.403118777275085449e+01,2.814999999999999858e+01,-1.122100000000000009e+01,-5.097656250000000000e+00
3.407917928695678711e+01,2.598000000000000043e+01,-8.931000000000000938e+00,-7.822265625000000000e+00
3.412717103958129883e+01,3.325999999999999801e+01,-7.099000000000000199e+00,-9.843750000000000000e+00
3.417516541481018066e+01,2.807000000000000028e+01,-4.350999999999999979e+00,-1.125000000000000000e+01
3.422318172454833984e+01,2.492000000000000171e+01,-1.602999999999999980e+00,-1.186523437500000000e+01
3.427117061614990234e+01,1.937999999999999901e+01,4.580000000000000182e-01,-1.168945312500000000e+01
3.431917428970336914e+01,1.100000000000000000e+01,2.290000000000000036e+00,-1.107421875000000000e+01
3.436717176437377930e+01,6.300000000000000044e-01,4.580000000000000071e+00,-9.843750000000000000e+00
3.441517305374145508e+01,-7.419999999999999929e+00,7.328000000000000291e+00,-7.822265625000000000e+00
3.446317291259765625e+01,-1.560999999999999943e+01,9.618000000000000327e+00,-5.009765625000000000e+00
3.451123785972595215e+01,-2.167000000000000171e+01,1.145000000000000107e+01,-1.757812500000000000e+00
3.455983138084411621e+01,-2.298999999999999844e+01,1.259500000000000064e+01,1.933593750000000000e+00
3.460765147209167480e+01,-2.164999999999999858e+01,1.259500000000000064e+01,5.625000000000000000e+00
3.465592455863952637e+01,-2.751999999999999957e+01,1.328200000000000003e+01,9.492187500000000000e+00
3.470373535156250000e+01,-2.275000000000000000e+01,1.351100000000000101e+01,1.344726562500000000e+01
3.475193691253662109e+01,-1.907999999999999829e+01,1.213700000000000045e+01,1.705078125000000000e+01
3.479961824417114258e+01,-1.894999999999999929e+01,1.053400000000000070e+01,2.012695312500000000e+01
3.484766626358032227e+01,-1.816000000000000014e+01,8.473000000000000753e+00,2.276367187500000000e+01
3.489568805694580078e+01,-1.721000000000000085e+01,6.411999999999999922e+00,2.469726562500000000e+01
3.494373345375061035e+01,-1.506000000000000050e+01,3.435000000000000053e+00,2.592773437500000000e+01
3.499183869361877441e+01,-8.919999999999999929e+00,4.580000000000000182e-01,2.619140625000000000e+01
3.503988146781921387e+01,-1.190000000000000036e+01,-9.160000000000000364e-01,2.592773437500000000e+01
3.508783841133117676e+01,1.600000000000000089e+00,-2.748000000000000220e+00,2.513671875000000000e+01
3.513516211509704590e+01,1.376999999999999957e+01,-6.182999999999999829e+00,2.337890625000000000e+01
3.518316173553466797e+01,9.599999999999999645e+00,-8.701999999999999957e+00,2.091796875000000000e+01
3.523115277290344238e+01,1.769000000000000128e+01,-1.030499999999999972e+01,1.784179687500000000e+01
3.527913641929626465e+01,1.942999999999999972e+01,-1.167900000000000027e+01,1.450195312500000000e+01
3.532714295387268066e+01,2.500000000000000000e+01,-1.259500000000000064e+01,1.081054687500000000e+01
3.537527608871459961e+01,2.616000000000000014e+01,-1.374000000000000021e+01,6.855468750000000000e+00
3.542356181144714355e+01,1.708999999999999986e+01,-1.328200000000000003e+01,2.988281250000000000e+00
3.547157120704650879e+01,2.496000000000000085e+01,-1.259500000000000064e+01,-8.789062500000000000e-01
3.551949381828308105e+01,2.558999999999999986e+01,-1.145000000000000107e+01,-4.306640625000000000e+00
3.556750106811523438e+01,2.496000000000000085e+01,-9.618000000000000327e+00,-7.207031250000000000e+00
3.561557245254516602e+01,3.245000000000000284e+01,-7.786000000000000476e+00,-9.404296875000000000e+00
3.566353321075439453e+01,2.919000000000000128e+01,-5.038000000000000256e+00,-1.107421875000000000e+01
3.571152353286743164e+01,2.762000000000000099e+01,-2.060999999999999943e+00,-1.177734375000000000e+01
3.575952744483947754e+01,2.189999999999999858e+01,2.290000000000000091e-01,-1.177734375000000000e+01
3.580753159523010254e+01,2.003999999999999915e+01,1.145000000000000018e+00,-1.151367187500000000e+01
3.585548830032348633e+01,1.400000000000000133e-01,3.893000000000000238e+00,-1.045898437500000000e+01
3.590350294113159180e+01,-5.269999999999999574e+00,7.328000000000000291e+00,-8.437500000000000000e+00
3.595161581039428711e+01,-1.057000000000000028e+01,9.160000000000000142e+00,-5.712890625000000000e+00
3.599913573265075684e+01,-2.105999999999999872e+01,1.099200000000000088e+01,-2.548828125000000000e+00
3.604711914062500000e+01,-2.769999999999999929e+01,1.259500000000000064e+01,1.054687500000000000e+00
