4.768371582031250000e-07,4.759999999999999787e+00,-4.580000000000000182e-01,8.789062500000000000e+00
4.833865165710449219e-02,9.220000000000000639e+00,-2.060999999999999943e+00,8.085937500000000000e+00
9.644126892089843750e-02,-1.526999999999999957e+01,1.145000000000000018e+00,8.349609375000000000e+00
1.443700790405273438e-01,-1.644000000000000128e+01,4.350999999999999979e+00,9.580078125000000000e+00
1.923179626464843750e-01,-4.570000000000000284e+00,5.725000000000000533e+00,1.125000000000000000e+01
2.402987480163574219e-01,-1.560000000000000053e+00,5.954000000000000625e+00,1.300781250000000000e+01
2.883090972900390625e-01,-2.129999999999999893e+00,5.496000000000000441e+00,1.467773437500000000e+01
3.362975120544433594e-01,-3.310000000000000053e+00,5.267000000000000348e+00,1.625976562500000000e+01
3.843147754669189453e-01,-8.000000000000000167e-02,4.580000000000000071e+00,1.775390625000000000e+01
4.323308467864990234e-01,-6.370000000000000107e+00,4.580000000000000071e+00,1.907226562500000000e+01
4.802861213684082031e-01,-5.790000000000000036e+00,4.350999999999999979e+00,2.039062500000000000e+01
5.282912254333496094e-01,-8.399999999999999689e-01,4.121999999999999886e+00,2.162109375000000000e+01
5.762903690338134766e-01,-3.549999999999999822e+00,3.664000000000000146e+00,2.267578125000000000e+01
6.242637634277343750e-01,-3.790000000000000036e+00,3.205999999999999961e+00,2.373046875000000000e+01
6.722855567932128906e-01,-2.200000000000000178e+00,2.748000000000000220e+00,2.452148437500000000e+01
7.202610969543457031e-01,-2.600000000000000089e+00,2.519000000000000128e+00,2.531250000000000000e+01
7.682685852050781250e-01,4.799999999999999822e-01,1.602999999999999980e+00,2.583984375000000000e+01
8.162918090820312500e-01,9.000000000000000222e-01,1.145000000000000018e+00,2.619140625000000000e+01
8.642718791961669922e-01,-4.400000000000000022e-01,4.580000000000000182e-01,2.645507812500000000e+01
9.122538566589355469e-01,9.899999999999999911e-01,4.580000000000000182e-01,2.663085937500000000e+01
9.602391719818115234e-01,2.080000000000000071e+00,2.290000000000000091e-01,2.671875000000000000e+01
1.008240222930908203e+00,2.350000000000000089e+00,0.000000000000000000e+00,2.671875000000000000e+01
1.056235313415527344e+00,4.129999999999999893e+00,-4.580000000000000182e-01,2.654296875000000000e+01
1.104365825653076172e+00,4.750000000000000000e+00,-1.145000000000000018e+00,2.619140625000000000e+01
1.152429342269897461e+00,5.019999999999999574e+00,-1.602999999999999980e+00,2.566406250000000000e+01
1.200368881225585938e+00,6.269999999999999574e+00,-2.290000000000000036e+00,2.504882812500000000e+01
1.248245477676391602e+00,6.809999999999999609e+00,-2.977000000000000313e+00,2.416992187500000000e+01
1.296273231506347656e+00,7.929999999999999716e+00,-3.435000000000000053e+00,2.311523437500000000e+01
1.344248533248901367e+00,6.589999999999999858e+00,-3.664000000000000146e+00,2.206054687500000000e+01
1.392257452011108398e+00,7.709999999999999964e+00,-3.893000000000000238e+00,2.091796875000000000e+01
1.440253019332885742e+00,1.019999999999999929e+01,-4.580000000000000071e+00,1.951171875000000000e+01
1.488316059112548828e+00,7.339999999999999858e+00,-4.809000000000000163e+00,1.810546875000000000e+01
1.536221742630004883e+00,6.900000000000000355e+00,-5.038000000000000256e+00,1.669921875000000000e+01
1.584274530410766602e+00,9.019999999999999574e+00,-5.267000000000000348e+00,1.511718750000000000e+01
1.632217407226562500e+00,8.919999999999999929e+00,-5.496000000000000441e+00,1.353515625000000000e+01
1.680227756500244141e+00,6.870000000000000107e+00,-5.496000000000000441e+00,1.186523437500000000e+01
1.728218555450439453e+00,8.980000000000000426e+00,-5.725000000000000533e+00,1.019531250000000000e+01
1.776212930679321289e+00,1.016000000000000014e+01,-6.182999999999999829e+00,8.437500000000000000e+00
1.824223518371582031e+00,7.870000000000000107e+00,-5.954000000000000625e+00,6.767578125000000000e+00
1.872217655181884766e+00,1.098000000000000043e+01,-5.725000000000000533e+00,5.097656250000000000e+00
1.920211791992187500e+00,1.150000000000000000e+01,-5.496000000000000441e+00,3.339843750000000000e+00
1.968214750289916992e+00,1.300000000000000000e+01,-5.496000000000000441e+00,1.757812500000000000e+00
2.016214132308959961e+00,1.321000000000000085e+01,-5.496000000000000441e+00,8.789062500000000000e-02
2.064186096191406250e+00,1.341999999999999993e+01,-5.267000000000000348e+00,-1.494140625000000000e+00
2.112273931503295898e+00,1.516999999999999993e+01,-4.809000000000000163e+00,-2.988281250000000000e+00
2.160308361053466797e+00,1.687999999999999901e+01,-4.809000000000000163e+00,-4.394531250000000000e+00
2.208365917205810547e+00,1.434999999999999964e+01,-4.350999999999999979e+00,-5.712890625000000000e+00
2.256187438964843750e+00,1.832000000000000028e+01,-3.893000000000000238e+00,-6.943359375000000000e+00
2.304175376892089844e+00,1.903999999999999915e+01,-3.893000000000000238e+00,-8.085937500000000000e+00
2.352192878723144531e+00,1.900000000000000000e+01,-3.435000000000000053e+00,-9.140625000000000000e+00
2.400200366973876953e+00,1.664000000000000057e+01,-2.977000000000000313e+00,-1.001953125000000000e+01
2.448186397552490234e+00,1.669000000000000128e+01,-2.290000000000000036e+00,-1.072265625000000000e+01
2.496195316314697266e+00,1.857000000000000028e+01,-1.832000000000000073e+00,-1.133789062500000000e+01
2.544211387634277344e+00,1.632999999999999829e+01,-1.374000000000000110e+00,-1.186523437500000000e+01
2.592161417007446289e+00,1.475999999999999979e+01,-9.160000000000000364e-01,-1.221679687500000000e+01
2.640191316604614258e+00,1.593999999999999950e+01,-4.580000000000000182e-01,-1.239257812500000000e+01
2.688188552856445312e+00,1.573000000000000043e+01,0.000000000000000000e+00,-1.239257812500000000e+01
2.736185312271118164e+00,1.546000000000000085e+01,0.000000000000000000e+00,-1.239257812500000000e+01
2.784184932708740234e+00,1.417999999999999972e+01,0.000000000000000000e+00,-1.248046875000000000e+01
2.832168817520141602e+00,8.599999999999999645e+00,9.160000000000000364e-01,-1.212890625000000000e+01
2.880149841308593750e+00,1.074000000000000021e+01,1.602999999999999980e+00,-1.168945312500000000e+01
2.928139686584472656e+00,1.035999999999999943e+01,1.832000000000000073e+00,-1.107421875000000000e+01
2.976148366928100586e+00,8.390000000000000568e+00,2.290000000000000036e+00,-1.045898437500000000e+01
3.024146795272827148e+00,2.660000000000000142e+00,3.205999999999999961e+00,-9.492187500000000000e+00
3.072170257568359375e+00,6.709999999999999964e+00,3.664000000000000146e+00,-8.437500000000000000e+00
3.120251655578613281e+00,6.429999999999999716e+00,3.893000000000000238e+00,-7.382812500000000000e+00
3.168280124664306641e+00,4.129999999999999893e+00,4.121999999999999886e+00,-6.064453125000000000e+00
3.216292619705200195e+00,2.500000000000000000e-01,4.580000000000000071e+00,-4.746093750000000000e+00
3.264201402664184570e+00,4.199999999999999845e-01,4.809000000000000163e+00,-3.339843750000000000e+00
3.312123537063598633e+00,-1.649999999999999911e+00,5.038000000000000256e+00,-1.845703125000000000e+00
3.360109329223632812e+00,-3.810000000000000053e+00,5.267000000000000348e+00,-2.636718750000000000e-01
3.408124446868896484e+00,-4.169999999999999929e+00,5.725000000000000533e+00,1.406250000000000000e+00
3.456120252609252930e+00,-3.129999999999999893e+00,5.725000000000000533e+00,3.076171875000000000e+00
3.504138946533203125e+00,-2.759999999999999787e+00,5.267000000000000348e+00,4.658203125000000000e+00
3.552116632461547852e+00,-5.849999999999999645e+00,5.725000000000000533e+00,6.240234375000000000e+00
3.600113868713378906e+00,-4.009999999999999787e+00,5.954000000000000625e+00,8.085937500000000000e+00
3.648093938827514648e+00,-3.890000000000000124e+00,5.954000000000000625e+00,9.755859375000000000e+00
3.696123361587524414e+00,-4.750000000000000000e+00,6.182999999999999829e+00,1.151367187500000000e+01
3.744143962860107422e+00,-2.740000000000000213e+00,5.725000000000000533e+00,1.327148437500000000e+01
3.792104721069335938e+00,-2.450000000000000178e+00,5.496000000000000441e+00,1.485351562500000000e+01
3.840101003646850586e+00,-4.120000000000000107e+00,5.038000000000000256e+00,1.643554687500000000e+01
3.888137102127075195e+00,-3.339999999999999858e+00,4.809000000000000163e+00,1.784179687500000000e+01
3.936114788055419922e+00,-4.070000000000000284e+00,4.580000000000000071e+00,1.916015625000000000e+01
3.984120368957519531e+00,-3.100000000000000089e+00,4.580000000000000071e+00,2.056640625000000000e+01
4.032083749771118164e+00,-1.000000000000000056e-01,3.893000000000000238e+00,2.179687500000000000e+01
4.080095052719116211e+00,-2.629999999999999893e+00,3.435000000000000053e+00,2.285156250000000000e+01
4.128111839294433594e+00,-1.350000000000000089e+00,3.205999999999999961e+00,2.381835937500000000e+01
4.176188945770263672e+00,7.399999999999999911e-01,2.748000000000000220e+00,2.460937500000000000e+01
4.224149942398071289e+00,-1.000000000000000021e-02,2.290000000000000036e+00,2.531250000000000000e+01
4.272203445434570312e+00,2.200000000000000178e+00,1.602999999999999980e+00,2.583984375000000000e+01
4.320077896118164062e+00,1.260000000000000009e+00,1.374000000000000110e+00,2.627929687500000000e+01
4.368051290512084961e+00,1.189999999999999947e+00,6.870000000000000551e-01,2.654296875000000000e+01
4.416066646575927734e+00,1.800000000000000044e+00,4.580000000000000182e-01,2.663085937500000000e+01
4.464061260223388672e+00,1.810000000000000053e+00,2.290000000000000091e-01,2.680664062500000000e+01
4.512056827545166016e+00,4.519999999999999574e+00,-2.290000000000000091e-01,2.671875000000000000e+01
4.560065269470214844e+00,5.080000000000000071e+00,-6.870000000000000551e-01,2.654296875000000000e+01
4.608066320419311523e+00,4.639999999999999680e+00,-1.145000000000000018e+00,2.610351562500000000e+01
4.656065225601196289e+00,6.110000000000000320e+00,-1.602999999999999980e+00,2.566406250000000000e+01
4.704060077667236328e+00,8.029999999999999361e+00,-2.290000000000000036e+00,2.496093750000000000e+01
4.752048015594482422e+00,7.719999999999999751e+00,-2.977000000000000313e+00,2.408203125000000000e+01
4.800055027008056641e+00,8.300000000000000711e+00,-3.435000000000000053e+00,2.302734375000000000e+01
4.848037004470825195e+00,7.870000000000000107e+00,-3.664000000000000146e+00,2.197265625000000000e+01
4.896044254302978516e+00,1.010999999999999943e+01,-4.121999999999999886e+00,2.074218750000000000e+01
4.944070577621459961e+00,8.689999999999999503e+00,-4.580000000000000071e+00,1.942382812500000000e+01
4.992087841033935547e+00,6.929999999999999716e+00,-4.580000000000000071e+00,1.801757812500000000e+01
5.040045976638793945e+00,8.900000000000000355e+00,-4.809000000000000163e+00,1.661132812500000000e+01
5.088017225265502930e+00,8.869999999999999218e+00,-5.267000000000000348e+00,1.511718750000000000e+01
5.136103868484497070e+00,7.940000000000000391e+00,-5.725000000000000533e+00,1.335937500000000000e+01
5.184149026870727539e+00,4.740000000000000213e+00,-5.725000000000000533e+00,1.168945312500000000e+01
5.232145309448242188e+00,6.120000000000000107e+00,-5.725000000000000533e+00,1.001953125000000000e+01
5.280166149139404297e+00,8.949999999999999289e+00,-5.954000000000000625e+00,8.349609375000000000e+00
5.328095674514770508e+00,5.309999999999999609e+00,-5.954000000000000625e+00,6.591796875000000000e+00
5.376026868820190430e+00,6.330000000000000071e+00,-5.725000000000000533e+00,4.921875000000000000e+00
5.424020290374755859e+00,9.230000000000000426e+00,-5.496000000000000441e+00,3.251953125000000000e+00
5.472084283828735352e+00,1.136999999999999922e+01,-5.496000000000000441e+00,1.582031250000000000e+00
5.520030260086059570e+00,9.419999999999999929e+00,-5.496000000000000441e+00,-8.789062500000000000e-02
5.568027019500732422e+00,1.143999999999999950e+01,-5.038000000000000256e+00,-1.582031250000000000e+00
5.616006374359130859e+00,1.683999999999999986e+01,-4.809000000000000163e+00,-3.076171875000000000e+00
5.664011240005493164e+00,1.760000000000000142e+01,-5.038000000000000256e+00,-4.482421875000000000e+00
5.712013006210327148e+00,1.353999999999999915e+01,-4.350999999999999979e+00,-5.800781250000000000e+00
5.760002851486206055e+00,1.826000000000000156e+01,-4.121999999999999886e+00,-7.031250000000000000e+00
5.807998418807983398e+00,1.851000000000000156e+01,-3.893000000000000238e+00,-8.173828125000000000e+00
5.856010437011718750e+00,1.835000000000000142e+01,-3.435000000000000053e+00,-9.228515625000000000e+00
5.903991460800170898e+00,1.639999999999999858e+01,-2.977000000000000313e+00,-1.010742187500000000e+01
5.951977252960205078e+00,1.721000000000000085e+01,-2.290000000000000036e+00,-1.081054687500000000e+01
5.999975919723510742e+00,1.785000000000000142e+01,-1.832000000000000073e+00,-1.142578125000000000e+01
6.047990798950195312e+00,1.511999999999999922e+01,-1.374000000000000110e+00,-1.195312500000000000e+01
6.095970869064331055e+00,1.483999999999999986e+01,-9.160000000000000364e-01,-1.221679687500000000e+01
6.143974065780639648e+00,1.603999999999999915e+01,-2.290000000000000091e-01,-1.239257812500000000e+01
6.192020177841186523e+00,1.547000000000000064e+01,0.000000000000000000e+00,-1.239257812500000000e+01
6.240047216415405273e+00,1.458000000000000007e+01,0.000000000000000000e+00,-1.248046875000000000e+01
6.288078069686889648e+00,1.425999999999999979e+01,0.000000000000000000e+00,-1.248046875000000000e+01
6.336103916168212891e+00,8.369999999999999218e+00,1.145000000000000018e+00,-1.212890625000000000e+01
6.383984088897705078e+00,1.124000000000000021e+01,1.832000000000000073e+00,-1.160156250000000000e+01
6.431948184967041016e+00,1.163000000000000078e+01,1.832000000000000073e+00,-1.107421875000000000e+01
6.479975700378417969e+00,8.769999999999999574e+00,2.290000000000000036e+00,-1.037109375000000000e+01
6.527948379516601562e+00,3.680000000000000160e+00,3.205999999999999961e+00,-9.404296875000000000e+00
6.575938224792480469e+00,4.679999999999999716e+00,3.664000000000000146e+00,-8.437500000000000000e+00
6.623947858810424805e+00,4.169999999999999929e+00,4.121999999999999886e+00,-7.294921875000000000e+00
6.671957731246948242e+00,2.740000000000000213e+00,4.350999999999999979e+00,-5.976562500000000000e+00
6.719945430755615234e+00,-1.060000000000000053e+00,4.350999999999999979e+00,-4.658203125000000000e+00
6.767953395843505859e+00,-1.360000000000000098e+00,4.580000000000000071e+00,-3.251953125000000000e+00
6.815942287445068359e+00,-4.269999999999999574e+00,5.038000000000000256e+00,-1.757812500000000000e+00
6.863942146301269531e+00,-5.599999999999999645e+00,5.267000000000000348e+00,-2.636718750000000000e-01
6.911943197250366211e+00,-6.410000000000000142e+00,5.496000000000000441e+00,1.406250000000000000e+00
6.959939956665039062e+00,-4.110000000000000320e+00,5.725000000000000533e+00,3.164062500000000000e+00
7.007924079895019531e+00,-4.980000000000000426e+00,5.725000000000000533e+00,4.833984375000000000e+00
7.055907726287841797e+00,-4.360000000000000320e+00,5.725000000000000533e+00,6.503906250000000000e+00
7.103917360305786133e+00,-4.580000000000000071e+00,5.954000000000000625e+00,8.173828125000000000e+00
7.151916742324829102e+00,-4.549999999999999822e+00,5.954000000000000625e+00,9.843750000000000000e+00
7.199905633926391602e+00,-4.820000000000000284e+00,5.954000000000000625e+00,1.160156250000000000e+01
7.247902870178222656e+00,-1.290000000000000036e+00,5.725000000000000533e+00,1.327148437500000000e+01
7.296049833297729492e+00,-4.899999999999999911e-01,5.496000000000000441e+00,1.494140625000000000e+01
7.344074010848999023e+00,-2.399999999999999911e+00,5.267000000000000348e+00,1.643554687500000000e+01
7.391988277435302734e+00,-1.889999999999999902e+00,4.809000000000000163e+00,1.792968750000000000e+01
7.439924478530883789e+00,-2.160000000000000142e+00,4.580000000000000071e+00,1.933593750000000000e+01
7.487922906875610352e+00,-2.319999999999999840e+00,4.580000000000000071e+00,2.065429687500000000e+01
7.535903215408325195e+00,3.200000000000000067e-01,3.893000000000000238e+00,2.188476562500000000e+01
7.583899736404418945e+00,-1.469999999999999973e+00,3.435000000000000053e+00,2.285156250000000000e+01
7.631903171539306641e+00,-1.899999999999999911e+00,2.977000000000000313e+00,2.381835937500000000e+01
7.679902315139770508e+00,-8.900000000000000133e-01,2.748000000000000220e+00,2.460937500000000000e+01
7.727871656417846680e+00,-2.020000000000000018e+00,2.519000000000000128e+00,2.540039062500000000e+01
7.775872468948364258e+00,2.600000000000000089e+00,1.602999999999999980e+00,2.592773437500000000e+01
7.823887825012207031e+00,1.429999999999999938e+00,1.145000000000000018e+00,2.627929687500000000e+01
7.871869802474975586e+00,5.400000000000000355e-01,6.870000000000000551e-01,2.654296875000000000e+01
7.919864416122436523e+00,1.500000000000000000e+00,4.580000000000000182e-01,2.663085937500000000e+01
7.967868566513061523e+00,2.060000000000000053e+00,2.290000000000000091e-01,2.680664062500000000e+01
8.015872001647949219e+00,3.390000000000000124e+00,0.000000000000000000e+00,2.671875000000000000e+01
8.063872575759887695e+00,5.339999999999999858e+00,-6.870000000000000551e-01,2.654296875000000000e+01
8.111870527267456055e+00,5.870000000000000107e+00,-1.374000000000000110e+00,2.619140625000000000e+01
8.159872293472290039e+00,6.230000000000000426e+00,-1.832000000000000073e+00,2.557617187500000000e+01
8.207861661911010742e+00,8.519999999999999574e+00,-2.519000000000000128e+00,2.487304687500000000e+01
8.255851030349731445e+00,5.929999999999999716e+00,-2.977000000000000313e+00,2.390625000000000000e+01
8.303885221481323242e+00,6.660000000000000142e+00,-3.435000000000000053e+00,2.293945312500000000e+01
8.351926565170288086e+00,6.309999999999999609e+00,-3.664000000000000146e+00,2.188476562500000000e+01
8.399921655654907227e+00,8.189999999999999503e+00,-4.121999999999999886e+00,2.065429687500000000e+01
8.447846174240112305e+00,7.610000000000000320e+00,-4.580000000000000071e+00,1.933593750000000000e+01
8.495873451232910156e+00,6.179999999999999716e+00,-4.580000000000000071e+00,1.792968750000000000e+01
8.543839454650878906e+00,7.809999999999999609e+00,-5.038000000000000256e+00,1.643554687500000000e+01
8.591831445693969727e+00,9.240000000000000213e+00,-5.267000000000000348e+00,1.485351562500000000e+01
8.639828920364379883e+00,8.449999999999999289e+00,-5.496000000000000441e+00,1.327148437500000000e+01
8.687864303588867188e+00,6.759999999999999787e+00,-5.496000000000000441e+00,1.160156250000000000e+01
8.735920667648315430e+00,8.419999999999999929e+00,-5.725000000000000533e+00,9.931640625000000000e+00
8.783847332000732422e+00,7.940000000000000391e+00,-5.954000000000000625e+00,8.261718750000000000e+00
8.831850767135620117e+00,7.179999999999999716e+00,-5.725000000000000533e+00,6.503906250000000000e+00
8.879825115203857422e+00,8.589999999999999858e+00,-5.725000000000000533e+00,4.833984375000000000e+00
8.927814722061157227e+00,9.759999999999999787e+00,-5.496000000000000441e+00,3.164062500000000000e+00
8.975801706314086914e+00,1.091999999999999993e+01,-5.496000000000000441e+00,1.494140625000000000e+00
9.023802995681762695e+00,1.143999999999999950e+01,-5.496000000000000441e+00,-1.757812500000000000e-01
9.071795225143432617e+00,1.402999999999999936e+01,-5.038000000000000256e+00,-1.669921875000000000e+00
9.119798898696899414e+00,1.712999999999999901e+01,-5.038000000000000256e+00,-3.164062500000000000e+00
9.167787551879882812e+00,1.894000000000000128e+01,-5.038000000000000256e+00,-4.658203125000000000e+00
9.215795516967773438e+00,1.484999999999999964e+01,-4.350999999999999979e+00,-5.976562500000000000e+00
9.263783693313598633e+00,1.515000000000000036e+01,-3.893000000000000238e+00,-7.207031250000000000e+00
9.311812639236450195e+00,1.635000000000000142e+01,-3.664000000000000146e+00,-8.261718750000000000e+00
9.359956502914428711e+00,1.614999999999999858e+01,-3.435000000000000053e+00,-9.228515625000000000e+00
9.407961130142211914e+00,1.550999999999999979e+01,-2.977000000000000313e+00,-1.010742187500000000e+01
9.455825090408325195e+00,1.539000000000000057e+01,-2.290000000000000036e+00,-1.081054687500000000e+01
9.503789424896240234e+00,1.726000000000000156e+01,-2.060999999999999943e+00,-1.142578125000000000e+01
9.551792383193969727e+00,1.485999999999999943e+01,-1.374000000000000110e+00,-1.195312500000000000e+01
9.599777936935424805e+00,1.426999999999999957e+01,-9.160000000000000364e-01,-1.221679687500000000e+01
9.647800683975219727e+00,1.556000000000000050e+01,-4.580000000000000182e-01,-1.239257812500000000e+01
9.695802450180053711e+00,1.474000000000000021e+01,-2.290000000000000091e-01,-1.248046875000000000e+01
9.743809223175048828e+00,1.422000000000000064e+01,0.000000000000000000e+00,-1.248046875000000000e+01
9.791789770126342773e+00,1.364000000000000057e+01,0.000000000000000000e+00,-1.248046875000000000e+01
9.839783430099487305e+00,7.620000000000000107e+00,9.160000000000000364e-01,-1.221679687500000000e+01
9.887778282165527344e+00,9.910000000000000142e+00,1.602999999999999980e+00,-1.168945312500000000e+01
9.935778856277465820e+00,8.720000000000000639e+00,2.060999999999999943e+00,-1.107421875000000000e+01
9.983863115310668945e+00,6.870000000000000107e+00,2.519000000000000128e+00,-1.028320312500000000e+01
1.003176951408386230e+01,2.109999999999999876e+00,3.205999999999999961e+00,-9.316406250000000000e+00
1.007976722717285156e+01,4.309999999999999609e+00,3.893000000000000238e+00,-8.261718750000000000e+00
1.012776803970336914e+01,2.759999999999999787e+00,3.893000000000000238e+00,-7.119140625000000000e+00
1.017577052116394043e+01,2.200000000000000011e-01,4.121999999999999886e+00,-5.976562500000000000e+00
1.022375202178955078e+01,-3.180000000000000160e+00,4.580000000000000071e+00,-4.570312500000000000e+00
1.027174901962280273e+01,-6.899999999999999467e-01,5.038000000000000256e+00,-3.164062500000000000e+00
1.031981158256530762e+01,-7.800000000000000266e-01,5.038000000000000256e+00,-1.582031250000000000e+00
1.036782789230346680e+01,-5.110000000000000320e+00,5.267000000000000348e+00,-8.789062500000000000e-02
1.041584229469299316e+01,-5.610000000000000320e+00,5.725000000000000533e+00,1.582031250000000000e+00
1.046379232406616211e+01,-2.109999999999999876e+00,5.725000000000000533e+00,3.339843750000000000e+00
1.051175069808959961e+01,-2.419999999999999929e+00,5.496000000000000441e+00,4.921875000000000000e+00
1.055971646308898926e+01,-4.450000000000000178e+00,5.725000000000000533e+00,6.591796875000000000e+00
1.060773587226867676e+01,-3.359999999999999876e+00,5.725000000000000533e+00,8.349609375000000000e+00
1.065572476387023926e+01,-3.529999999999999805e+00,5.954000000000000625e+00,1.001953125000000000e+01
1.070374751091003418e+01,-4.990000000000000213e+00,6.182999999999999829e+00,1.177734375000000000e+01
1.075171804428100586e+01,-2.200000000000000178e+00,5.725000000000000533e+00,1.353515625000000000e+01
1.079974532127380371e+01,-1.510000000000000009e+00,5.496000000000000441e+00,1.511718750000000000e+01
1.084773111343383789e+01,-2.629999999999999893e+00,5.038000000000000256e+00,1.669921875000000000e+01
1.089571142196655273e+01,-4.250000000000000000e+00,4.580000000000000071e+00,1.801757812500000000e+01
1.094372272491455078e+01,-4.500000000000000000e+00,4.580000000000000071e+00,1.942382812500000000e+01
1.099173641204833984e+01,-3.470000000000000195e+00,4.350999999999999979e+00,2.074218750000000000e+01
1.103970408439636230e+01,-3.300000000000000155e-01,3.893000000000000238e+00,2.188476562500000000e+01
1.108771467208862305e+01,-2.470000000000000195e+00,3.435000000000000053e+00,2.293945312500000000e+01
1.113568401336669922e+01,-2.399999999999999911e+00,3.205999999999999961e+00,2.390625000000000000e+01
1.118371796607971191e+01,-3.300000000000000155e-01,2.519000000000000128e+00,2.469726562500000000e+01
1.123168349266052246e+01,1.100000000000000006e-01,2.290000000000000036e+00,2.548828125000000000e+01
1.127969050407409668e+01,2.799999999999999822e+00,1.602999999999999980e+00,2.592773437500000000e+01
1.132775735855102539e+01,1.629999999999999893e+00,1.145000000000000018e+00,2.627929687500000000e+01
1.137570166587829590e+01,7.900000000000000355e-01,6.870000000000000551e-01,2.654296875000000000e+01
1.142382621765136719e+01,1.629999999999999893e+00,4.580000000000000182e-01,2.671875000000000000e+01
1.147182369232177734e+01,1.409999999999999920e+00,2.290000000000000091e-01,2.680664062500000000e+01
1.151966452598571777e+01,4.950000000000000178e+00,-4.580000000000000182e-01,2.671875000000000000e+01
1.156766843795776367e+01,4.299999999999999822e+00,-9.160000000000000364e-01,2.645507812500000000e+01
1.161565923690795898e+01,3.850000000000000089e+00,-1.374000000000000110e+00,2.601562500000000000e+01
1.166365599632263184e+01,5.469999999999999751e+00,-1.832000000000000073e+00,2.548828125000000000e+01
1.171166515350341797e+01,8.419999999999999929e+00,-2.519000000000000128e+00,2.478515625000000000e+01
1.175972914695739746e+01,6.500000000000000000e+00,-2.977000000000000313e+00,2.390625000000000000e+01
1.180767130851745605e+01,7.160000000000000142e+00,-3.435000000000000053e+00,2.285156250000000000e+01
1.185566353797912598e+01,8.560000000000000497e+00,-3.664000000000000146e+00,2.170898437500000000e+01
1.190366435050964355e+01,9.279999999999999361e+00,-4.121999999999999886e+00,2.056640625000000000e+01
1.195165586471557617e+01,8.539999999999999147e+00,-4.580000000000000071e+00,1.916015625000000000e+01
1.199966621398925781e+01,8.539999999999999147e+00,-4.809000000000000163e+00,1.775390625000000000e+01
1.204763722419738770e+01,9.869999999999999218e+00,-5.038000000000000256e+00,1.634765625000000000e+01
1.209563589096069336e+01,9.230000000000000426e+00,-5.267000000000000348e+00,1.476562500000000000e+01
1.214366006851196289e+01,9.109999999999999432e+00,-5.496000000000000441e+00,1.318359375000000000e+01
1.219163107872009277e+01,7.839999999999999858e+00,-5.725000000000000533e+00,1.151367187500000000e+01
1.223965263366699219e+01,9.019999999999999574e+00,-5.725000000000000533e+00,9.843750000000000000e+00
1.228762602806091309e+01,9.449999999999999289e+00,-6.182999999999999829e+00,8.085937500000000000e+00
1.233563160896301270e+01,3.689999999999999947e+00,-5.725000000000000533e+00,6.328125000000000000e+00
1.238370585441589355e+01,6.370000000000000107e+00,-5.725000000000000533e+00,4.658203125000000000e+00
1.243179011344909668e+01,7.370000000000000107e+00,-5.496000000000000441e+00,2.988281250000000000e+00
1.247984194755554199e+01,9.650000000000000355e+00,-5.496000000000000441e+00,1.318359375000000000e+00
1.252763319015502930e+01,9.150000000000000355e+00,-5.496000000000000441e+00,-3.515625000000000000e-01
1.257562041282653809e+01,1.041000000000000014e+01,-5.038000000000000256e+00,-1.933593750000000000e+00
1.262361192703247070e+01,1.456000000000000050e+01,-4.809000000000000163e+00,-3.339843750000000000e+00
1.267162156105041504e+01,1.692999999999999972e+01,-4.809000000000000163e+00,-4.746093750000000000e+00
1.271960520744323730e+01,1.283000000000000007e+01,-4.121999999999999886e+00,-6.064453125000000000e+00
1.276760029792785645e+01,1.712999999999999901e+01,-4.121999999999999886e+00,-7.207031250000000000e+00
1.281561660766601562e+01,1.723000000000000043e+01,-3.893000000000000238e+00,-8.437500000000000000e+00
1.286361145973205566e+01,1.705000000000000071e+01,-3.435000000000000053e+00,-9.316406250000000000e+00
1.291160845756530762e+01,1.571000000000000085e+01,-2.977000000000000313e+00,-1.028320312500000000e+01
1.295958685874938965e+01,1.612999999999999901e+01,-2.290000000000000036e+00,-1.098632812500000000e+01
1.300760388374328613e+01,1.750000000000000000e+01,-1.832000000000000073e+00,-1.151367187500000000e+01
1.305560994148254395e+01,1.503999999999999915e+01,-1.374000000000000110e+00,-1.195312500000000000e+01
1.310358667373657227e+01,1.323000000000000043e+01,-9.160000000000000364e-01,-1.230468750000000000e+01
1.315159416198730469e+01,1.513000000000000078e+01,-4.580000000000000182e-01,-1.239257812500000000e+01
1.319959473609924316e+01,1.405000000000000071e+01,-2.290000000000000091e-01,-1.248046875000000000e+01
1.324759483337402344e+01,1.414000000000000057e+01,0.000000000000000000e+00,-1.248046875000000000e+01
1.329560160636901855e+01,1.367999999999999972e+01,0.000000000000000000e+00,-1.248046875000000000e+01
1.334364461898803711e+01,7.519999999999999574e+00,1.145000000000000018e+00,-1.221679687500000000e+01
1.339171338081359863e+01,1.028999999999999915e+01,1.832000000000000073e+00,-1.160156250000000000e+01
1.343974757194519043e+01,1.111999999999999922e+01,2.060999999999999943e+00,-1.098632812500000000e+01
1.348772478103637695e+01,7.910000000000000142e+00,2.519000000000000128e+00,-1.028320312500000000e+01
1.353565740585327148e+01,3.870000000000000107e+00,3.435000000000000053e+00,-9.228515625000000000e+00
1.358354902267456055e+01,4.370000000000000107e+00,3.664000000000000146e+00,-8.261718750000000000e+00
1.363155674934387207e+01,3.509999999999999787e+00,3.893000000000000238e+00,-7.031250000000000000e+00
1.367954754829406738e+01,1.469999999999999973e+00,4.121999999999999886e+00,-5.888671875000000000e+00
1.372756028175354004e+01,-2.759999999999999787e+00,4.580000000000000071e+00,-4.482421875000000000e+00
1.377557873725891113e+01,-1.959999999999999964e+00,5.038000000000000256e+00,-3.076171875000000000e+00
1.382356905937194824e+01,-3.580000000000000071e+00,5.038000000000000256e+00,-1.582031250000000000e+00
1.387154150009155273e+01,-7.330000000000000071e+00,5.496000000000000441e+00,0.000000000000000000e+00
1.391954684257507324e+01,-4.759999999999999787e+00,5.725000000000000533e+00,1.757812500000000000e+00
1.396753931045532227e+01,-2.720000000000000195e+00,5.725000000000000533e+00,3.427734375000000000e+00
1.401555538177490234e+01,-3.990000000000000213e+00,5.725000000000000533e+00,5.009765625000000000e+00
1.406354761123657227e+01,-6.120000000000000107e+00,5.725000000000000533e+00,6.679687500000000000e+00
1.411154580116271973e+01,-3.850000000000000089e+00,5.954000000000000625e+00,8.437500000000000000e+00
1.415955305099487305e+01,-4.160000000000000142e+00,5.954000000000000625e+00,1.010742187500000000e+01
1.420756483078002930e+01,-4.530000000000000249e+00,5.954000000000000625e+00,1.186523437500000000e+01
1.425554490089416504e+01,-5.240000000000000213e+00,5.725000000000000533e+00,1.362304687500000000e+01
1.430350780487060547e+01,-2.359999999999999876e+00,5.267000000000000348e+00,1.520507812500000000e+01
1.435152101516723633e+01,-4.370000000000000107e+00,5.038000000000000256e+00,1.669921875000000000e+01
1.439960837364196777e+01,-1.830000000000000071e+00,4.809000000000000163e+00,1.810546875000000000e+01
1.444760394096374512e+01,-2.680000000000000160e+00,4.580000000000000071e+00,1.951171875000000000e+01
1.449560546875000000e+01,-1.149999999999999911e+00,4.350999999999999979e+00,2.083007812500000000e+01
1.454365921020507812e+01,1.750000000000000000e+00,3.664000000000000146e+00,2.197265625000000000e+01
1.459150505065917969e+01,-1.439999999999999947e+00,3.435000000000000053e+00,2.302734375000000000e+01
1.463951754570007324e+01,-1.469999999999999973e+00,3.205999999999999961e+00,2.399414062500000000e+01
1.468749713897705078e+01,3.900000000000000133e-01,2.748000000000000220e+00,2.478515625000000000e+01
1.473547601699829102e+01,6.899999999999999467e-01,2.060999999999999943e+00,2.557617187500000000e+01
1.478349065780639648e+01,1.469999999999999973e+00,1.374000000000000110e+00,2.601562500000000000e+01
1.483151316642761230e+01,1.610000000000000098e+00,9.160000000000000364e-01,2.627929687500000000e+01
1.487948465347290039e+01,-2.399999999999999911e-01,4.580000000000000182e-01,2.654296875000000000e+01
1.492750740051269531e+01,1.689999999999999947e+00,4.580000000000000182e-01,2.671875000000000000e+01
1.497548484802246094e+01,2.060000000000000053e+00,2.290000000000000091e-01,2.671875000000000000e+01
1.502352952957153320e+01,5.200000000000000178e+00,-2.290000000000000091e-01,2.671875000000000000e+01
1.507149434089660645e+01,5.440000000000000391e+00,-6.870000000000000551e-01,2.645507812500000000e+01
1.511947536468505859e+01,5.709999999999999964e+00,-1.374000000000000110e+00,2.601562500000000000e+01
1.516747331619262695e+01,6.820000000000000284e+00,-1.832000000000000073e+00,2.540039062500000000e+01
1.521548151969909668e+01,8.490000000000000213e+00,-2.519000000000000128e+00,2.469726562500000000e+01
1.526346731185913086e+01,6.849999999999999645e+00,-2.977000000000000313e+00,2.381835937500000000e+01
1.531145334243774414e+01,7.459999999999999964e+00,-3.435000000000000053e+00,2.276367187500000000e+01
1.535944795608520508e+01,9.189999999999999503e+00,-3.664000000000000146e+00,2.170898437500000000e+01
1.540746331214904785e+01,7.320000000000000284e+00,-4.121999999999999886e+00,2.047851562500000000e+01
1.545547628402709961e+01,6.950000000000000178e+00,-4.580000000000000071e+00,1.907226562500000000e+01
1.550363850593566895e+01,5.879999999999999893e+00,-4.809000000000000163e+00,1.766601562500000000e+01
1.555145907402038574e+01,7.610000000000000320e+00,-5.038000000000000256e+00,1.625976562500000000e+01
1.559944200515747070e+01,8.890000000000000568e+00,-5.267000000000000348e+00,1.467773437500000000e+01
1.564746236801147461e+01,7.660000000000000142e+00,-5.496000000000000441e+00,1.300781250000000000e+01
1.569545912742614746e+01,7.040000000000000036e+00,-5.496000000000000441e+00,1.142578125000000000e+01
1.574342966079711914e+01,7.769999999999999574e+00,-5.725000000000000533e+00,9.667968750000000000e+00
1.579144549369812012e+01,8.050000000000000711e+00,-5.954000000000000625e+00,7.998046875000000000e+00
1.583943796157836914e+01,6.650000000000000355e+00,-5.954000000000000625e+00,6.240234375000000000e+00
1.588746333122253418e+01,8.259999999999999787e+00,-5.954000000000000625e+00,4.482421875000000000e+00
1.593544745445251465e+01,7.919999999999999929e+00,-5.496000000000000441e+00,2.812500000000000000e+00
1.598344445228576660e+01,9.960000000000000853e+00,-5.496000000000000441e+00,1.230468750000000000e+00
1.603142213821411133e+01,1.160999999999999943e+01,-5.496000000000000441e+00,-4.394531250000000000e-01
1.607943272590637207e+01,1.317999999999999972e+01,-5.267000000000000348e+00,-2.021484375000000000e+00
1.612744879722595215e+01,1.555000000000000071e+01,-5.038000000000000256e+00,-3.427734375000000000e+00
1.617544937133789062e+01,1.742000000000000171e+01,-4.809000000000000163e+00,-4.921875000000000000e+00
1.622342824935913086e+01,1.450000000000000000e+01,-4.121999999999999886e+00,-6.152343750000000000e+00
1.627141880989074707e+01,1.858999999999999986e+01,-3.893000000000000238e+00,-7.382812500000000000e+00
1.631941223144531250e+01,1.641000000000000014e+01,-3.664000000000000146e+00,-8.437500000000000000e+00
1.636742210388183594e+01,1.705000000000000071e+01,-3.435000000000000053e+00,-9.404296875000000000e+00
1.641541719436645508e+01,1.401999999999999957e+01,-2.977000000000000313e+00,-1.037109375000000000e+01
1.646348643302917480e+01,1.507000000000000028e+01,-2.290000000000000036e+00,-1.098632812500000000e+01
1.651145195960998535e+01,1.662000000000000099e+01,-1.832000000000000073e+00,-1.160156250000000000e+01
1.655961012840270996e+01,1.409999999999999964e+01,-1.374000000000000110e+00,-1.204101562500000000e+01
1.660740399360656738e+01,1.350999999999999979e+01,-6.870000000000000551e-01,-1.230468750000000000e+01
1.665537381172180176e+01,1.540000000000000036e+01,-2.290000000000000091e-01,-1.239257812500000000e+01
1.670340085029602051e+01,1.451999999999999957e+01,-2.290000000000000091e-01,-1.248046875000000000e+01
1.675141072273254395e+01,1.403999999999999915e+01,0.000000000000000000e+00,-1.248046875000000000e+01
1.679939985275268555e+01,1.275999999999999979e+01,0.000000000000000000e+00,-1.248046875000000000e+01
1.684741044044494629e+01,7.269999999999999574e+00,1.145000000000000018e+00,-1.212890625000000000e+01
1.689541053771972656e+01,9.890000000000000568e+00,1.832000000000000073e+00,-1.160156250000000000e+01
1.694338083267211914e+01,7.530000000000000249e+00,2.290000000000000036e+00,-1.098632812500000000e+01
1.699137639999389648e+01,6.929999999999999716e+00,2.519000000000000128e+00,-1.019531250000000000e+01
1.703937649726867676e+01,2.910000000000000142e+00,3.435000000000000053e+00,-9.228515625000000000e+00
1.708736300468444824e+01,3.209999999999999964e+00,3.893000000000000238e+00,-8.173828125000000000e+00
1.713538694381713867e+01,5.899999999999999689e-01,4.121999999999999886e+00,-6.943359375000000000e+00
1.718336939811706543e+01,-7.299999999999999822e-01,4.350999999999999979e+00,-5.712890625000000000e+00
1.723136281967163086e+01,-3.279999999999999805e+00,4.809000000000000163e+00,-4.306640625000000000e+00
1.727938508987426758e+01,-3.959999999999999964e+00,5.038000000000000256e+00,-2.900390625000000000e+00
1.732736539840698242e+01,-4.339999999999999858e+00,5.038000000000000256e+00,-1.406250000000000000e+00
1.737535643577575684e+01,-8.169999999999999929e+00,5.496000000000000441e+00,1.757812500000000000e-01
1.742335510253906250e+01,-5.179999999999999716e+00,5.725000000000000533e+00,1.933593750000000000e+00
1.747134208679199219e+01,2.000000000000000042e-02,5.496000000000000441e+00,3.603515625000000000e+00
1.751948451995849609e+01,-2.600000000000000089e+00,5.496000000000000441e+00,5.185546875000000000e+00
1.756746888160705566e+01,-3.930000000000000160e+00,5.725000000000000533e+00,6.855468750000000000e+00
1.761539840698242188e+01,-3.029999999999999805e+00,5.954000000000000625e+00,8.525390625000000000e+00
1.766332721710205078e+01,-3.029999999999999805e+00,5.954000000000000625e+00,1.028320312500000000e+01
1.771131777763366699e+01,-3.189999999999999947e+00,5.954000000000000625e+00,1.212890625000000000e+01
1.775932073593139648e+01,-2.240000000000000213e+00,5.725000000000000533e+00,1.371093750000000000e+01
1.780732703208923340e+01,-2.069999999999999840e+00,5.267000000000000348e+00,1.529296875000000000e+01
1.785531735420227051e+01,-3.470000000000000195e+00,5.267000000000000348e+00,1.678710937500000000e+01
1.790330195426940918e+01,-3.879999999999999893e+00,4.809000000000000163e+00,1.828125000000000000e+01
1.795132589340209961e+01,-3.669999999999999929e+00,4.580000000000000071e+00,1.968750000000000000e+01
1.799932312965393066e+01,-3.410000000000000142e+00,4.350999999999999979e+00,2.100585937500000000e+01
1.804730105400085449e+01,-6.099999999999999867e-01,3.664000000000000146e+00,2.206054687500000000e+01
1.809529685974121094e+01,-2.959999999999999964e+00,3.435000000000000053e+00,2.311523437500000000e+01
1.814339542388916016e+01,-1.850000000000000089e+00,3.205999999999999961e+00,2.408203125000000000e+01
1.819133281707763672e+01,-1.239999999999999991e+00,2.519000000000000128e+00,2.487304687500000000e+01
1.823929095268249512e+01,1.139999999999999902e+00,2.060999999999999943e+00,2.557617187500000000e+01
1.828730010986328125e+01,9.399999999999999467e-01,1.374000000000000110e+00,2.601562500000000000e+01
1.833529710769653320e+01,1.870000000000000107e+00,9.160000000000000364e-01,2.636718750000000000e+01
1.838329482078552246e+01,1.100000000000000006e-01,4.580000000000000182e-01,2.654296875000000000e+01
1.843135881423950195e+01,1.560000000000000053e+00,4.580000000000000182e-01,2.671875000000000000e+01
1.847936129570007324e+01,1.580000000000000071e+00,2.290000000000000091e-01,2.680664062500000000e+01
1.852740120887756348e+01,4.969999999999999751e+00,-4.580000000000000182e-01,2.671875000000000000e+01
1.857539343833923340e+01,4.650000000000000355e+00,-9.160000000000000364e-01,2.636718750000000000e+01
1.862336730957031250e+01,3.850000000000000089e+00,-1.374000000000000110e+00,2.592773437500000000e+01
1.867126727104187012e+01,4.870000000000000107e+00,-2.060999999999999943e+00,2.531250000000000000e+01
1.871928191184997559e+01,6.750000000000000000e+00,-2.519000000000000128e+00,2.460937500000000000e+01
1.876730751991271973e+01,5.540000000000000036e+00,-2.977000000000000313e+00,2.373046875000000000e+01
1.881527662277221680e+01,7.240000000000000213e+00,-3.435000000000000053e+00,2.276367187500000000e+01
1.886329317092895508e+01,8.480000000000000426e+00,-3.893000000000000238e+00,2.162109375000000000e+01
1.891130542755126953e+01,9.349999999999999645e+00,-4.350999999999999979e+00,2.039062500000000000e+01
1.895925903320312500e+01,7.629999999999999893e+00,-4.580000000000000071e+00,1.898437500000000000e+01
1.900730228424072266e+01,8.669999999999999929e+00,-4.809000000000000163e+00,1.757812500000000000e+01
1.905527377128601074e+01,9.439999999999999503e+00,-5.038000000000000256e+00,1.608398437500000000e+01
1.910325717926025391e+01,1.026999999999999957e+01,-5.496000000000000441e+00,1.450195312500000000e+01
1.915129852294921875e+01,7.370000000000000107e+00,-5.725000000000000533e+00,1.283203125000000000e+01
1.919926118850708008e+01,7.160000000000000142e+00,-5.725000000000000533e+00,1.116210937500000000e+01
1.924724078178405762e+01,9.449999999999999289e+00,-5.725000000000000533e+00,9.492187500000000000e+00
1.929525947570800781e+01,8.939999999999999503e+00,-5.954000000000000625e+00,7.822265625000000000e+00
1.934324455261230469e+01,6.240000000000000213e+00,-5.725000000000000533e+00,6.064453125000000000e+00
1.939125275611877441e+01,9.150000000000000355e+00,-5.954000000000000625e+00,4.306640625000000000e+00
1.943923377990722656e+01,5.950000000000000178e+00,-5.725000000000000533e+00,2.724609375000000000e+00
1.948730564117431641e+01,8.220000000000000639e+00,-5.725000000000000533e+00,1.054687500000000000e+00
1.953541374206542969e+01,7.549999999999999822e+00,-5.496000000000000441e+00,-6.152343750000000000e-01
1.958330869674682617e+01,1.100000000000000000e+01,-5.038000000000000256e+00,-2.109375000000000000e+00
1.963132596015930176e+01,1.493999999999999950e+01,-4.809000000000000163e+00,-3.603515625000000000e+00
1.967922329902648926e+01,1.608999999999999986e+01,-4.809000000000000163e+00,-5.009765625000000000e+00
1.972723031044006348e+01,1.138000000000000078e+01,-4.121999999999999886e+00,-6.240234375000000000e+00
1.977520990371704102e+01,1.766000000000000014e+01,-3.893000000000000238e+00,-7.470703125000000000e+00
1.982321524620056152e+01,1.650000000000000000e+01,-3.893000000000000238e+00,-8.525390625000000000e+00
1.987123799324035645e+01,1.558999999999999986e+01,-3.435000000000000053e+00,-9.580078125000000000e+00
1.991928315162658691e+01,1.442999999999999972e+01,-2.748000000000000220e+00,-1.037109375000000000e+01
1.996721863746643066e+01,1.621999999999999886e+01,-2.060999999999999943e+00,-1.107421875000000000e+01
2.001533102989196777e+01,1.737000000000000099e+01,-1.832000000000000073e+00,-1.160156250000000000e+01
2.006322717666625977e+01,1.414000000000000057e+01,-1.374000000000000110e+00,-1.204101562500000000e+01
2.011119604110717773e+01,1.353999999999999915e+01,-6.870000000000000551e-01,-1.230468750000000000e+01
2.015920138359069824e+01,1.518999999999999950e+01,-2.290000000000000091e-01,-1.239257812500000000e+01
2.020721864700317383e+01,1.405000000000000071e+01,0.000000000000000000e+00,-1.248046875000000000e+01
2.025519633293151855e+01,1.291999999999999993e+01,0.000000000000000000e+00,-1.248046875000000000e+01
2.030318379402160645e+01,1.074000000000000021e+01,2.290000000000000091e-01,-1.239257812500000000e+01
2.035119414329528809e+01,7.709999999999999964e+00,1.145000000000000018e+00,-1.204101562500000000e+01
2.039919710159301758e+01,8.660000000000000142e+00,1.832000000000000073e+00,-1.151367187500000000e+01
2.044719004631042480e+01,7.799999999999999822e+00,2.290000000000000036e+00,-1.081054687500000000e+01
2.049518871307373047e+01,5.089999999999999858e+00,2.748000000000000220e+00,-1.001953125000000000e+01
2.054328298568725586e+01,4.780000000000000249e+00,3.205999999999999961e+00,-9.052734375000000000e+00
2.059135460853576660e+01,4.040000000000000036e+00,3.664000000000000146e+00,-8.085937500000000000e+00
2.063927817344665527e+01,2.160000000000000142e+00,4.121999999999999886e+00,-6.855468750000000000e+00
2.068724751472473145e+01,1.750000000000000000e+00,4.121999999999999886e+00,-5.625000000000000000e+00
2.073515820503234863e+01,-2.279999999999999805e+00,4.809000000000000163e+00,-4.306640625000000000e+00
2.078316378593444824e+01,-3.180000000000000160e+00,5.038000000000000256e+00,-2.812500000000000000e+00
2.083117437362670898e+01,-3.250000000000000000e+00,5.267000000000000348e+00,-1.230468750000000000e+00
2.087919139862060547e+01,-5.910000000000000142e+00,5.496000000000000441e+00,3.515625000000000000e-01
2.092716979980468750e+01,-4.570000000000000284e+00,5.496000000000000441e+00,1.933593750000000000e+00
2.097515368461608887e+01,-1.870000000000000107e+00,5.496000000000000441e+00,3.691406250000000000e+00
2.102315735816955566e+01,-4.259999999999999787e+00,5.496000000000000441e+00,5.273437500000000000e+00
2.107113480567932129e+01,-6.769999999999999574e+00,5.954000000000000625e+00,7.031250000000000000e+00
2.111915373802185059e+01,-2.709999999999999964e+00,5.954000000000000625e+00,8.701171875000000000e+00
2.116714787483215332e+01,-3.569999999999999840e+00,5.725000000000000533e+00,1.045898437500000000e+01
2.121514630317687988e+01,-3.970000000000000195e+00,5.954000000000000625e+00,1.212890625000000000e+01
2.126314425468444824e+01,-4.389999999999999680e+00,5.725000000000000533e+00,1.379882812500000000e+01
2.131115078926086426e+01,-3.729999999999999982e+00,5.496000000000000441e+00,1.546875000000000000e+01
2.135914039611816406e+01,-3.069999999999999840e+00,5.038000000000000256e+00,1.696289062500000000e+01
2.140711903572082520e+01,-4.849999999999999645e+00,4.580000000000000071e+00,1.836914062500000000e+01
2.145511627197265625e+01,-2.259999999999999787e+00,4.580000000000000071e+00,1.968750000000000000e+01
2.150321245193481445e+01,-1.929999999999999938e+00,4.350999999999999979e+00,2.100585937500000000e+01
2.155130386352539062e+01,5.899999999999999689e-01,3.664000000000000146e+00,2.214843750000000000e+01
2.159920620918273926e+01,-1.400000000000000133e-01,3.435000000000000053e+00,2.320312500000000000e+01
2.164719104766845703e+01,-1.179999999999999938e+00,2.977000000000000313e+00,2.408203125000000000e+01
2.169517254829406738e+01,1.000000000000000021e-02,2.748000000000000220e+00,2.487304687500000000e+01
2.174310874938964844e+01,2.279999999999999805e+00,2.060999999999999943e+00,2.557617187500000000e+01
2.179109692573547363e+01,1.620000000000000107e+00,1.145000000000000018e+00,2.601562500000000000e+01
2.183910322189331055e+01,1.530000000000000027e+00,9.160000000000000364e-01,2.636718750000000000e+01
2.188707542419433594e+01,-3.400000000000000244e-01,4.580000000000000182e-01,2.654296875000000000e+01
2.193509697914123535e+01,2.390000000000000124e+00,4.580000000000000182e-01,2.671875000000000000e+01
2.198308706283569336e+01,1.770000000000000018e+00,0.000000000000000000e+00,2.671875000000000000e+01
2.203108716011047363e+01,4.910000000000000142e+00,-2.290000000000000091e-01,2.663085937500000000e+01
2.207908725738525391e+01,5.330000000000000071e+00,-9.160000000000000364e-01,2.636718750000000000e+01
2.212707471847534180e+01,5.879999999999999893e+00,-1.374000000000000110e+00,2.592773437500000000e+01
2.217509007453918457e+01,6.269999999999999574e+00,-2.060999999999999943e+00,2.540039062500000000e+01
2.222315502166748047e+01,7.980000000000000426e+00,-2.519000000000000128e+00,2.460937500000000000e+01
2.227108669281005859e+01,6.919999999999999929e+00,-2.977000000000000313e+00,2.373046875000000000e+01
2.231907248497009277e+01,7.969999999999999751e+00,-3.435000000000000053e+00,2.267578125000000000e+01
2.236707973480224609e+01,8.880000000000000782e+00,-3.893000000000000238e+00,2.153320312500000000e+01
2.241507172584533691e+01,1.002999999999999936e+01,-4.350999999999999979e+00,2.030273437500000000e+01
2.246306276321411133e+01,8.750000000000000000e+00,-4.809000000000000163e+00,1.889648437500000000e+01
2.251108789443969727e+01,8.119999999999999218e+00,-4.809000000000000163e+00,1.740234375000000000e+01
2.255905890464782715e+01,6.269999999999999574e+00,-5.038000000000000256e+00,1.599609375000000000e+01
2.260713386535644531e+01,7.809999999999999609e+00,-5.267000000000000348e+00,1.441406250000000000e+01
2.265511202812194824e+01,6.230000000000000426e+00,-5.496000000000000441e+00,1.283203125000000000e+01
2.270321583747863770e+01,6.639999999999999680e+00,-5.496000000000000441e+00,1.107421875000000000e+01
2.275105619430541992e+01,7.110000000000000320e+00,-5.725000000000000533e+00,9.404296875000000000e+00
2.279905581474304199e+01,7.929999999999999716e+00,-5.954000000000000625e+00,7.734375000000000000e+00
2.284706234931945801e+01,6.099999999999999645e+00,-5.725000000000000533e+00,5.976562500000000000e+00
2.289504551887512207e+01,7.610000000000000320e+00,-5.725000000000000533e+00,4.306640625000000000e+00
2.294303870201110840e+01,7.019999999999999574e+00,-5.496000000000000441e+00,2.636718750000000000e+00
2.299103355407714844e+01,1.008999999999999986e+01,-5.725000000000000533e+00,9.667968750000000000e-01
2.303903818130493164e+01,9.849999999999999645e+00,-5.496000000000000441e+00,-7.031250000000000000e-01
2.308704161643981934e+01,1.294999999999999929e+01,-5.038000000000000256e+00,-2.197265625000000000e+00
2.313502359390258789e+01,1.451999999999999957e+01,-5.038000000000000256e+00,-3.691406250000000000e+00
2.318303823471069336e+01,1.648999999999999844e+01,-4.809000000000000163e+00,-5.097656250000000000e+00
2.323103022575378418e+01,1.380000000000000071e+01,-4.121999999999999886e+00,-6.328125000000000000e+00
2.327903532981872559e+01,1.891000000000000014e+01,-3.893000000000000238e+00,-7.558593750000000000e+00
2.332703161239624023e+01,1.732000000000000028e+01,-3.664000000000000146e+00,-8.613281250000000000e+00
2.337501573562622070e+01,1.580000000000000071e+01,-3.435000000000000053e+00,-9.580078125000000000e+00
2.342305755615234375e+01,1.533000000000000007e+01,-2.748000000000000220e+00,-1.045898437500000000e+01
2.347108507156372070e+01,1.637000000000000099e+01,-2.060999999999999943e+00,-1.107421875000000000e+01
2.351904439926147461e+01,1.561999999999999922e+01,-1.602999999999999980e+00,-1.168945312500000000e+01
2.356710982322692871e+01,1.346000000000000085e+01,-1.145000000000000018e+00,-1.204101562500000000e+01
2.361527776718139648e+01,1.352999999999999936e+01,-6.870000000000000551e-01,-1.230468750000000000e+01
2.366312861442565918e+01,1.519999999999999929e+01,-2.290000000000000091e-01,-1.239257812500000000e+01
2.371122527122497559e+01,1.371000000000000085e+01,-2.290000000000000091e-01,-1.248046875000000000e+01
2.375909042358398438e+01,1.332000000000000028e+01,0.000000000000000000e+00,-1.248046875000000000e+01
2.380698752403259277e+01,1.133999999999999986e+01,4.580000000000000182e-01,-1.239257812500000000e+01
2.385497474670410156e+01,8.759999999999999787e+00,1.374000000000000110e+00,-1.204101562500000000e+01
2.390300631523132324e+01,9.779999999999999361e+00,1.832000000000000073e+00,-1.151367187500000000e+01
2.395098257064819336e+01,8.369999999999999218e+00,2.060999999999999943e+00,-1.081054687500000000e+01
2.399902176856994629e+01,5.540000000000000036e+00,2.748000000000000220e+00,-1.001953125000000000e+01
2.404697394371032715e+01,3.089999999999999858e+00,3.435000000000000053e+00,-9.052734375000000000e+00
2.409497427940368652e+01,2.660000000000000142e+00,3.893000000000000238e+00,-7.998046875000000000e+00
2.414296340942382812e+01,7.800000000000000266e-01,4.121999999999999886e+00,-6.767578125000000000e+00
2.419099903106689453e+01,-9.100000000000000311e-01,4.350999999999999979e+00,-5.537109375000000000e+00
2.423897099494934082e+01,-4.200000000000000178e+00,4.580000000000000071e+00,-4.130859375000000000e+00
2.428696489334106445e+01,-5.120000000000000107e+00,5.038000000000000256e+00,-2.636718750000000000e+00
2.433496952056884766e+01,-4.059999999999999609e+00,5.267000000000000348e+00,-1.142578125000000000e+00
2.438295698165893555e+01,-7.009999999999999787e+00,5.496000000000000441e+00,4.394531250000000000e-01
2.443097281455993652e+01,-5.719999999999999751e+00,5.954000000000000625e+00,2.197265625000000000e+00
2.447895574569702148e+01,-1.209999999999999964e+00,5.496000000000000441e+00,3.779296875000000000e+00
2.452694892883300781e+01,-5.019999999999999574e+00,5.496000000000000441e+00,5.537109375000000000e+00
2.457496285438537598e+01,-7.280000000000000249e+00,5.725000000000000533e+00,7.207031250000000000e+00
2.462304782867431641e+01,-3.049999999999999822e+00,5.954000000000000625e+00,8.876953125000000000e+00
2.467101407051086426e+01,-2.330000000000000071e+00,5.954000000000000625e+00,1.063476562500000000e+01
2.471906113624572754e+01,-1.610000000000000098e+00,5.725000000000000533e+00,1.239257812500000000e+01
2.476698946952819824e+01,-2.379999999999999893e+00,5.496000000000000441e+00,1.397460937500000000e+01
2.481494569778442383e+01,-3.120000000000000107e+00,5.267000000000000348e+00,1.555664062500000000e+01
2.486293911933898926e+01,-2.430000000000000160e+00,5.038000000000000256e+00,1.705078125000000000e+01
2.491092944145202637e+01,-3.560000000000000053e+00,4.580000000000000071e+00,1.845703125000000000e+01
2.495892310142517090e+01,-2.950000000000000178e+00,4.580000000000000071e+00,1.977539062500000000e+01
2.500691914558410645e+01,-4.400000000000000355e+00,4.350999999999999979e+00,2.109375000000000000e+01
2.505494761466979980e+01,-5.400000000000000355e-01,3.893000000000000238e+00,2.223632812500000000e+01
2.510291123390197754e+01,-1.419999999999999929e+00,3.435000000000000053e+00,2.329101562500000000e+01
2.515096163749694824e+01,-1.639999999999999902e+00,2.977000000000000313e+00,2.416992187500000000e+01
2.519892716407775879e+01,-1.830000000000000071e+00,2.519000000000000128e+00,2.496093750000000000e+01
2.524691009521484375e+01,1.479999999999999982e+00,2.060999999999999943e+00,2.557617187500000000e+01
2.529491710662841797e+01,8.299999999999999600e-01,1.374000000000000110e+00,2.610351562500000000e+01
2.534290862083435059e+01,1.340000000000000080e+00,9.160000000000000364e-01,2.636718750000000000e+01
2.539090228080749512e+01,4.099999999999999756e-01,4.580000000000000182e-01,2.654296875000000000e+01
2.543891692161560059e+01,2.020000000000000018e+00,4.580000000000000182e-01,2.671875000000000000e+01
2.548692059516906738e+01,2.669999999999999929e+00,2.290000000000000091e-01,2.680664062500000000e+01
2.553492259979248047e+01,6.040000000000000036e+00,-4.580000000000000182e-01,2.671875000000000000e+01
2.558290815353393555e+01,5.440000000000000391e+00,-9.160000000000000364e-01,2.636718750000000000e+01
2.563098955154418945e+01,4.309999999999999609e+00,-1.602999999999999980e+00,2.592773437500000000e+01
2.567901229858398438e+01,4.450000000000000178e+00,-2.060999999999999943e+00,2.531250000000000000e+01
2.572699999809265137e+01,6.480000000000000426e+00,-2.519000000000000128e+00,2.452148437500000000e+01
2.577498698234558105e+01,5.769999999999999574e+00,-2.977000000000000313e+00,2.364257812500000000e+01
2.582286882400512695e+01,6.549999999999999822e+00,-3.435000000000000053e+00,2.258789062500000000e+01
2.587087798118591309e+01,7.379999999999999893e+00,-3.893000000000000238e+00,2.144531250000000000e+01
2.591887402534484863e+01,8.720000000000000639e+00,-4.350999999999999979e+00,2.012695312500000000e+01
2.596688318252563477e+01,7.820000000000000284e+00,-4.580000000000000071e+00,1.872070312500000000e+01
2.601488518714904785e+01,8.310000000000000497e+00,-4.809000000000000163e+00,1.731445312500000000e+01
2.606286311149597168e+01,8.960000000000000853e+00,-5.038000000000000256e+00,1.582031250000000000e+01
2.611085867881774902e+01,8.990000000000000213e+00,-5.496000000000000441e+00,1.423828125000000000e+01
2.615885257720947266e+01,6.830000000000000071e+00,-5.496000000000000441e+00,1.256835937500000000e+01
2.620686888694763184e+01,7.639999999999999680e+00,-5.496000000000000441e+00,1.098632812500000000e+01
2.625490927696228027e+01,9.599999999999999645e+00,-5.725000000000000533e+00,9.228515625000000000e+00
2.630287098884582520e+01,8.750000000000000000e+00,-5.954000000000000625e+00,7.558593750000000000e+00
2.635086202621459961e+01,6.070000000000000284e+00,-5.725000000000000533e+00,5.800781250000000000e+00
2.639887523651123047e+01,8.660000000000000142e+00,-5.954000000000000625e+00,4.130859375000000000e+00
2.644684791564941406e+01,9.539999999999999147e+00,-5.725000000000000533e+00,2.373046875000000000e+00
2.649484944343566895e+01,1.032000000000000028e+01,-5.496000000000000441e+00,7.031250000000000000e-01
2.654282045364379883e+01,1.008000000000000007e+01,-5.496000000000000441e+00,-8.789062500000000000e-01
2.659084653854370117e+01,1.441999999999999993e+01,-5.038000000000000256e+00,-2.373046875000000000e+00
2.663884210586547852e+01,1.327999999999999936e+01,-4.809000000000000163e+00,-3.779296875000000000e+00
2.668699121475219727e+01,1.397000000000000064e+01,-4.809000000000000163e+00,-5.185546875000000000e+00
2.673495841026306152e+01,1.282000000000000028e+01,-4.121999999999999886e+00,-6.416015625000000000e+00
2.678295087814331055e+01,1.541999999999999993e+01,-3.893000000000000238e+00,-7.646484375000000000e+00
2.683082127571105957e+01,1.603000000000000114e+01,-3.664000000000000146e+00,-8.613281250000000000e+00
2.687885332107543945e+01,1.527999999999999936e+01,-3.205999999999999961e+00,-9.667968750000000000e+00
2.692681956291198730e+01,1.441999999999999993e+01,-2.748000000000000220e+00,-1.054687500000000000e+01
2.697482228279113770e+01,1.475000000000000000e+01,-2.060999999999999943e+00,-1.116210937500000000e+01
2.702282810211181641e+01,1.676999999999999957e+01,-1.832000000000000073e+00,-1.168945312500000000e+01
2.707080650329589844e+01,1.326999999999999957e+01,-1.145000000000000018e+00,-1.212890625000000000e+01
2.711880421638488770e+01,1.308000000000000007e+01,-4.580000000000000182e-01,-1.230468750000000000e+01
2.716681003570556641e+01,1.533999999999999986e+01,-2.290000000000000091e-01,-1.239257812500000000e+01
2.721480584144592285e+01,1.416000000000000014e+01,0.000000000000000000e+00,-1.239257812500000000e+01
2.726285433769226074e+01,1.272000000000000064e+01,0.000000000000000000e+00,-1.248046875000000000e+01
2.731080889701843262e+01,9.210000000000000853e+00,4.580000000000000182e-01,-1.230468750000000000e+01
2.735879945755004883e+01,9.390000000000000568e+00,1.374000000000000110e+00,-1.186523437500000000e+01
2.740679407119750977e+01,9.210000000000000853e+00,1.602999999999999980e+00,-1.142578125000000000e+01
2.745477890968322754e+01,6.639999999999999680e+00,2.060999999999999943e+00,-1.072265625000000000e+01
2.750278544425964355e+01,3.500000000000000000e+00,2.748000000000000220e+00,-1.001953125000000000e+01
2.755077528953552246e+01,3.250000000000000000e+00,3.435000000000000053e+00,-8.964843750000000000e+00
2.759877371788024902e+01,1.659999999999999920e+00,3.893000000000000238e+00,-7.910156250000000000e+00
2.764677429199218750e+01,2.069999999999999840e+00,4.121999999999999886e+00,-6.767578125000000000e+00
2.769489169120788574e+01,5.999999999999999778e-01,4.350999999999999979e+00,-5.537109375000000000e+00
2.774287962913513184e+01,-2.319999999999999840e+00,5.038000000000000256e+00,-4.042968750000000000e+00
2.779084110260009766e+01,-2.850000000000000089e+00,5.038000000000000256e+00,-2.548828125000000000e+00
2.783876514434814453e+01,-2.620000000000000107e+00,5.038000000000000256e+00,-9.667968750000000000e-01
2.788676214218139648e+01,-4.669999999999999929e+00,5.267000000000000348e+00,5.273437500000000000e-01
2.793474125862121582e+01,-3.819999999999999840e+00,5.496000000000000441e+00,2.197265625000000000e+00
2.798275232315063477e+01,-2.229999999999999982e+00,5.496000000000000441e+00,3.867187500000000000e+00
2.803077054023742676e+01,-3.560000000000000053e+00,5.496000000000000441e+00,5.537109375000000000e+00
2.807875704765319824e+01,-6.730000000000000426e+00,5.954000000000000625e+00,7.294921875000000000e+00
2.812674474716186523e+01,-3.069999999999999840e+00,5.954000000000000625e+00,8.964843750000000000e+00
2.817475461959838867e+01,-3.220000000000000195e+00,5.954000000000000625e+00,1.063476562500000000e+01
2.822276759147644043e+01,-3.830000000000000071e+00,5.725000000000000533e+00,1.239257812500000000e+01
2.827073836326599121e+01,-3.680000000000000160e+00,5.725000000000000533e+00,1.415039062500000000e+01
2.831875205039978027e+01,-2.399999999999999911e+00,5.267000000000000348e+00,1.564453125000000000e+01
2.836672043800354004e+01,-2.950000000000000178e+00,4.809000000000000163e+00,1.713867187500000000e+01
2.841474080085754395e+01,-5.309999999999999609e+00,4.809000000000000163e+00,1.854492187500000000e+01
2.846272921562194824e+01,-3.720000000000000195e+00,4.809000000000000163e+00,1.986328125000000000e+01
2.851073288917541504e+01,-2.439999999999999947e+00,4.350999999999999979e+00,2.118164062500000000e+01
2.855870866775512695e+01,-2.069999999999999840e+00,3.664000000000000146e+00,2.232421875000000000e+01
2.860670948028564453e+01,-2.220000000000000195e+00,3.435000000000000053e+00,2.337890625000000000e+01
2.865476250648498535e+01,-1.499999999999999944e-01,2.977000000000000313e+00,2.425781250000000000e+01
2.870278620719909668e+01,-3.599999999999999867e-01,2.519000000000000128e+00,2.504882812500000000e+01
2.875077986717224121e+01,1.939999999999999947e+00,2.060999999999999943e+00,2.566406250000000000e+01
2.879882836341857910e+01,1.000000000000000000e+00,1.374000000000000110e+00,2.610351562500000000e+01
2.884677076339721680e+01,2.709999999999999964e+00,9.160000000000000364e-01,2.636718750000000000e+01
2.889474272727966309e+01,-2.899999999999999800e-01,4.580000000000000182e-01,2.654296875000000000e+01
2.894268751144409180e+01,1.760000000000000009e+00,2.290000000000000091e-01,2.671875000000000000e+01
2.899070072174072266e+01,3.040000000000000036e+00,0.000000000000000000e+00,2.680664062500000000e+01
2.903869390487670898e+01,5.320000000000000284e+00,-4.580000000000000182e-01,2.663085937500000000e+01
2.908669543266296387e+01,5.490000000000000213e+00,-1.145000000000000018e+00,2.636718750000000000e+01
2.913469696044921875e+01,5.419999999999999929e+00,-1.602999999999999980e+00,2.583984375000000000e+01
2.918267011642456055e+01,5.790000000000000036e+00,-2.060999999999999943e+00,2.522460937500000000e+01
2.923068118095397949e+01,7.059999999999999609e+00,-2.519000000000000128e+00,2.443359375000000000e+01
2.927868366241455078e+01,7.309999999999999609e+00,-2.977000000000000313e+00,2.355468750000000000e+01
2.932669091224670410e+01,7.669999999999999929e+00,-3.435000000000000053e+00,2.250000000000000000e+01
2.937469983100891113e+01,8.429999999999999716e+00,-3.893000000000000238e+00,2.135742187500000000e+01
2.942268681526184082e+01,9.320000000000000284e+00,-4.350999999999999979e+00,2.003906250000000000e+01
2.947067761421203613e+01,7.589999999999999858e+00,-4.580000000000000071e+00,1.863281250000000000e+01
2.951867461204528809e+01,7.780000000000000249e+00,-4.809000000000000163e+00,1.722656250000000000e+01
2.956668734550476074e+01,9.640000000000000568e+00,-5.038000000000000256e+00,1.573242187500000000e+01
2.961466217041015625e+01,9.720000000000000639e+00,-5.496000000000000441e+00,1.415039062500000000e+01
2.966264867782592773e+01,5.009999999999999787e+00,-5.496000000000000441e+00,1.248046875000000000e+01
2.971080827713012695e+01,5.830000000000000071e+00,-5.725000000000000533e+00,1.081054687500000000e+01
2.975869679450988770e+01,8.000000000000000000e+00,-5.954000000000000625e+00,9.052734375000000000e+00
2.980677247047424316e+01,6.169999999999999929e+00,-5.954000000000000625e+00,7.382812500000000000e+00
2.985466504096984863e+01,4.929999999999999716e+00,-5.725000000000000533e+00,5.712890625000000000e+00
2.990265727043151855e+01,6.969999999999999751e+00,-5.725000000000000533e+00,3.955078125000000000e+00
2.995064806938171387e+01,7.669999999999999929e+00,-5.725000000000000533e+00,2.285156250000000000e+00
2.999864935874938965e+01,9.500000000000000000e+00,-5.725000000000000533e+00,6.152343750000000000e-01
3.004674196243286133e+01,8.650000000000000355e+00,-5.267000000000000348e+00,-9.667968750000000000e-01
3.009466147422790527e+01,1.288000000000000078e+01,-5.038000000000000256e+00,-2.460937500000000000e+00
3.014264702796936035e+01,1.435999999999999943e+01,-4.809000000000000163e+00,-3.867187500000000000e+00
3.019065427780151367e+01,1.494999999999999929e+01,-4.580000000000000071e+00,-5.273437500000000000e+00
3.023866724967956543e+01,1.439000000000000057e+01,-4.121999999999999886e+00,-6.503906250000000000e+00
3.028663992881774902e+01,1.796999999999999886e+01,-3.893000000000000238e+00,-7.734375000000000000e+00
3.033462691307067871e+01,1.632999999999999829e+01,-3.664000000000000146e+00,-8.789062500000000000e+00
3.038261580467224121e+01,1.468999999999999950e+01,-3.205999999999999961e+00,-9.755859375000000000e+00
3.043062973022460938e+01,1.535999999999999943e+01,-2.519000000000000128e+00,-1.054687500000000000e+01
3.047862601280212402e+01,1.726000000000000156e+01,-2.060999999999999943e+00,-1.116210937500000000e+01
3.052660870552062988e+01,1.498000000000000043e+01,-1.832000000000000073e+00,-1.177734375000000000e+01
3.057460379600524902e+01,1.261999999999999922e+01,-1.145000000000000018e+00,-1.212890625000000000e+01
3.062260890007019043e+01,1.433999999999999986e+01,-4.580000000000000182e-01,-1.230468750000000000e+01
3.067061495780944824e+01,1.539000000000000057e+01,-2.290000000000000091e-01,-1.239257812500000000e+01
3.071860408782958984e+01,1.381000000000000050e+01,-2.290000000000000091e-01,-1.248046875000000000e+01
3.076671719551086426e+01,1.317999999999999972e+01,0.000000000000000000e+00,-1.248046875000000000e+01
3.081478166580200195e+01,9.060000000000000497e+00,6.870000000000000551e-01,-1.230468750000000000e+01
3.086273503303527832e+01,1.061999999999999922e+01,1.374000000000000110e+00,-1.186523437500000000e+01
3.091057610511779785e+01,9.980000000000000426e+00,1.602999999999999980e+00,-1.133789062500000000e+01
3.095860004425048828e+01,7.559999999999999609e+00,2.060999999999999943e+00,-1.072265625000000000e+01
3.100659728050231934e+01,5.559999999999999609e+00,2.748000000000000220e+00,-9.931640625000000000e+00
3.105459237098693848e+01,4.309999999999999609e+00,3.205999999999999961e+00,-8.876953125000000000e+00
3.110258650779724121e+01,3.020000000000000018e+00,3.893000000000000238e+00,-7.910156250000000000e+00
3.115058040618896484e+01,3.200000000000000067e-01,4.121999999999999886e+00,-6.679687500000000000e+00
3.119863510131835938e+01,-1.010000000000000009e+00,4.350999999999999979e+00,-5.361328125000000000e+00
3.124656939506530762e+01,-2.859999999999999876e+00,4.809000000000000163e+00,-3.955078125000000000e+00
3.129458665847778320e+01,-5.360000000000000320e+00,5.038000000000000256e+00,-2.460937500000000000e+00
3.134257674217224121e+01,-4.750000000000000000e+00,5.267000000000000348e+00,-9.667968750000000000e-01
3.139059019088745117e+01,-6.669999999999999929e+00,5.496000000000000441e+00,7.031250000000000000e-01
3.143857598304748535e+01,-4.320000000000000284e+00,5.725000000000000533e+00,2.373046875000000000e+00
3.148657870292663574e+01,-2.299999999999999822e+00,5.496000000000000441e+00,4.042968750000000000e+00
3.153457736968994141e+01,-4.879999999999999893e+00,5.725000000000000533e+00,5.712890625000000000e+00
3.158256220817565918e+01,-6.160000000000000142e+00,5.954000000000000625e+00,7.470703125000000000e+00
3.163055801391601562e+01,-4.160000000000000142e+00,5.954000000000000625e+00,9.140625000000000000e+00
3.167855334281921387e+01,-5.129999999999999893e+00,5.954000000000000625e+00,1.081054687500000000e+01
3.172656130790710449e+01,-2.930000000000000160e+00,5.725000000000000533e+00,1.256835937500000000e+01
3.177458095550537109e+01,-2.200000000000000178e+00,5.496000000000000441e+00,1.423828125000000000e+01
3.182266020774841309e+01,-2.319999999999999840e+00,5.267000000000000348e+00,1.582031250000000000e+01
3.187071537971496582e+01,-1.290000000000000036e+00,5.038000000000000256e+00,1.731445312500000000e+01
3.191853499412536621e+01,-3.450000000000000178e+00,4.809000000000000163e+00,1.872070312500000000e+01
3.196652364730834961e+01,-2.350000000000000089e+00,4.350999999999999979e+00,2.003906250000000000e+01
3.201453542709350586e+01,-2.830000000000000071e+00,4.350999999999999979e+00,2.126953125000000000e+01
3.206257653236389160e+01,-1.399999999999999911e+00,3.664000000000000146e+00,2.241210937500000000e+01
3.211051607131958008e+01,-1.469999999999999973e+00,3.435000000000000053e+00,2.346679687500000000e+01
3.215854167938232422e+01,-5.999999999999999778e-01,2.977000000000000313e+00,2.434570312500000000e+01
3.220654416084289551e+01,-1.419999999999999929e+00,2.519000000000000128e+00,2.513671875000000000e+01
3.225452899932861328e+01,2.450000000000000178e+00,1.832000000000000073e+00,2.566406250000000000e+01
3.230252647399902344e+01,-3.699999999999999956e-01,1.145000000000000018e+00,2.610351562500000000e+01
3.235050392150878906e+01,1.500000000000000000e+00,9.160000000000000364e-01,2.636718750000000000e+01
3.239852905273437500e+01,-5.000000000000000278e-02,4.580000000000000182e-01,2.654296875000000000e+01
3.244651412963867188e+01,1.479999999999999982e+00,4.580000000000000182e-01,2.671875000000000000e+01
3.249450850486755371e+01,2.640000000000000124e+00,2.290000000000000091e-01,2.680664062500000000e+01
3.254250311851501465e+01,6.000000000000000000e+00,-4.580000000000000182e-01,2.663085937500000000e+01
3.259049487113952637e+01,5.679999999999999716e+00,-1.145000000000000018e+00,2.636718750000000000e+01
3.263853979110717773e+01,5.440000000000000391e+00,-1.602999999999999980e+00,2.583984375000000000e+01
3.268649315834045410e+01,6.790000000000000036e+00,-2.060999999999999943e+00,2.522460937500000000e+01
3.273450446128845215e+01,7.250000000000000000e+00,-2.748000000000000220e+00,2.443359375000000000e+01
3.278257274627685547e+01,5.830000000000000071e+00,-3.205999999999999961e+00,2.337890625000000000e+01
3.283056545257568359e+01,5.040000000000000036e+00,-3.664000000000000146e+00,2.232421875000000000e+01
3.287865328788757324e+01,6.120000000000000107e+00,-3.664000000000000146e+00,2.118164062500000000e+01
3.292654561996459961e+01,8.710000000000000853e+00,-4.350999999999999979e+00,1.995117187500000000e+01
3.297447609901428223e+01,7.450000000000000178e+00,-4.580000000000000071e+00,1.854492187500000000e+01
3.302248167991638184e+01,6.400000000000000355e+00,-4.809000000000000163e+00,1.713867187500000000e+01
3.307046365737915039e+01,7.969999999999999751e+00,-5.038000000000000256e+00,1.564453125000000000e+01
3.311846065521240234e+01,9.720000000000000639e+00,-5.496000000000000441e+00,1.406250000000000000e+01
3.316647648811340332e+01,6.530000000000000249e+00,-5.496000000000000441e+00,1.230468750000000000e+01
3.321447086334228516e+01,6.950000000000000178e+00,-5.725000000000000533e+00,1.063476562500000000e+01
3.326247119903564453e+01,9.779999999999999361e+00,-5.725000000000000533e+00,8.964843750000000000e+00
3.331046175956726074e+01,7.480000000000000426e+00,-5.954000000000000625e+00,7.294921875000000000e+00
3.335846900939941406e+01,6.790000000000000036e+00,-5.725000000000000533e+00,5.537109375000000000e+00
3.340646553039550781e+01,7.309999999999999609e+00,-5.725000000000000533e+00,3.779296875000000000e+00
3.345444345474243164e+01,9.320000000000000284e+00,-5.725000000000000533e+00,2.109375000000000000e+00
3.350247144699096680e+01,9.919999999999999929e+00,-5.725000000000000533e+00,4.394531250000000000e-01
3.355045652389526367e+01,8.529999999999999361e+00,-5.267000000000000348e+00,-1.054687500000000000e+00
3.359846544265747070e+01,1.463000000000000078e+01,-4.809000000000000163e+00,-2.548828125000000000e+00
3.364643239974975586e+01,1.541000000000000014e+01,-4.809000000000000163e+00,-3.955078125000000000e+00
3.369444942474365234e+01,1.413000000000000078e+01,-4.580000000000000071e+00,-5.361328125000000000e+00
3.374244189262390137e+01,1.588000000000000078e+01,-4.121999999999999886e+00,-6.591796875000000000e+00
3.379047775268554688e+01,1.764000000000000057e+01,-4.121999999999999886e+00,-7.822265625000000000e+00
3.383848619461059570e+01,1.443999999999999950e+01,-3.664000000000000146e+00,-8.876953125000000000e+00
3.388652133941650391e+01,1.391999999999999993e+01,-3.205999999999999961e+00,-9.843750000000000000e+00
3.393455290794372559e+01,1.425000000000000000e+01,-2.519000000000000128e+00,-1.063476562500000000e+01
3.398245358467102051e+01,1.576999999999999957e+01,-1.832000000000000073e+00,-1.116210937500000000e+01
3.403043079376220703e+01,1.536999999999999922e+01,-1.832000000000000073e+00,-1.177734375000000000e+01
3.407845878601074219e+01,1.306000000000000050e+01,-1.145000000000000018e+00,-1.212890625000000000e+01
3.412643003463745117e+01,1.384999999999999964e+01,-4.580000000000000182e-01,-1.230468750000000000e+01
3.417441630363464355e+01,1.444999999999999929e+01,-2.290000000000000091e-01,-1.248046875000000000e+01
3.422242093086242676e+01,1.381000000000000050e+01,0.000000000000000000e+00,-1.248046875000000000e+01
3.427040886878967285e+01,1.308999999999999986e+01,0.000000000000000000e+00,-1.248046875000000000e+01
3.431839585304260254e+01,8.150000000000000355e+00,6.870000000000000551e-01,-1.230468750000000000e+01
3.436638832092285156e+01,9.720000000000000639e+00,1.374000000000000110e+00,-1.186523437500000000e+01
3.441440987586975098e+01,8.429999999999999716e+00,1.832000000000000073e+00,-1.133789062500000000e+01
3.446238517761230469e+01,7.049999999999999822e+00,2.290000000000000036e+00,-1.063476562500000000e+01
3.451038575172424316e+01,1.350000000000000089e+00,2.977000000000000313e+00,-9.843750000000000000e+00
3.455839180946350098e+01,4.009999999999999787e+00,3.435000000000000053e+00,-8.701171875000000000e+00
3.460639762878417969e+01,1.800000000000000044e+00,3.664000000000000146e+00,-7.734375000000000000e+00
3.465437316894531250e+01,-1.199999999999999956e-01,4.121999999999999886e+00,-6.503906250000000000e+00
3.470240378379821777e+01,-3.410000000000000142e+00,4.350999999999999979e+00,-5.273437500000000000e+00
3.475039696693420410e+01,-3.479999999999999982e+00,4.809000000000000163e+00,-3.779296875000000000e+00
3.479837155342102051e+01,-5.830000000000000071e+00,5.267000000000000348e+00,-2.285156250000000000e+00
3.484645318984985352e+01,-1.899999999999999911e+00,5.267000000000000348e+00,-7.031250000000000000e-01
3.489450860023498535e+01,-3.549999999999999822e+00,5.496000000000000441e+00,8.789062500000000000e-01
3.494245433807373047e+01,-3.729999999999999982e+00,5.725000000000000533e+00,2.548828125000000000e+00
3.499034905433654785e+01,-8.000000000000000167e-02,5.496000000000000441e+00,4.218750000000000000e+00
3.503836941719055176e+01,-3.890000000000000124e+00,5.496000000000000441e+00,5.800781250000000000e+00
3.508638882637023926e+01,-6.059999999999999609e+00,5.954000000000000625e+00,7.558593750000000000e+00
3.513435721397399902e+01,-3.040000000000000036e+00,5.954000000000000625e+00,9.228515625000000000e+00
3.518235373497009277e+01,-2.399999999999999911e+00,5.954000000000000625e+00,1.098632812500000000e+01
3.523034238815307617e+01,-2.660000000000000142e+00,5.725000000000000533e+00,1.265625000000000000e+01
3.527834367752075195e+01,-4.370000000000000107e+00,5.725000000000000533e+00,1.432617187500000000e+01
3.532634377479553223e+01,-2.120000000000000107e+00,5.267000000000000348e+00,1.590820312500000000e+01
3.537432813644409180e+01,-1.860000000000000098e+00,5.038000000000000256e+00,1.740234375000000000e+01
3.542233061790466309e+01,-4.290000000000000036e+00,4.809000000000000163e+00,1.880859375000000000e+01
3.547033190727233887e+01,-2.680000000000000160e+00,4.580000000000000071e+00,2.021484375000000000e+01
3.551835346221923828e+01,-2.049999999999999822e+00,4.121999999999999886e+00,2.144531250000000000e+01
3.556636142730712891e+01,-2.770000000000000018e+00,3.664000000000000146e+00,2.258789062500000000e+01
3.561432671546936035e+01,-2.109999999999999876e+00,3.205999999999999961e+00,2.355468750000000000e+01
3.566233777999877930e+01,-1.799999999999999933e-01,2.748000000000000220e+00,2.434570312500000000e+01
3.571034789085388184e+01,-3.189999999999999947e+00,2.519000000000000128e+00,2.513671875000000000e+01
3.575833392143249512e+01,1.489999999999999991e+00,1.832000000000000073e+00,2.575195312500000000e+01
3.580632662773132324e+01,9.399999999999999467e-01,1.374000000000000110e+00,2.619140625000000000e+01
3.585432052612304688e+01,1.199999999999999956e+00,6.870000000000000551e-01,2.645507812500000000e+01
3.590235376358032227e+01,2.700000000000000178e-01,4.580000000000000182e-01,2.663085937500000000e+01
3.595038461685180664e+01,1.229999999999999982e+00,2.290000000000000091e-01,2.671875000000000000e+01
3.599832081794738770e+01,3.359999999999999876e+00,0.000000000000000000e+00,2.680664062500000000e+01
3.604630827903747559e+01,5.259999999999999787e+00,-6.870000000000000551e-01,2.663085937500000000e+01
3.609430408477783203e+01,4.990000000000000213e+00,-1.145000000000000018e+00,2.627929687500000000e+01
3.614230346679687500e+01,4.820000000000000284e+00,-1.602999999999999980e+00,2.583984375000000000e+01
3.619031000137329102e+01,5.629999999999999893e+00,-2.060999999999999943e+00,2.513671875000000000e+01
3.623830819129943848e+01,7.540000000000000036e+00,-2.748000000000000220e+00,2.425781250000000000e+01
3.628630328178405762e+01,7.700000000000000178e+00,-3.435000000000000053e+00,2.337890625000000000e+01
3.633428955078125000e+01,6.000000000000000000e+00,-3.664000000000000146e+00,2.223632812500000000e+01
3.638227987289428711e+01,7.179999999999999716e+00,-3.664000000000000146e+00,2.109375000000000000e+01
3.643027091026306152e+01,9.880000000000000782e+00,-4.350999999999999979e+00,1.977539062500000000e+01
3.647829437255859375e+01,8.439999999999999503e+00,-4.580000000000000071e+00,1.845703125000000000e+01
3.652628898620605469e+01,7.820000000000000284e+00,-4.809000000000000163e+00,1.705078125000000000e+01
3.657432174682617188e+01,9.650000000000000355e+00,-5.038000000000000256e+00,1.555664062500000000e+01
3.662226986885070801e+01,9.109999999999999432e+00,-5.496000000000000441e+00,1.388671875000000000e+01
3.667026472091674805e+01,8.410000000000000142e+00,-5.496000000000000441e+00,1.230468750000000000e+01
3.671826696395874023e+01,9.089999999999999858e+00,-5.725000000000000533e+00,1.054687500000000000e+01
3.676626753807067871e+01,9.839999999999999858e+00,-5.954000000000000625e+00,8.789062500000000000e+00
3.681426191329956055e+01,7.089999999999999858e+00,-5.954000000000000625e+00,7.119140625000000000e+00
3.686227273941040039e+01,6.889999999999999680e+00,-5.725000000000000533e+00,5.449218750000000000e+00
3.691031599044799805e+01,6.059999999999999609e+00,-5.725000000000000533e+00,3.691406250000000000e+00
3.695831489562988281e+01,7.059999999999999609e+00,-5.496000000000000441e+00,2.021484375000000000e+00
3.700642466545104980e+01,8.849999999999999645e+00,-5.725000000000000533e+00,3.515625000000000000e-01
3.705429267883300781e+01,7.349999999999999645e+00,-5.267000000000000348e+00,-1.230468750000000000e+00
3.710224032402038574e+01,1.246000000000000085e+01,-5.038000000000000256e+00,-2.724609375000000000e+00
3.715024852752685547e+01,1.365000000000000036e+01,-4.809000000000000163e+00,-4.130859375000000000e+00
3.719824695587158203e+01,1.411999999999999922e+01,-4.580000000000000071e+00,-5.537109375000000000e+00
3.724625229835510254e+01,1.421000000000000085e+01,-4.121999999999999886e+00,-6.767578125000000000e+00
3.729424405097961426e+01,1.717999999999999972e+01,-3.893000000000000238e+00,-7.910156250000000000e+00
3.734223794937133789e+01,1.650000000000000000e+01,-3.664000000000000146e+00,-8.876953125000000000e+00
3.739025712013244629e+01,1.530000000000000071e+01,-3.205999999999999961e+00,-9.931640625000000000e+00
3.743823385238647461e+01,1.435999999999999943e+01,-2.519000000000000128e+00,-1.072265625000000000e+01
3.748622202873229980e+01,1.612000000000000099e+01,-1.832000000000000073e+00,-1.133789062500000000e+01
3.753423190116882324e+01,1.474000000000000021e+01,-1.374000000000000110e+00,-1.177734375000000000e+01
3.758223319053649902e+01,1.414000000000000057e+01,-9.160000000000000364e-01,-1.212890625000000000e+01
3.763023257255554199e+01,1.394999999999999929e+01,-4.580000000000000182e-01,-1.239257812500000000e+01
3.767822670936584473e+01,1.357000000000000028e+01,-2.290000000000000091e-01,-1.248046875000000000e+01
3.772622156143188477e+01,1.374000000000000021e+01,0.000000000000000000e+00,-1.248046875000000000e+01
3.777420330047607422e+01,1.227999999999999936e+01,0.000000000000000000e+00,-1.248046875000000000e+01
3.782219457626342773e+01,6.780000000000000249e+00,9.160000000000000364e-01,-1.221679687500000000e+01
3.787020516395568848e+01,9.390000000000000568e+00,1.602999999999999980e+00,-1.168945312500000000e+01
3.791820144653320312e+01,1.069999999999999929e+01,1.832000000000000073e+00,-1.116210937500000000e+01
3.796629691123962402e+01,8.500000000000000000e+00,2.060999999999999943e+00,-1.054687500000000000e+01
3.801430702209472656e+01,2.850000000000000089e+00,2.977000000000000313e+00,-9.755859375000000000e+00
3.806220269203186035e+01,4.190000000000000391e+00,3.435000000000000053e+00,-8.701171875000000000e+00
3.811020255088806152e+01,3.959999999999999964e+00,3.664000000000000146e+00,-7.646484375000000000e+00
3.815819931030273438e+01,2.300000000000000100e-01,4.121999999999999886e+00,-6.416015625000000000e+00
3.820621132850646973e+01,-1.989999999999999991e+00,4.350999999999999979e+00,-5.097656250000000000e+00
3.825421667098999023e+01,-2.379999999999999893e+00,4.809000000000000163e+00,-3.691406250000000000e+00
3.830219101905822754e+01,-3.319999999999999840e+00,5.038000000000000256e+00,-2.109375000000000000e+00
3.835019183158874512e+01,-3.859999999999999876e+00,5.038000000000000256e+00,-6.152343750000000000e-01
3.839819526672363281e+01,-6.269999999999999574e+00,5.496000000000000441e+00,9.667968750000000000e-01
3.844617819786071777e+01,-4.099999999999999645e+00,5.725000000000000533e+00,2.636718750000000000e+00
3.849417424201965332e+01,-2.950000000000000178e+00,5.496000000000000441e+00,4.306640625000000000e+00
3.854216384887695312e+01,-4.559999999999999609e+00,5.725000000000000533e+00,5.976562500000000000e+00
3.859016752243041992e+01,-5.509999999999999787e+00,5.954000000000000625e+00,7.734375000000000000e+00
3.863817310333251953e+01,-4.330000000000000071e+00,5.954000000000000625e+00,9.404296875000000000e+00
3.868615388870239258e+01,-4.290000000000000036e+00,5.954000000000000625e+00,1.116210937500000000e+01
3.873418378829956055e+01,-2.490000000000000213e+00,5.725000000000000533e+00,1.283203125000000000e+01
3.878221988677978516e+01,-3.970000000000000195e+00,5.496000000000000441e+00,1.450195312500000000e+01
3.883016848564147949e+01,-4.469999999999999751e+00,5.267000000000000348e+00,1.599609375000000000e+01
3.887815260887145996e+01,-1.810000000000000053e+00,4.809000000000000163e+00,1.749023437500000000e+01
3.892616200447082520e+01,-2.100000000000000089e+00,4.580000000000000071e+00,1.889648437500000000e+01
3.897436022758483887e+01,-2.080000000000000071e+00,4.350999999999999979e+00,2.021484375000000000e+01
3.902226018905639648e+01,-2.049999999999999822e+00,4.121999999999999886e+00,2.144531250000000000e+01
3.907017493247985840e+01,-7.800000000000000266e-01,3.664000000000000146e+00,2.258789062500000000e+01
3.911814069747924805e+01,-1.300000000000000044e-01,3.205999999999999961e+00,2.355468750000000000e+01
3.916618108749389648e+01,-1.129999999999999893e+00,2.748000000000000220e+00,2.443359375000000000e+01
3.921414303779602051e+01,-1.419999999999999929e+00,2.519000000000000128e+00,2.522460937500000000e+01
3.926213097572326660e+01,3.089999999999999858e+00,1.832000000000000073e+00,2.583984375000000000e+01
3.931011748313903809e+01,9.399999999999999467e-01,1.145000000000000018e+00,2.619140625000000000e+01
3.935810685157775879e+01,7.099999999999999645e-01,6.870000000000000551e-01,2.645507812500000000e+01
3.940612268447875977e+01,6.099999999999999867e-01,4.580000000000000182e-01,2.663085937500000000e+01
3.945411038398742676e+01,2.830000000000000071e+00,2.290000000000000091e-01,2.671875000000000000e+01
3.950210452079772949e+01,2.109999999999999876e+00,0.000000000000000000e+00,2.671875000000000000e+01
3.955010461807250977e+01,4.339999999999999858e+00,-4.580000000000000182e-01,2.663085937500000000e+01
3.959809684753417969e+01,6.320000000000000284e+00,-1.145000000000000018e+00,2.627929687500000000e+01
3.964611816406250000e+01,6.099999999999999645e+00,-1.602999999999999980e+00,2.575195312500000000e+01
3.969410657882690430e+01,6.580000000000000071e+00,-2.290000000000000036e+00,2.504882812500000000e+01
3.974208807945251465e+01,6.750000000000000000e+00,-2.977000000000000313e+00,2.425781250000000000e+01
3.979010176658630371e+01,8.349999999999999645e+00,-3.205999999999999961e+00,2.329101562500000000e+01
3.983808636665344238e+01,8.130000000000000782e+00,-3.664000000000000146e+00,2.214843750000000000e+01
3.988611650466918945e+01,6.860000000000000320e+00,-4.121999999999999886e+00,2.100585937500000000e+01
3.993415880203247070e+01,7.219999999999999751e+00,-4.580000000000000071e+00,1.968750000000000000e+01
3.998219180107116699e+01,6.309999999999999609e+00,-4.580000000000000071e+00,1.828125000000000000e+01
4.003019070625305176e+01,6.290000000000000036e+00,-4.809000000000000163e+00,1.678710937500000000e+01
4.007826709747314453e+01,7.879999999999999893e+00,-5.038000000000000256e+00,1.538085937500000000e+01
4.012608790397644043e+01,8.119999999999999218e+00,-5.496000000000000441e+00,1.371093750000000000e+01
4.017410326004028320e+01,6.259999999999999787e+00,-5.496000000000000441e+00,1.212890625000000000e+01
4.022210264205932617e+01,7.580000000000000071e+00,-5.725000000000000533e+00,1.037109375000000000e+01
4.027007722854614258e+01,8.500000000000000000e+00,-5.954000000000000625e+00,8.613281250000000000e+00
4.031806921958923340e+01,6.790000000000000036e+00,-5.954000000000000625e+00,6.943359375000000000e+00
4.036606740951538086e+01,6.200000000000000178e+00,-5.725000000000000533e+00,5.273437500000000000e+00
4.041407489776611328e+01,6.410000000000000142e+00,-5.725000000000000533e+00,3.515625000000000000e+00
4.046206068992614746e+01,9.009999999999999787e+00,-5.496000000000000441e+00,1.845703125000000000e+00
4.051006531715393066e+01,9.009999999999999787e+00,-5.496000000000000441e+00,2.636718750000000000e-01
4.055807232856750488e+01,9.070000000000000284e+00,-5.267000000000000348e+00,-1.318359375000000000e+00
4.060603952407836914e+01,1.378999999999999915e+01,-5.038000000000000256e+00,-2.812500000000000000e+00
4.065404009819030762e+01,1.497000000000000064e+01,-4.809000000000000163e+00,-4.306640625000000000e+00
4.070204854011535645e+01,1.247000000000000064e+01,-4.350999999999999979e+00,-5.625000000000000000e+00
4.075005984306335449e+01,1.567999999999999972e+01,-4.121999999999999886e+00,-6.855468750000000000e+00
4.079805302619934082e+01,1.689999999999999858e+01,-3.893000000000000238e+00,-7.998046875000000000e+00
4.084605121612548828e+01,1.639999999999999858e+01,-3.435000000000000053e+00,-8.964843750000000000e+00
4.089407444000244141e+01,1.361999999999999922e+01,-2.977000000000000313e+00,-9.931640625000000000e+00
4.094217205047607422e+01,1.392999999999999972e+01,-2.519000000000000128e+00,-1.072265625000000000e+01
4.099013304710388184e+01,1.589000000000000057e+01,-2.060999999999999943e+00,-1.133789062500000000e+01
4.103811287879943848e+01,1.452999999999999936e+01,-1.602999999999999980e+00,-1.186523437500000000e+01
4.108619713783264160e+01,1.242999999999999972e+01,-9.160000000000000364e-01,-1.221679687500000000e+01
4.113406085968017578e+01,1.400999999999999979e+01,-4.580000000000000182e-01,-1.239257812500000000e+01
4.118201327323913574e+01,1.372000000000000064e+01,-2.290000000000000091e-01,-1.248046875000000000e+01
4.123002552986145020e+01,1.384999999999999964e+01,0.000000000000000000e+00,-1.248046875000000000e+01
4.127801156044006348e+01,1.294999999999999929e+01,0.000000000000000000e+00,-1.248046875000000000e+01
4.132601857185363770e+01,6.740000000000000213e+00,9.160000000000000364e-01,-1.221679687500000000e+01
4.137399935722351074e+01,9.730000000000000426e+00,1.602999999999999980e+00,-1.168945312500000000e+01
4.142200350761413574e+01,9.669999999999999929e+00,1.832000000000000073e+00,-1.116210937500000000e+01
4.146999883651733398e+01,7.190000000000000391e+00,2.060999999999999943e+00,-1.054687500000000000e+01
4.151800370216369629e+01,1.370000000000000107e+00,2.977000000000000313e+00,-9.667968750000000000e+00
4.156599450111389160e+01,3.049999999999999822e+00,3.435000000000000053e+00,-8.613281250000000000e+00
4.161401224136352539e+01,1.899999999999999911e+00,3.893000000000000238e+00,-7.558593750000000000e+00
4.166197633743286133e+01,9.799999999999999822e-01,4.121999999999999886e+00,-6.328125000000000000e+00
4.171000075340270996e+01,-4.169999999999999929e+00,4.350999999999999979e+00,-5.097656250000000000e+00
4.175799107551574707e+01,-3.640000000000000124e+00,5.038000000000000256e+00,-3.603515625000000000e+00
4.180597233772277832e+01,-3.859999999999999876e+00,5.038000000000000256e+00,-2.021484375000000000e+00
4.185397434234619141e+01,-5.799999999999999822e+00,5.038000000000000256e+00,-6.152343750000000000e-01
4.190196609497070312e+01,-6.230000000000000426e+00,5.496000000000000441e+00,1.054687500000000000e+00
4.194997501373291016e+01,-4.410000000000000142e+00,5.725000000000000533e+00,2.724609375000000000e+00
4.199796032905578613e+01,-4.799999999999999822e-01,5.725000000000000533e+00,4.394531250000000000e+00
4.204611015319824219e+01,-2.990000000000000213e+00,5.725000000000000533e+00,6.152343750000000000e+00
