4.831242561340332031e-02,-5.500000000000000444e-01,0.000000000000000000e+00,6.943359375000000000e+00
9.625053405761718750e-02,-7.870000000000000107e+00,6.870000000000000551e-01,7.031250000000000000e+00
1.442556381225585938e-01,-1.657000000000000028e+01,3.664000000000000146e+00,8.085937500000000000e+00
1.922631263732910156e-01,-1.136999999999999922e+01,5.038000000000000256e+00,9.580078125000000000e+00
2.402410507202148438e-01,-1.000999999999999979e+01,5.725000000000000533e+00,1.125000000000000000e+01
2.882394790649414062e-01,-6.669999999999999929e+00,5.496000000000000441e+00,1.291992187500000000e+01
3.362498283386230469e-01,-1.001999999999999957e+01,5.496000000000000441e+00,1.458984375000000000e+01
3.842425346374511719e-01,-1.132000000000000028e+01,5.267000000000000348e+00,1.608398437500000000e+01
4.322519302368164062e-01,-8.009999999999999787e+00,4.809000000000000163e+00,1.757812500000000000e+01
4.802663326263427734e-01,-1.398000000000000043e+01,4.580000000000000071e+00,1.889648437500000000e+01
5.282506942749023438e-01,-1.568999999999999950e+01,4.350999999999999979e+00,2.021484375000000000e+01
5.762288570404052734e-01,-1.208000000000000007e+01,4.121999999999999886e+00,2.153320312500000000e+01
6.242537498474121094e-01,-1.234999999999999964e+01,3.664000000000000146e+00,2.258789062500000000e+01
6.723124980926513672e-01,-1.324000000000000021e+01,3.205999999999999961e+00,2.355468750000000000e+01
7.202882766723632812e-01,-1.414000000000000057e+01,2.748000000000000220e+00,2.434570312500000000e+01
7.683062553405761719e-01,-1.343999999999999950e+01,2.519000000000000128e+00,2.513671875000000000e+01
8.163275718688964844e-01,-8.839999999999999858e+00,1.832000000000000073e+00,2.566406250000000000e+01
8.643050193786621094e-01,-1.223000000000000043e+01,1.145000000000000018e+00,2.610351562500000000e+01
9.123353958129882812e-01,-9.500000000000000000e+00,6.870000000000000551e-01,2.627929687500000000e+01
9.603903293609619141e-01,-8.050000000000000711e+00,4.580000000000000182e-01,2.654296875000000000e+01
1.008276700973510742e+00,-6.910000000000000142e+00,2.290000000000000091e-01,2.663085937500000000e+01
1.056255340576171875e+00,-5.839999999999999858e+00,0.000000000000000000e+00,2.663085937500000000e+01
1.104318380355834961e+00,1.300000000000000044e-01,-6.870000000000000551e-01,2.645507812500000000e+01
1.152269363403320312e+00,1.000000000000000021e-02,-1.374000000000000110e+00,2.610351562500000000e+01
1.200244665145874023e+00,1.360000000000000098e+00,-1.832000000000000073e+00,2.557617187500000000e+01
1.248261451721191406e+00,4.500000000000000000e+00,-2.290000000000000036e+00,2.487304687500000000e+01
1.296257019042968750e+00,4.820000000000000284e+00,-2.748000000000000220e+00,2.408203125000000000e+01
1.344245910644531250e+00,6.509999999999999787e+00,-3.205999999999999961e+00,2.311523437500000000e+01
1.392246246337890625e+00,6.049999999999999822e+00,-3.435000000000000053e+00,2.214843750000000000e+01
1.440233469009399414e+00,8.800000000000000711e+00,-3.893000000000000238e+00,2.100585937500000000e+01
1.488258123397827148e+00,1.150000000000000000e+01,-4.580000000000000071e+00,1.959960937500000000e+01
1.536250591278076172e+00,9.660000000000000142e+00,-4.580000000000000071e+00,1.819335937500000000e+01
1.584244489669799805e+00,1.191000000000000014e+01,-4.809000000000000163e+00,1.678710937500000000e+01
1.632245302200317383e+00,1.267999999999999972e+01,-5.267000000000000348e+00,1.529296875000000000e+01
1.680256366729736328e+00,1.255000000000000071e+01,-5.267000000000000348e+00,1.371093750000000000e+01
1.728259801864624023e+00,1.166000000000000014e+01,-5.496000000000000441e+00,1.212890625000000000e+01
1.776265144348144531e+00,1.274000000000000021e+01,-5.725000000000000533e+00,1.045898437500000000e+01
1.824267387390136719e+00,1.383999999999999986e+01,-6.182999999999999829e+00,8.613281250000000000e+00
1.872242689132690430e+00,1.059999999999999964e+01,-5.954000000000000625e+00,6.943359375000000000e+00
1.920262813568115234e+00,1.342999999999999972e+01,-5.725000000000000533e+00,5.273437500000000000e+00
1.968278646469116211e+00,1.614999999999999858e+01,-5.496000000000000441e+00,3.603515625000000000e+00
2.016274929046630859e+00,1.728999999999999915e+01,-5.725000000000000533e+00,1.933593750000000000e+00
2.064264774322509766e+00,1.896999999999999886e+01,-5.725000000000000533e+00,2.636718750000000000e-01
2.112252712249755859e+00,1.744000000000000128e+01,-5.267000000000000348e+00,-1.318359375000000000e+00
2.160340070724487305e+00,2.146000000000000085e+01,-5.038000000000000256e+00,-2.812500000000000000e+00
2.208868980407714844e+00,2.032999999999999829e+01,-4.809000000000000163e+00,-4.218750000000000000e+00
2.257007360458374023e+00,1.787000000000000099e+01,-4.350999999999999979e+00,-5.625000000000000000e+00
2.304923057556152344e+00,2.012000000000000099e+01,-4.121999999999999886e+00,-6.855468750000000000e+00
2.352924346923828125e+00,2.330999999999999872e+01,-3.893000000000000238e+00,-7.998046875000000000e+00
2.400829553604125977e+00,2.000000000000000000e+01,-3.435000000000000053e+00,-9.052734375000000000e+00
2.448829174041748047e+00,2.282999999999999829e+01,-2.977000000000000313e+00,-9.931640625000000000e+00
2.497077465057373047e+00,2.071999999999999886e+01,-2.519000000000000128e+00,-1.063476562500000000e+01
2.544880628585815430e+00,2.280999999999999872e+01,-1.832000000000000073e+00,-1.125000000000000000e+01
2.592725276947021484e+00,2.091000000000000014e+01,-1.374000000000000110e+00,-1.177734375000000000e+01
2.640619516372680664e+00,2.005000000000000071e+01,-9.160000000000000364e-01,-1.212890625000000000e+01
2.688622474670410156e+00,2.082999999999999829e+01,-4.580000000000000182e-01,-1.230468750000000000e+01
2.736263990402221680e+00,1.962000000000000099e+01,0.000000000000000000e+00,-1.239257812500000000e+01
2.784244537353515625e+00,1.935999999999999943e+01,0.000000000000000000e+00,-1.239257812500000000e+01
2.832257986068725586e+00,1.762000000000000099e+01,2.290000000000000091e-01,-1.230468750000000000e+01
2.880262136459350586e+00,1.592999999999999972e+01,6.870000000000000551e-01,-1.204101562500000000e+01
2.928245544433593750e+00,1.165000000000000036e+01,1.602999999999999980e+00,-1.160156250000000000e+01
2.976263523101806641e+00,1.046000000000000085e+01,2.060999999999999943e+00,-1.098632812500000000e+01
3.024249792098999023e+00,8.710000000000000853e+00,2.290000000000000036e+00,-1.028320312500000000e+01
3.072263479232788086e+00,2.100000000000000089e+00,2.977000000000000313e+00,-9.404296875000000000e+00
3.120309591293334961e+00,2.580000000000000071e+00,3.435000000000000053e+00,-8.437500000000000000e+00
3.168261766433715820e+00,-7.099999999999999645e-01,3.664000000000000146e+00,-7.382812500000000000e+00
3.216288328170776367e+00,-5.030000000000000249e+00,4.350999999999999979e+00,-6.152343750000000000e+00
3.264265298843383789e+00,-5.559999999999999609e+00,4.580000000000000071e+00,-4.746093750000000000e+00
3.312277078628540039e+00,-7.269999999999999574e+00,4.580000000000000071e+00,-3.427734375000000000e+00
3.360252380371093750e+00,-1.109999999999999964e+01,5.038000000000000256e+00,-1.933593750000000000e+00
3.408252000808715820e+00,-1.111999999999999922e+01,5.267000000000000348e+00,-3.515625000000000000e-01
3.456271648406982422e+00,-1.334999999999999964e+01,5.496000000000000441e+00,1.230468750000000000e+00
3.504253149032592773e+00,-1.506000000000000050e+01,5.496000000000000441e+00,2.900390625000000000e+00
3.552273273468017578e+00,-1.540000000000000036e+01,5.496000000000000441e+00,4.570312500000000000e+00
3.600272655487060547e+00,-1.583999999999999986e+01,5.725000000000000533e+00,6.240234375000000000e+00
3.648308753967285156e+00,-1.506000000000000050e+01,5.954000000000000625e+00,7.998046875000000000e+00
3.696300029754638672e+00,-1.603999999999999915e+01,5.954000000000000625e+00,9.667968750000000000e+00
3.744360208511352539e+00,-1.667999999999999972e+01,5.725000000000000533e+00,1.142578125000000000e+01
3.792401313781738281e+00,-1.339000000000000057e+01,5.496000000000000441e+00,1.300781250000000000e+01
3.840376853942871094e+00,-1.569999999999999929e+01,5.496000000000000441e+00,1.467773437500000000e+01
3.888309001922607422e+00,-1.391999999999999993e+01,5.267000000000000348e+00,1.617187500000000000e+01
3.936409473419189453e+00,-1.464000000000000057e+01,4.809000000000000163e+00,1.766601562500000000e+01
3.984307527542114258e+00,-1.499000000000000021e+01,4.580000000000000071e+00,1.907226562500000000e+01
4.032276391983032227e+00,-1.491000000000000014e+01,4.580000000000000071e+00,2.039062500000000000e+01
4.080261468887329102e+00,-1.325999999999999979e+01,3.893000000000000238e+00,2.162109375000000000e+01
4.128271341323852539e+00,-1.346000000000000085e+01,3.435000000000000053e+00,2.267578125000000000e+01
4.176298379898071289e+00,-1.491000000000000014e+01,3.435000000000000053e+00,2.364257812500000000e+01
4.224296331405639648e+00,-1.106000000000000050e+01,2.748000000000000220e+00,2.452148437500000000e+01
4.272327423095703125e+00,-1.213000000000000078e+01,2.290000000000000036e+00,2.522460937500000000e+01
4.320314168930053711e+00,-9.759999999999999787e+00,1.602999999999999980e+00,2.575195312500000000e+01
4.368335723876953125e+00,-1.101999999999999957e+01,1.374000000000000110e+00,2.619140625000000000e+01
4.416676521301269531e+00,-7.370000000000000107e+00,6.870000000000000551e-01,2.636718750000000000e+01
4.464633703231811523e+00,-9.089999999999999858e+00,2.290000000000000091e-01,2.654296875000000000e+01
4.512653589248657227e+00,-7.969999999999999751e+00,0.000000000000000000e+00,2.663085937500000000e+01
4.560617446899414062e+00,-7.990000000000000213e+00,0.000000000000000000e+00,2.663085937500000000e+01
4.608635902404785156e+00,-2.029999999999999805e+00,-9.160000000000000364e-01,2.636718750000000000e+01
4.656666040420532227e+00,-4.110000000000000320e+00,-1.602999999999999980e+00,2.592773437500000000e+01
4.704668045043945312e+00,-4.179999999999999716e+00,-1.832000000000000073e+00,2.531250000000000000e+01
4.752639532089233398e+00,1.199999999999999956e-01,-2.290000000000000036e+00,2.469726562500000000e+01
4.800650119781494141e+00,2.600000000000000089e-01,-2.748000000000000220e+00,2.390625000000000000e+01
4.848810434341430664e+00,1.050000000000000044e+00,-3.205999999999999961e+00,2.293945312500000000e+01
4.896919012069702148e+00,6.199999999999999956e-01,-3.435000000000000053e+00,2.188476562500000000e+01
4.944289684295654297e+00,6.040000000000000036e+00,-3.893000000000000238e+00,2.074218750000000000e+01
4.992270708084106445e+00,7.669999999999999929e+00,-4.350999999999999979e+00,1.942382812500000000e+01
5.040291070938110352e+00,6.280000000000000249e+00,-4.580000000000000071e+00,1.810546875000000000e+01
5.088274955749511719e+00,9.769999999999999574e+00,-4.809000000000000163e+00,1.669921875000000000e+01
5.136295795440673828e+00,1.211999999999999922e+01,-5.267000000000000348e+00,1.520507812500000000e+01
5.184289455413818359e+00,1.141999999999999993e+01,-5.496000000000000441e+00,1.353515625000000000e+01
5.232282876968383789e+00,1.241000000000000014e+01,-5.725000000000000533e+00,1.186523437500000000e+01
5.280288696289062500e+00,1.149000000000000021e+01,-5.725000000000000533e+00,1.019531250000000000e+01
5.328290224075317383e+00,1.282000000000000028e+01,-5.954000000000000625e+00,8.437500000000000000e+00
5.376319169998168945e+00,1.248000000000000043e+01,-5.954000000000000625e+00,6.767578125000000000e+00
5.424359321594238281e+00,9.890000000000000568e+00,-5.725000000000000533e+00,5.009765625000000000e+00
5.472369194030761719e+00,1.202999999999999936e+01,-5.496000000000000441e+00,3.427734375000000000e+00
5.520374059677124023e+00,1.483999999999999986e+01,-5.496000000000000441e+00,1.757812500000000000e+00
5.568431377410888672e+00,1.469999999999999929e+01,-5.496000000000000441e+00,1.757812500000000000e-01
5.616281270980834961e+00,1.558999999999999986e+01,-5.267000000000000348e+00,-1.406250000000000000e+00
5.664279222488403320e+00,1.953000000000000114e+01,-5.038000000000000256e+00,-2.900390625000000000e+00
5.712295532226562500e+00,2.051000000000000156e+01,-4.809000000000000163e+00,-4.306640625000000000e+00
5.760288476943969727e+00,1.719000000000000128e+01,-4.350999999999999979e+00,-5.712890625000000000e+00
5.808305263519287109e+00,2.276000000000000156e+01,-4.121999999999999886e+00,-6.943359375000000000e+00
5.856266736984252930e+00,2.378000000000000114e+01,-3.893000000000000238e+00,-8.085937500000000000e+00
5.904285430908203125e+00,2.144999999999999929e+01,-3.664000000000000146e+00,-9.140625000000000000e+00
5.952281236648559570e+00,2.310000000000000142e+01,-2.977000000000000313e+00,-1.001953125000000000e+01
6.000280618667602539e+00,2.237000000000000099e+01,-2.519000000000000128e+00,-1.072265625000000000e+01
6.048285007476806641e+00,2.307999999999999829e+01,-2.060999999999999943e+00,-1.133789062500000000e+01
6.096272706985473633e+00,2.114999999999999858e+01,-1.374000000000000110e+00,-1.186523437500000000e+01
6.144292116165161133e+00,2.044000000000000128e+01,-9.160000000000000364e-01,-1.212890625000000000e+01
6.192298889160156250e+00,2.064000000000000057e+01,-4.580000000000000182e-01,-1.230468750000000000e+01
6.240296125411987305e+00,1.966000000000000014e+01,0.000000000000000000e+00,-1.230468750000000000e+01
6.288272619247436523e+00,1.987999999999999901e+01,0.000000000000000000e+00,-1.230468750000000000e+01
6.336289167404174805e+00,1.726000000000000156e+01,0.000000000000000000e+00,-1.230468750000000000e+01
6.384293556213378906e+00,1.705000000000000071e+01,6.870000000000000551e-01,-1.204101562500000000e+01
6.432296752929687500e+00,1.058999999999999986e+01,1.602999999999999980e+00,-1.160156250000000000e+01
6.480309724807739258e+00,9.900000000000000355e+00,2.060999999999999943e+00,-1.089843750000000000e+01
6.528281688690185547e+00,7.860000000000000320e+00,2.519000000000000128e+00,-1.019531250000000000e+01
6.576294422149658203e+00,1.830000000000000071e+00,2.977000000000000313e+00,-9.316406250000000000e+00
6.624280452728271484e+00,-8.000000000000000167e-02,3.664000000000000146e+00,-8.349609375000000000e+00
6.672294378280639648e+00,-1.780000000000000027e+00,3.893000000000000238e+00,-7.207031250000000000e+00
6.720274209976196289e+00,-3.009999999999999787e+00,4.121999999999999886e+00,-5.976562500000000000e+00
6.768284797668457031e+00,-7.849999999999999645e+00,4.580000000000000071e+00,-4.658203125000000000e+00
6.816296339035034180e+00,-8.019999999999999574e+00,4.809000000000000163e+00,-3.251953125000000000e+00
6.864288091659545898e+00,-9.570000000000000284e+00,5.038000000000000256e+00,-1.757812500000000000e+00
6.912292480468750000e+00,-1.288000000000000078e+01,5.267000000000000348e+00,-2.636718750000000000e-01
6.960389137268066406e+00,-1.214000000000000057e+01,5.496000000000000441e+00,1.406250000000000000e+00
7.008386850357055664e+00,-1.274000000000000021e+01,5.496000000000000441e+00,3.076171875000000000e+00
7.056891679763793945e+00,-1.256000000000000050e+01,5.496000000000000441e+00,4.658203125000000000e+00
7.104953527450561523e+00,-1.351999999999999957e+01,5.725000000000000533e+00,6.328125000000000000e+00
7.152723550796508789e+00,-1.318999999999999950e+01,5.725000000000000533e+00,8.085937500000000000e+00
7.200735807418823242e+00,-1.432000000000000028e+01,5.954000000000000625e+00,9.843750000000000000e+00
7.248653173446655273e+00,-1.601000000000000156e+01,5.954000000000000625e+00,1.151367187500000000e+01
7.296653985977172852e+00,-1.466999999999999993e+01,5.725000000000000533e+00,1.318359375000000000e+01
7.344671010971069336e+00,-1.528999999999999915e+01,5.267000000000000348e+00,1.476562500000000000e+01
7.392642498016357422e+00,-1.583000000000000007e+01,5.038000000000000256e+00,1.634765625000000000e+01
7.440656423568725586e+00,-1.483999999999999986e+01,4.809000000000000163e+00,1.775390625000000000e+01
7.488704681396484375e+00,-1.658999999999999986e+01,4.580000000000000071e+00,1.916015625000000000e+01
7.536710977554321289e+00,-1.464000000000000057e+01,4.580000000000000071e+00,2.047851562500000000e+01
7.584674835205078125e+00,-1.432000000000000028e+01,3.893000000000000238e+00,2.162109375000000000e+01
7.632675170898437500e+00,-1.596000000000000085e+01,3.664000000000000146e+00,2.276367187500000000e+01
7.680296182632446289e+00,-1.441999999999999993e+01,3.205999999999999961e+00,2.373046875000000000e+01
7.728327274322509766e+00,-1.250000000000000000e+01,2.748000000000000220e+00,2.452148437500000000e+01
7.776288509368896484e+00,-1.336999999999999922e+01,2.290000000000000036e+00,2.531250000000000000e+01
7.824316024780273438e+00,-9.480000000000000426e+00,1.602999999999999980e+00,2.583984375000000000e+01
7.872294425964355469e+00,-1.134999999999999964e+01,1.145000000000000018e+00,2.619140625000000000e+01
7.920285701751708984e+00,-7.009999999999999787e+00,6.870000000000000551e-01,2.645507812500000000e+01
7.968293428421020508e+00,-9.160000000000000142e+00,2.290000000000000091e-01,2.654296875000000000e+01
8.016298532485961914e+00,-7.719999999999999751e+00,0.000000000000000000e+00,2.663085937500000000e+01
8.064313650131225586e+00,-6.980000000000000426e+00,0.000000000000000000e+00,2.663085937500000000e+01
8.112360715866088867e+00,-2.919999999999999929e+00,-9.160000000000000364e-01,2.636718750000000000e+01
8.160309553146362305e+00,-3.430000000000000160e+00,-1.602999999999999980e+00,2.592773437500000000e+01
8.208324670791625977e+00,-2.810000000000000053e+00,-1.832000000000000073e+00,2.531250000000000000e+01
8.256309986114501953e+00,-2.899999999999999800e-01,-2.290000000000000036e+00,2.460937500000000000e+01
8.304350614547729492e+00,1.260000000000000009e+00,-2.748000000000000220e+00,2.381835937500000000e+01
8.352364301681518555e+00,4.009999999999999787e+00,-3.435000000000000053e+00,2.285156250000000000e+01
8.400339126586914062e+00,1.750000000000000000e+00,-3.664000000000000146e+00,2.179687500000000000e+01
8.448369026184082031e+00,4.160000000000000142e+00,-3.893000000000000238e+00,2.056640625000000000e+01
8.496378898620605469e+00,5.709999999999999964e+00,-4.350999999999999979e+00,1.933593750000000000e+01
8.544402599334716797e+00,5.690000000000000391e+00,-4.809000000000000163e+00,1.792968750000000000e+01
8.592392206192016602e+00,6.629999999999999893e+00,-5.038000000000000256e+00,1.652343750000000000e+01
8.640294551849365234e+00,9.269999999999999574e+00,-5.267000000000000348e+00,1.494140625000000000e+01
8.688292980194091797e+00,9.080000000000000071e+00,-5.496000000000000441e+00,1.335937500000000000e+01
8.736302614212036133e+00,9.660000000000000142e+00,-5.496000000000000441e+00,1.177734375000000000e+01
8.784295082092285156e+00,1.121000000000000085e+01,-5.954000000000000625e+00,1.001953125000000000e+01
8.832311391830444336e+00,9.720000000000000639e+00,-5.954000000000000625e+00,8.349609375000000000e+00
8.880321502685546875e+00,1.091000000000000014e+01,-5.725000000000000533e+00,6.591796875000000000e+00
8.928313255310058594e+00,1.190000000000000036e+01,-5.725000000000000533e+00,4.921875000000000000e+00
8.976317882537841797e+00,1.275999999999999979e+01,-5.725000000000000533e+00,3.251953125000000000e+00
9.024299860000610352e+00,1.582000000000000028e+01,-5.725000000000000533e+00,1.582031250000000000e+00
9.072323083877563477e+00,1.651000000000000156e+01,-5.496000000000000441e+00,0.000000000000000000e+00
9.120313882827758789e+00,1.556000000000000050e+01,-5.038000000000000256e+00,-1.494140625000000000e+00
9.168308496475219727e+00,2.071999999999999886e+01,-5.038000000000000256e+00,-3.076171875000000000e+00
9.216316938400268555e+00,2.060000000000000142e+01,-4.809000000000000163e+00,-4.394531250000000000e+00
9.264305591583251953e+00,1.914000000000000057e+01,-4.350999999999999979e+00,-5.800781250000000000e+00
9.312319517135620117e+00,2.346999999999999886e+01,-4.121999999999999886e+00,-7.031250000000000000e+00
9.360304117202758789e+00,2.323999999999999844e+01,-3.893000000000000238e+00,-8.173828125000000000e+00
9.408992528915405273e+00,2.392000000000000171e+01,-3.435000000000000053e+00,-9.140625000000000000e+00
9.456870317459106445e+00,2.169000000000000128e+01,-2.977000000000000313e+00,-1.001953125000000000e+01
9.504862070083618164e+00,2.103000000000000114e+01,-2.290000000000000036e+00,-1.081054687500000000e+01
9.553066492080688477e+00,2.328999999999999915e+01,-1.832000000000000073e+00,-1.133789062500000000e+01
9.600950956344604492e+00,2.089000000000000057e+01,-1.374000000000000110e+00,-1.186523437500000000e+01
9.648947238922119141e+00,1.983999999999999986e+01,-9.160000000000000364e-01,-1.221679687500000000e+01
9.696882724761962891e+00,2.008999999999999986e+01,-2.290000000000000091e-01,-1.230468750000000000e+01
9.744940042495727539e+00,1.998999999999999844e+01,-2.290000000000000091e-01,-1.239257812500000000e+01
9.792974472045898438e+00,1.898000000000000043e+01,2.290000000000000091e-01,-1.230468750000000000e+01
9.840941429138183594e+00,1.978999999999999915e+01,0.000000000000000000e+00,-1.230468750000000000e+01
9.889108657836914062e+00,1.285999999999999943e+01,1.374000000000000110e+00,-1.195312500000000000e+01
9.936389923095703125e+00,1.582000000000000028e+01,1.832000000000000073e+00,-1.142578125000000000e+01
9.984378337860107422e+00,1.088000000000000078e+01,2.060999999999999943e+00,-1.081054687500000000e+01
1.003238677978515625e+01,9.000000000000000000e+00,2.519000000000000128e+00,-1.010742187500000000e+01
1.008037161827087402e+01,5.629999999999999893e+00,2.977000000000000313e+00,-9.228515625000000000e+00
1.012844371795654297e+01,1.350000000000000089e+00,3.664000000000000146e+00,-8.261718750000000000e+00
1.017635416984558105e+01,1.280000000000000027e+00,3.893000000000000238e+00,-7.119140625000000000e+00
1.022431182861328125e+01,-1.889999999999999902e+00,3.893000000000000238e+00,-5.888671875000000000e+00
1.027232074737548828e+01,-6.700000000000000178e+00,4.580000000000000071e+00,-4.570312500000000000e+00
1.032032179832458496e+01,-5.580000000000000071e+00,4.809000000000000163e+00,-3.164062500000000000e+00
1.036830925941467285e+01,-9.429999999999999716e+00,5.038000000000000256e+00,-1.669921875000000000e+00
1.041632699966430664e+01,-1.089000000000000057e+01,5.267000000000000348e+00,-8.789062500000000000e-02
1.046431899070739746e+01,-1.376999999999999957e+01,5.725000000000000533e+00,1.582031250000000000e+00
1.051230955123901367e+01,-1.272000000000000064e+01,5.496000000000000441e+00,3.164062500000000000e+00
1.056032562255859375e+01,-1.408000000000000007e+01,5.496000000000000441e+00,4.833984375000000000e+00
1.060830783843994141e+01,-1.461999999999999922e+01,5.725000000000000533e+00,6.503906250000000000e+00
1.065634059906005859e+01,-1.366999999999999993e+01,5.954000000000000625e+00,8.261718750000000000e+00
1.070431542396545410e+01,-1.458999999999999986e+01,5.954000000000000625e+00,9.931640625000000000e+00
1.075230026245117188e+01,-1.517999999999999972e+01,5.725000000000000533e+00,1.160156250000000000e+01
1.080035996437072754e+01,-1.689999999999999858e+01,5.725000000000000533e+00,1.327148437500000000e+01
1.084883546829223633e+01,-1.418999999999999950e+01,5.496000000000000441e+00,1.485351562500000000e+01
1.089675664901733398e+01,-1.300000000000000000e+01,5.267000000000000348e+00,1.643554687500000000e+01
1.094493675231933594e+01,-1.281000000000000050e+01,4.809000000000000163e+00,1.784179687500000000e+01
1.099290370941162109e+01,-1.393999999999999950e+01,4.580000000000000071e+00,1.924804687500000000e+01
1.104093456268310547e+01,-1.318999999999999950e+01,4.350999999999999979e+00,2.047851562500000000e+01
1.108909821510314941e+01,-1.232000000000000028e+01,3.893000000000000238e+00,2.170898437500000000e+01
1.113691830635070801e+01,-1.250999999999999979e+01,3.664000000000000146e+00,2.276367187500000000e+01
1.118513035774230957e+01,-1.286999999999999922e+01,3.205999999999999961e+00,2.373046875000000000e+01
1.123288321495056152e+01,-1.076999999999999957e+01,2.748000000000000220e+00,2.460937500000000000e+01
1.128091192245483398e+01,-1.202999999999999936e+01,2.290000000000000036e+00,2.531250000000000000e+01
1.132831668853759766e+01,-9.410000000000000142e+00,1.602999999999999980e+00,2.583984375000000000e+01
1.137640380859375000e+01,-1.188000000000000078e+01,1.145000000000000018e+00,2.619140625000000000e+01
1.142440199851989746e+01,-7.589999999999999858e+00,4.580000000000000182e-01,2.636718750000000000e+01
1.147247743606567383e+01,-9.259999999999999787e+00,2.290000000000000091e-01,2.654296875000000000e+01
1.152037501335144043e+01,-8.289999999999999147e+00,2.290000000000000091e-01,2.663085937500000000e+01
1.156842803955078125e+01,-7.379999999999999893e+00,-2.290000000000000091e-01,2.654296875000000000e+01
1.161639118194580078e+01,-3.770000000000000018e+00,-9.160000000000000364e-01,2.627929687500000000e+01
1.166435766220092773e+01,-3.950000000000000178e+00,-1.602999999999999980e+00,2.583984375000000000e+01
1.171231961250305176e+01,-4.209999999999999964e+00,-1.832000000000000073e+00,2.531250000000000000e+01
1.176037573814392090e+01,-3.499999999999999778e-01,-2.290000000000000036e+00,2.460937500000000000e+01
1.180838131904602051e+01,3.099999999999999978e-01,-2.748000000000000220e+00,2.381835937500000000e+01
1.185630917549133301e+01,2.529999999999999805e+00,-3.435000000000000053e+00,2.276367187500000000e+01
1.190432810783386230e+01,3.240000000000000213e+00,-3.664000000000000146e+00,2.170898437500000000e+01
1.195232844352722168e+01,5.889999999999999680e+00,-4.121999999999999886e+00,2.047851562500000000e+01
1.200031828880310059e+01,6.650000000000000355e+00,-4.350999999999999979e+00,1.916015625000000000e+01
1.204832434654235840e+01,6.820000000000000284e+00,-4.580000000000000071e+00,1.784179687500000000e+01
1.209632945060729980e+01,8.949999999999999289e+00,-4.809000000000000163e+00,1.634765625000000000e+01
1.214431405067443848e+01,1.033999999999999986e+01,-5.267000000000000348e+00,1.485351562500000000e+01
1.219231867790222168e+01,1.151999999999999957e+01,-5.496000000000000441e+00,1.327148437500000000e+01
1.224033212661743164e+01,1.093999999999999950e+01,-5.725000000000000533e+00,1.168945312500000000e+01
1.228830981254577637e+01,1.106000000000000050e+01,-5.725000000000000533e+00,9.931640625000000000e+00
1.233631300926208496e+01,1.375999999999999979e+01,-5.954000000000000625e+00,8.261718750000000000e+00
1.238432312011718750e+01,1.025000000000000000e+01,-5.954000000000000625e+00,6.416015625000000000e+00
1.243234086036682129e+01,1.341999999999999993e+01,-5.725000000000000533e+00,4.833984375000000000e+00
1.248034858703613281e+01,1.378999999999999915e+01,-5.496000000000000441e+00,3.164062500000000000e+00
1.252831768989562988e+01,1.608999999999999986e+01,-5.496000000000000441e+00,1.494140625000000000e+00
1.257632040977478027e+01,1.766000000000000014e+01,-5.496000000000000441e+00,-8.789062500000000000e-02
1.262431168556213379e+01,1.664000000000000057e+01,-5.267000000000000348e+00,-1.669921875000000000e+00
1.267233252525329590e+01,2.076000000000000156e+01,-5.038000000000000256e+00,-3.164062500000000000e+00
1.272032976150512695e+01,2.158999999999999986e+01,-5.038000000000000256e+00,-4.658203125000000000e+00
1.276831555366516113e+01,1.801999999999999957e+01,-4.121999999999999886e+00,-5.888671875000000000e+00
1.281635737419128418e+01,2.410000000000000142e+01,-4.121999999999999886e+00,-7.119140625000000000e+00
1.286433362960815430e+01,2.182000000000000028e+01,-3.893000000000000238e+00,-8.261718750000000000e+00
1.291233825683593750e+01,2.421999999999999886e+01,-3.435000000000000053e+00,-9.228515625000000000e+00
1.296037507057189941e+01,2.176999999999999957e+01,-2.977000000000000313e+00,-1.010742187500000000e+01
1.300843930244445801e+01,2.117000000000000171e+01,-2.290000000000000036e+00,-1.081054687500000000e+01
1.305641746520996094e+01,2.358999999999999986e+01,-2.060999999999999943e+00,-1.142578125000000000e+01
1.310444736480712891e+01,2.010999999999999943e+01,-1.374000000000000110e+00,-1.186523437500000000e+01
1.315241050720214844e+01,2.053999999999999915e+01,-9.160000000000000364e-01,-1.221679687500000000e+01
1.320032811164855957e+01,2.017000000000000171e+01,-2.290000000000000091e-01,-1.230468750000000000e+01
1.324833011627197266e+01,1.967000000000000171e+01,0.000000000000000000e+00,-1.230468750000000000e+01
1.329631423950195312e+01,1.898000000000000043e+01,0.000000000000000000e+00,-1.230468750000000000e+01
1.334432339668273926e+01,1.812999999999999901e+01,2.290000000000000091e-01,-1.230468750000000000e+01
1.339232158660888672e+01,1.283999999999999986e+01,1.145000000000000018e+00,-1.195312500000000000e+01
1.344031667709350586e+01,1.388000000000000078e+01,1.832000000000000073e+00,-1.142578125000000000e+01
1.348832774162292480e+01,8.990000000000000213e+00,2.060999999999999943e+00,-1.081054687500000000e+01
1.353633379936218262e+01,7.259999999999999787e+00,2.519000000000000128e+00,-1.010742187500000000e+01
1.358432388305664062e+01,3.439999999999999947e+00,3.205999999999999961e+00,-9.140625000000000000e+00
1.363233184814453125e+01,1.000000000000000021e-02,3.664000000000000146e+00,-8.173828125000000000e+00
1.368032240867614746e+01,-5.400000000000000355e-01,3.893000000000000238e+00,-7.031250000000000000e+00
1.372831583023071289e+01,-3.200000000000000178e+00,4.121999999999999886e+00,-5.800781250000000000e+00
1.377632546424865723e+01,-7.290000000000000036e+00,4.580000000000000071e+00,-4.394531250000000000e+00
1.382434368133544922e+01,-6.679999999999999716e+00,4.809000000000000163e+00,-2.988281250000000000e+00
1.387232685089111328e+01,-9.390000000000000568e+00,4.809000000000000163e+00,-1.494140625000000000e+00
1.392031216621398926e+01,-1.376999999999999957e+01,5.267000000000000348e+00,0.000000000000000000e+00
1.396834802627563477e+01,-1.325000000000000000e+01,5.496000000000000441e+00,1.669921875000000000e+00
1.401633358001708984e+01,-1.490000000000000036e+01,5.725000000000000533e+00,3.339843750000000000e+00
1.406434392929077148e+01,-1.517999999999999972e+01,5.725000000000000533e+00,5.009765625000000000e+00
1.411233282089233398e+01,-1.589000000000000057e+01,5.954000000000000625e+00,6.679687500000000000e+00
1.416031980514526367e+01,-1.424000000000000021e+01,5.725000000000000533e+00,8.437500000000000000e+00
1.420833849906921387e+01,-1.591000000000000014e+01,5.954000000000000625e+00,1.010742187500000000e+01
1.425642895698547363e+01,-1.518999999999999950e+01,5.725000000000000533e+00,1.177734375000000000e+01
1.430480360984802246e+01,-1.277999999999999936e+01,5.496000000000000441e+00,1.344726562500000000e+01
1.435301136970520020e+01,-1.391000000000000014e+01,5.267000000000000348e+00,1.502929687500000000e+01
1.440119910240173340e+01,-1.405000000000000071e+01,5.038000000000000256e+00,1.652343750000000000e+01
1.444886112213134766e+01,-1.268999999999999950e+01,4.580000000000000071e+00,1.792968750000000000e+01
1.449704599380493164e+01,-1.483999999999999986e+01,4.580000000000000071e+00,1.924804687500000000e+01
1.454491353034973145e+01,-1.343999999999999950e+01,4.350999999999999979e+00,2.056640625000000000e+01
1.459300923347473145e+01,-1.313000000000000078e+01,3.893000000000000238e+00,2.179687500000000000e+01
1.464085292816162109e+01,-1.311999999999999922e+01,3.664000000000000146e+00,2.285156250000000000e+01
1.468870639801025391e+01,-1.318999999999999950e+01,3.205999999999999961e+00,2.381835937500000000e+01
1.473671436309814453e+01,-1.176999999999999957e+01,2.748000000000000220e+00,2.469726562500000000e+01
1.478434514999389648e+01,-1.224000000000000021e+01,2.290000000000000036e+00,2.540039062500000000e+01
1.483232688903808594e+01,-9.259999999999999787e+00,1.602999999999999980e+00,2.592773437500000000e+01
1.488033652305603027e+01,-1.028999999999999915e+01,9.160000000000000364e-01,2.619140625000000000e+01
1.492833495140075684e+01,-8.060000000000000497e+00,4.580000000000000182e-01,2.645507812500000000e+01
1.497633433341979980e+01,-9.089999999999999858e+00,0.000000000000000000e+00,2.654296875000000000e+01
1.502432417869567871e+01,-7.200000000000000178e+00,0.000000000000000000e+00,2.663085937500000000e+01
1.507234263420104980e+01,-7.799999999999999822e+00,-2.290000000000000091e-01,2.663085937500000000e+01
1.512036490440368652e+01,-2.750000000000000000e+00,-9.160000000000000364e-01,2.627929687500000000e+01
1.516834521293640137e+01,-3.450000000000000178e+00,-1.602999999999999980e+00,2.583984375000000000e+01
1.521632432937622070e+01,-3.589999999999999858e+00,-1.832000000000000073e+00,2.522460937500000000e+01
1.526433634757995605e+01,1.090000000000000080e+00,-2.290000000000000036e+00,2.452148437500000000e+01
1.531234049797058105e+01,4.099999999999999756e-01,-2.977000000000000313e+00,2.373046875000000000e+01
1.536032104492187500e+01,3.479999999999999982e+00,-3.435000000000000053e+00,2.267578125000000000e+01
1.540834116935729980e+01,5.009999999999999787e+00,-3.664000000000000146e+00,2.162109375000000000e+01
1.545634293556213379e+01,6.660000000000000142e+00,-4.121999999999999886e+00,2.039062500000000000e+01
1.550432682037353516e+01,8.500000000000000000e+00,-4.580000000000000071e+00,1.907226562500000000e+01
1.555234122276306152e+01,8.490000000000000213e+00,-4.580000000000000071e+00,1.775390625000000000e+01
1.560033106803894043e+01,1.075000000000000000e+01,-5.038000000000000256e+00,1.625976562500000000e+01
1.564833474159240723e+01,1.158999999999999986e+01,-5.267000000000000348e+00,1.467773437500000000e+01
1.569634604454040527e+01,1.040000000000000036e+01,-5.267000000000000348e+00,1.309570312500000000e+01
1.574433183670043945e+01,1.403999999999999915e+01,-5.725000000000000533e+00,1.151367187500000000e+01
1.579235434532165527e+01,1.160999999999999943e+01,-5.725000000000000533e+00,9.755859375000000000e+00
1.584032988548278809e+01,1.292999999999999972e+01,-5.954000000000000625e+00,8.085937500000000000e+00
1.588834571838378906e+01,1.210999999999999943e+01,-5.725000000000000533e+00,6.328125000000000000e+00
1.593634200096130371e+01,1.419999999999999929e+01,-5.725000000000000533e+00,4.658203125000000000e+00
1.598441457748413086e+01,1.115000000000000036e+01,-5.496000000000000441e+00,2.988281250000000000e+00
1.603242015838623047e+01,1.455000000000000071e+01,-5.496000000000000441e+00,1.318359375000000000e+00
1.608045411109924316e+01,1.551999999999999957e+01,-5.496000000000000441e+00,-2.636718750000000000e-01
1.612839794158935547e+01,1.475999999999999979e+01,-5.038000000000000256e+00,-1.757812500000000000e+00
1.617636060714721680e+01,1.828000000000000114e+01,-5.038000000000000256e+00,-3.251953125000000000e+00
1.622434544563293457e+01,2.026999999999999957e+01,-4.809000000000000163e+00,-4.658203125000000000e+00
1.627236175537109375e+01,1.828000000000000114e+01,-4.350999999999999979e+00,-5.976562500000000000e+00
1.632038378715515137e+01,2.185999999999999943e+01,-4.121999999999999886e+00,-7.207031250000000000e+00
1.636838912963867188e+01,2.248000000000000043e+01,-3.893000000000000238e+00,-8.349609375000000000e+00
1.641636490821838379e+01,2.312999999999999901e+01,-3.435000000000000053e+00,-9.228515625000000000e+00
1.646435856819152832e+01,2.326999999999999957e+01,-2.977000000000000313e+00,-1.019531250000000000e+01
1.651233291625976562e+01,2.228999999999999915e+01,-2.290000000000000036e+00,-1.089843750000000000e+01
1.656034922599792480e+01,2.408999999999999986e+01,-1.832000000000000073e+00,-1.151367187500000000e+01
1.660832858085632324e+01,2.051000000000000156e+01,-1.374000000000000110e+00,-1.195312500000000000e+01
1.665635991096496582e+01,1.951000000000000156e+01,-6.870000000000000551e-01,-1.221679687500000000e+01
1.670434641838073730e+01,2.089000000000000057e+01,-2.290000000000000091e-01,-1.230468750000000000e+01
1.675234508514404297e+01,1.900000000000000000e+01,-2.290000000000000091e-01,-1.239257812500000000e+01
1.680033016204833984e+01,1.905999999999999872e+01,0.000000000000000000e+00,-1.239257812500000000e+01
1.684834194183349609e+01,1.714000000000000057e+01,0.000000000000000000e+00,-1.230468750000000000e+01
1.689640021324157715e+01,1.014000000000000057e+01,1.602999999999999980e+00,-1.186523437500000000e+01
1.694500041007995605e+01,1.596000000000000085e+01,2.060999999999999943e+00,-1.125000000000000000e+01
1.699292254447937012e+01,1.291000000000000014e+01,2.060999999999999943e+00,-1.072265625000000000e+01
1.704091000556945801e+01,7.660000000000000142e+00,2.519000000000000128e+00,-1.001953125000000000e+01
1.708911871910095215e+01,7.469999999999999751e+00,2.977000000000000313e+00,-9.140625000000000000e+00
1.713694429397583008e+01,1.209999999999999964e+00,3.664000000000000146e+00,-8.085937500000000000e+00
1.718499135971069336e+01,1.499999999999999944e-01,4.121999999999999886e+00,-6.943359375000000000e+00
1.723292183876037598e+01,-9.799999999999999822e-01,4.121999999999999886e+00,-5.712890625000000000e+00
1.728104805946350098e+01,-6.160000000000000142e+00,4.580000000000000071e+00,-4.306640625000000000e+00
1.732882738113403320e+01,-5.660000000000000142e+00,4.809000000000000163e+00,-2.988281250000000000e+00
1.737685561180114746e+01,-8.410000000000000142e+00,5.038000000000000256e+00,-1.406250000000000000e+00
1.742490315437316895e+01,-1.007000000000000028e+01,5.496000000000000441e+00,1.757812500000000000e-01
1.747240710258483887e+01,-1.166000000000000014e+01,5.496000000000000441e+00,1.757812500000000000e+00
1.752041840553283691e+01,-1.233000000000000007e+01,5.496000000000000441e+00,3.427734375000000000e+00
1.756846857070922852e+01,-1.250000000000000000e+01,5.496000000000000441e+00,5.097656250000000000e+00
1.761644148826599121e+01,-1.396000000000000085e+01,5.954000000000000625e+00,6.767578125000000000e+00
1.766437792778015137e+01,-1.181000000000000050e+01,5.954000000000000625e+00,8.437500000000000000e+00
1.771237158775329590e+01,-1.390000000000000036e+01,5.954000000000000625e+00,1.019531250000000000e+01
1.776034736633300781e+01,-1.386999999999999922e+01,5.725000000000000533e+00,1.186523437500000000e+01
1.780833435058593750e+01,-1.505000000000000071e+01,5.496000000000000441e+00,1.353515625000000000e+01
1.785635566711425781e+01,-1.607000000000000028e+01,5.496000000000000441e+00,1.511718750000000000e+01
1.790434074401855469e+01,-1.438000000000000078e+01,5.267000000000000348e+00,1.669921875000000000e+01
1.795233798027038574e+01,-1.536999999999999922e+01,4.809000000000000163e+00,1.810546875000000000e+01
1.800034379959106445e+01,-1.536999999999999922e+01,4.580000000000000071e+00,1.942382812500000000e+01
1.804835224151611328e+01,-1.486999999999999922e+01,4.350999999999999979e+00,2.074218750000000000e+01
1.809635901451110840e+01,-1.322000000000000064e+01,3.664000000000000146e+00,2.188476562500000000e+01
1.814437508583068848e+01,-1.458999999999999986e+01,3.435000000000000053e+00,2.302734375000000000e+01
1.819235968589782715e+01,-1.266000000000000014e+01,2.977000000000000313e+00,2.390625000000000000e+01
1.824035477638244629e+01,-1.323000000000000043e+01,2.519000000000000128e+00,2.469726562500000000e+01
1.828833985328674316e+01,-1.194999999999999929e+01,2.290000000000000036e+00,2.540039062500000000e+01
1.833635282516479492e+01,-9.470000000000000639e+00,1.374000000000000110e+00,2.592773437500000000e+01
1.838433670997619629e+01,-1.003999999999999915e+01,9.160000000000000364e-01,2.619140625000000000e+01
1.843235731124877930e+01,-7.959999999999999964e+00,4.580000000000000182e-01,2.645507812500000000e+01
1.848036241531372070e+01,-8.560000000000000497e+00,0.000000000000000000e+00,2.654296875000000000e+01
1.852834105491638184e+01,-7.209999999999999964e+00,0.000000000000000000e+00,2.663085937500000000e+01
1.857634615898132324e+01,-6.870000000000000107e+00,-2.290000000000000091e-01,2.654296875000000000e+01
1.862435173988342285e+01,-2.410000000000000142e+00,-1.145000000000000018e+00,2.627929687500000000e+01
1.867234110832214355e+01,-3.779999999999999805e+00,-1.602999999999999980e+00,2.575195312500000000e+01
1.872034263610839844e+01,-1.689999999999999947e+00,-1.832000000000000073e+00,2.522460937500000000e+01
1.876836228370666504e+01,1.389999999999999902e+00,-2.519000000000000128e+00,2.443359375000000000e+01
1.881636238098144531e+01,1.449999999999999956e+00,-2.977000000000000313e+00,2.355468750000000000e+01
1.886434364318847656e+01,3.770000000000000018e+00,-3.435000000000000053e+00,2.258789062500000000e+01
1.891243767738342285e+01,2.399999999999999911e+00,-3.664000000000000146e+00,2.153320312500000000e+01
1.896043968200683594e+01,5.509999999999999787e+00,-4.121999999999999886e+00,2.030273437500000000e+01
1.900843334197998047e+01,5.099999999999999645e+00,-4.350999999999999979e+00,1.898437500000000000e+01
1.905642437934875488e+01,6.019999999999999574e+00,-4.580000000000000071e+00,1.757812500000000000e+01
1.910446810722351074e+01,8.500000000000000000e+00,-4.809000000000000163e+00,1.617187500000000000e+01
1.915235185623168945e+01,1.059999999999999964e+01,-5.267000000000000348e+00,1.467773437500000000e+01
1.920036745071411133e+01,8.849999999999999645e+00,-5.496000000000000441e+00,1.300781250000000000e+01
1.924835205078125000e+01,1.150000000000000000e+01,-5.496000000000000441e+00,1.142578125000000000e+01
1.929637122154235840e+01,1.228999999999999915e+01,-5.954000000000000625e+00,9.667968750000000000e+00
1.934440469741821289e+01,1.088000000000000078e+01,-5.954000000000000625e+00,7.910156250000000000e+00
1.939242458343505859e+01,1.099000000000000021e+01,-5.725000000000000533e+00,6.240234375000000000e+00
1.944035720825195312e+01,1.239000000000000057e+01,-5.725000000000000533e+00,4.482421875000000000e+00
1.948837852478027344e+01,1.263000000000000078e+01,-5.725000000000000533e+00,2.900390625000000000e+00
1.953637051582336426e+01,1.607000000000000028e+01,-5.496000000000000441e+00,1.230468750000000000e+00
1.958474397659301758e+01,1.607000000000000028e+01,-5.496000000000000441e+00,-4.394531250000000000e-01
1.963275408744812012e+01,1.630999999999999872e+01,-5.267000000000000348e+00,-1.933593750000000000e+00
1.968075108528137207e+01,2.048999999999999844e+01,-5.038000000000000256e+00,-3.427734375000000000e+00
1.972876143455505371e+01,2.112999999999999901e+01,-4.809000000000000163e+00,-4.921875000000000000e+00
1.977677226066589355e+01,1.910000000000000142e+01,-4.121999999999999886e+00,-6.152343750000000000e+00
1.982476687431335449e+01,2.364999999999999858e+01,-3.893000000000000238e+00,-7.294921875000000000e+00
1.987277197837829590e+01,2.196999999999999886e+01,-3.664000000000000146e+00,-8.437500000000000000e+00
1.992069983482360840e+01,2.351000000000000156e+01,-3.435000000000000053e+00,-9.316406250000000000e+00
1.996875786781311035e+01,2.330000000000000071e+01,-2.748000000000000220e+00,-1.019531250000000000e+01
2.001672244071960449e+01,2.269999999999999929e+01,-2.290000000000000036e+00,-1.089843750000000000e+01
2.006508064270019531e+01,2.332999999999999829e+01,-2.060999999999999943e+00,-1.151367187500000000e+01
2.011236953735351562e+01,1.978000000000000114e+01,-1.374000000000000110e+00,-1.195312500000000000e+01
2.016034269332885742e+01,2.042000000000000171e+01,-4.580000000000000182e-01,-1.221679687500000000e+01
2.020837521553039551e+01,1.985000000000000142e+01,-2.290000000000000091e-01,-1.230468750000000000e+01
2.025638794898986816e+01,1.898999999999999844e+01,-2.290000000000000091e-01,-1.239257812500000000e+01
2.030440330505371094e+01,1.944999999999999929e+01,0.000000000000000000e+00,-1.230468750000000000e+01
2.035236644744873047e+01,1.588000000000000078e+01,0.000000000000000000e+00,-1.230468750000000000e+01
2.040036010742187500e+01,1.117999999999999972e+01,1.602999999999999980e+00,-1.186523437500000000e+01
2.044838309288024902e+01,1.261999999999999922e+01,2.060999999999999943e+00,-1.125000000000000000e+01
2.049640536308288574e+01,8.240000000000000213e+00,2.060999999999999943e+00,-1.063476562500000000e+01
2.054442739486694336e+01,6.389999999999999680e+00,2.748000000000000220e+00,-9.843750000000000000e+00
2.059244132041931152e+01,5.459999999999999964e+00,2.977000000000000313e+00,-8.964843750000000000e+00
2.064039921760559082e+01,5.000000000000000278e-02,3.664000000000000146e+00,-7.998046875000000000e+00
2.068836903572082520e+01,-8.699999999999999956e-01,4.121999999999999886e+00,-6.855468750000000000e+00
2.073635268211364746e+01,-2.819999999999999840e+00,4.121999999999999886e+00,-5.625000000000000000e+00
2.078435564041137695e+01,-6.589999999999999858e+00,4.809000000000000163e+00,-4.218750000000000000e+00
2.083235597610473633e+01,-6.700000000000000178e+00,4.809000000000000163e+00,-2.812500000000000000e+00
2.088036608695983887e+01,-9.439999999999999503e+00,5.038000000000000256e+00,-1.318359375000000000e+00
2.092835545539855957e+01,-1.258999999999999986e+01,5.496000000000000441e+00,3.515625000000000000e-01
2.097635149955749512e+01,-1.235999999999999943e+01,5.496000000000000441e+00,1.933593750000000000e+00
2.102436280250549316e+01,-1.286999999999999922e+01,5.496000000000000441e+00,3.515625000000000000e+00
2.107237410545349121e+01,-1.507000000000000028e+01,5.725000000000000533e+00,5.273437500000000000e+00
2.112038326263427734e+01,-1.368999999999999950e+01,5.725000000000000533e+00,6.943359375000000000e+00
2.116836881637573242e+01,-1.376999999999999957e+01,5.954000000000000625e+00,8.613281250000000000e+00
2.121638512611389160e+01,-1.534999999999999964e+01,5.954000000000000625e+00,1.037109375000000000e+01
2.126437187194824219e+01,-1.505000000000000071e+01,5.725000000000000533e+00,1.204101562500000000e+01
2.131236147880554199e+01,-1.607000000000000028e+01,5.496000000000000441e+00,1.371093750000000000e+01
2.136037254333496094e+01,-1.692000000000000171e+01,5.267000000000000348e+00,1.529296875000000000e+01
2.140835571289062500e+01,-1.543999999999999950e+01,5.038000000000000256e+00,1.678710937500000000e+01
2.145635199546813965e+01,-1.667999999999999972e+01,4.809000000000000163e+00,1.819335937500000000e+01
2.150436902046203613e+01,-1.685000000000000142e+01,4.580000000000000071e+00,1.959960937500000000e+01
2.155237102508544922e+01,-1.508000000000000007e+01,4.350999999999999979e+00,2.083007812500000000e+01
2.160036849975585938e+01,-1.361999999999999922e+01,3.664000000000000146e+00,2.197265625000000000e+01
2.164835000038146973e+01,-1.486999999999999922e+01,3.435000000000000053e+00,2.302734375000000000e+01
2.169636487960815430e+01,-1.339000000000000057e+01,3.205999999999999961e+00,2.390625000000000000e+01
2.174437785148620605e+01,-1.261999999999999922e+01,2.519000000000000128e+00,2.478515625000000000e+01
2.179237675666809082e+01,-9.439999999999999503e+00,2.060999999999999943e+00,2.548828125000000000e+01
2.184043645858764648e+01,-1.066000000000000014e+01,1.374000000000000110e+00,2.592773437500000000e+01
2.188835310935974121e+01,-9.210000000000000853e+00,9.160000000000000364e-01,2.619140625000000000e+01
2.193635344505310059e+01,-8.470000000000000639e+00,4.580000000000000182e-01,2.645507812500000000e+01
2.198445129394531250e+01,-8.769999999999999574e+00,0.000000000000000000e+00,2.654296875000000000e+01
2.203250002861022949e+01,-7.509999999999999787e+00,0.000000000000000000e+00,2.663085937500000000e+01
2.208046030998229980e+01,-6.099999999999999645e+00,-2.290000000000000091e-01,2.654296875000000000e+01
2.212843728065490723e+01,-3.540000000000000036e+00,-1.374000000000000110e+00,2.610351562500000000e+01
2.217637109756469727e+01,-4.740000000000000213e+00,-1.602999999999999980e+00,2.566406250000000000e+01
2.222436237335205078e+01,-4.080000000000000071e+00,-1.832000000000000073e+00,2.504882812500000000e+01
2.227235412597656250e+01,4.000000000000000222e-01,-2.290000000000000036e+00,2.434570312500000000e+01
2.232051324844360352e+01,-1.000000000000000021e-02,-2.977000000000000313e+00,2.346679687500000000e+01
2.236878609657287598e+01,1.439999999999999947e+00,-3.205999999999999961e+00,2.250000000000000000e+01
2.241673970222473145e+01,3.689999999999999947e+00,-3.664000000000000146e+00,2.144531250000000000e+01
2.246474480628967285e+01,6.849999999999999645e+00,-4.350999999999999979e+00,2.021484375000000000e+01
2.251270723342895508e+01,6.179999999999999716e+00,-4.580000000000000071e+00,1.880859375000000000e+01
2.256077337265014648e+01,7.639999999999999680e+00,-4.580000000000000071e+00,1.749023437500000000e+01
2.260870170593261719e+01,1.011999999999999922e+01,-5.038000000000000256e+00,1.599609375000000000e+01
2.265684223175048828e+01,9.949999999999999289e+00,-5.267000000000000348e+00,1.450195312500000000e+01
2.270470833778381348e+01,1.067999999999999972e+01,-5.496000000000000441e+00,1.283203125000000000e+01
2.275273633003234863e+01,1.140000000000000036e+01,-5.725000000000000533e+00,1.125000000000000000e+01
2.280075621604919434e+01,1.208999999999999986e+01,-5.725000000000000533e+00,9.492187500000000000e+00
2.284876656532287598e+01,1.305000000000000071e+01,-5.954000000000000625e+00,7.822265625000000000e+00
2.289637923240661621e+01,9.949999999999999289e+00,-5.954000000000000625e+00,6.064453125000000000e+00
2.294437527656555176e+01,1.406000000000000050e+01,-5.725000000000000533e+00,4.306640625000000000e+00
2.299235558509826660e+01,1.410999999999999943e+01,-5.496000000000000441e+00,2.724609375000000000e+00
2.304037570953369141e+01,1.744000000000000128e+01,-5.725000000000000533e+00,1.054687500000000000e+00
2.308838438987731934e+01,1.626000000000000156e+01,-5.496000000000000441e+00,-6.152343750000000000e-01
2.313649463653564453e+01,1.862000000000000099e+01,-5.267000000000000348e+00,-2.021484375000000000e+00
2.318440032005310059e+01,2.055000000000000071e+01,-5.038000000000000256e+00,-3.603515625000000000e+00
2.323238229751586914e+01,2.044999999999999929e+01,-4.809000000000000163e+00,-5.009765625000000000e+00
2.328037595748901367e+01,2.044999999999999929e+01,-4.121999999999999886e+00,-6.152343750000000000e+00
2.332836771011352539e+01,2.378000000000000114e+01,-3.893000000000000238e+00,-7.382812500000000000e+00
2.337646031379699707e+01,2.144000000000000128e+01,-3.893000000000000238e+00,-8.437500000000000000e+00
2.342451453208923340e+01,2.130999999999999872e+01,-3.205999999999999961e+00,-9.492187500000000000e+00
2.347240400314331055e+01,2.187999999999999901e+01,-2.748000000000000220e+00,-1.028320312500000000e+01
2.352049255371093750e+01,2.194999999999999929e+01,-2.290000000000000036e+00,-1.098632812500000000e+01
2.356843471527099609e+01,2.228000000000000114e+01,-1.832000000000000073e+00,-1.160156250000000000e+01
2.361646127700805664e+01,1.928999999999999915e+01,-1.145000000000000018e+00,-1.195312500000000000e+01
2.366436624526977539e+01,1.944000000000000128e+01,-6.870000000000000551e-01,-1.221679687500000000e+01
2.371236753463745117e+01,2.000000000000000000e+01,0.000000000000000000e+00,-1.230468750000000000e+01
2.376036405563354492e+01,1.905999999999999872e+01,-2.290000000000000091e-01,-1.239257812500000000e+01
2.380837988853454590e+01,1.894999999999999929e+01,0.000000000000000000e+00,-1.230468750000000000e+01
2.385637569427490234e+01,1.792000000000000171e+01,2.290000000000000091e-01,-1.230468750000000000e+01
2.390437221527099609e+01,1.047000000000000064e+01,1.602999999999999980e+00,-1.186523437500000000e+01
2.395235967636108398e+01,1.385999999999999943e+01,2.060999999999999943e+00,-1.125000000000000000e+01
2.400036406517028809e+01,9.669999999999999929e+00,2.060999999999999943e+00,-1.063476562500000000e+01
2.404837322235107422e+01,5.200000000000000178e+00,2.519000000000000128e+00,-9.843750000000000000e+00
2.409636616706848145e+01,2.779999999999999805e+00,2.977000000000000313e+00,-8.964843750000000000e+00
2.414437818527221680e+01,-1.770000000000000018e+00,3.664000000000000146e+00,-7.910156250000000000e+00
2.419238686561584473e+01,-2.959999999999999964e+00,4.121999999999999886e+00,-6.767578125000000000e+00
2.424037909507751465e+01,-5.320000000000000284e+00,4.350999999999999979e+00,-5.449218750000000000e+00
2.428838348388671875e+01,-7.780000000000000249e+00,4.809000000000000163e+00,-4.042968750000000000e+00
2.433645701408386230e+01,-6.370000000000000107e+00,5.038000000000000256e+00,-2.636718750000000000e+00
2.438447785377502441e+01,-9.720000000000000639e+00,5.038000000000000256e+00,-1.142578125000000000e+00
2.443285632133483887e+01,-1.335999999999999943e+01,5.267000000000000348e+00,4.394531250000000000e-01
2.448105955123901367e+01,-1.126999999999999957e+01,5.496000000000000441e+00,2.021484375000000000e+00
2.452897262573242188e+01,-1.057000000000000028e+01,5.267000000000000348e+00,3.691406250000000000e+00
2.457677960395812988e+01,-1.586999999999999922e+01,5.725000000000000533e+00,5.361328125000000000e+00
2.462486886978149414e+01,-1.298000000000000043e+01,5.954000000000000625e+00,7.119140625000000000e+00
2.467307376861572266e+01,-1.132000000000000028e+01,5.954000000000000625e+00,8.701171875000000000e+00
2.472087645530700684e+01,-1.289000000000000057e+01,5.725000000000000533e+00,1.045898437500000000e+01
2.476894259452819824e+01,-1.403999999999999915e+01,5.725000000000000533e+00,1.221679687500000000e+01
2.481707143783569336e+01,-1.333999999999999986e+01,5.725000000000000533e+00,1.379882812500000000e+01
2.486499333381652832e+01,-1.348000000000000043e+01,5.267000000000000348e+00,1.538085937500000000e+01
2.491313457489013672e+01,-1.391999999999999993e+01,5.038000000000000256e+00,1.696289062500000000e+01
2.496098065376281738e+01,-1.350999999999999979e+01,4.809000000000000163e+00,1.836914062500000000e+01
2.500849175453186035e+01,-1.502999999999999936e+01,4.580000000000000071e+00,1.968750000000000000e+01
2.505644965171813965e+01,-1.438000000000000078e+01,4.350999999999999979e+00,2.100585937500000000e+01
2.510446262359619141e+01,-1.175000000000000000e+01,3.664000000000000146e+00,2.214843750000000000e+01
2.515243363380432129e+01,-1.416000000000000014e+01,3.435000000000000053e+00,2.311523437500000000e+01
2.520040011405944824e+01,-1.168999999999999950e+01,2.977000000000000313e+00,2.408203125000000000e+01
2.524837684631347656e+01,-1.210999999999999943e+01,2.748000000000000220e+00,2.487304687500000000e+01
2.529637479782104492e+01,-8.750000000000000000e+00,1.832000000000000073e+00,2.557617187500000000e+01
2.534437561035156250e+01,-9.630000000000000782e+00,1.374000000000000110e+00,2.592773437500000000e+01
2.539237213134765625e+01,-9.880000000000000782e+00,9.160000000000000364e-01,2.619140625000000000e+01
2.544037842750549316e+01,-8.339999999999999858e+00,4.580000000000000182e-01,2.645507812500000000e+01
2.548836731910705566e+01,-8.599999999999999645e+00,0.000000000000000000e+00,2.654296875000000000e+01
2.553636622428894043e+01,-7.660000000000000142e+00,0.000000000000000000e+00,2.663085937500000000e+01
2.558438897132873535e+01,-6.320000000000000284e+00,-2.290000000000000091e-01,2.654296875000000000e+01
2.563238739967346191e+01,-3.160000000000000142e+00,-1.374000000000000110e+00,2.619140625000000000e+01
2.568038964271545410e+01,-4.250000000000000000e+00,-1.602999999999999980e+00,2.566406250000000000e+01
2.572838187217712402e+01,-2.470000000000000195e+00,-1.832000000000000073e+00,2.504882812500000000e+01
2.577640652656555176e+01,1.360000000000000098e+00,-2.519000000000000128e+00,2.434570312500000000e+01
2.582439422607421875e+01,1.300000000000000044e+00,-3.205999999999999961e+00,2.337890625000000000e+01
2.587239122390747070e+01,2.370000000000000107e+00,-3.205999999999999961e+00,2.241210937500000000e+01
2.592037081718444824e+01,4.919999999999999929e+00,-3.664000000000000146e+00,2.135742187500000000e+01
2.596838808059692383e+01,7.580000000000000071e+00,-4.350999999999999979e+00,2.012695312500000000e+01
2.601636743545532227e+01,7.879999999999999893e+00,-4.580000000000000071e+00,1.872070312500000000e+01
2.606437516212463379e+01,8.009999999999999787e+00,-4.809000000000000163e+00,1.731445312500000000e+01
2.611238837242126465e+01,1.019999999999999929e+01,-5.038000000000000256e+00,1.590820312500000000e+01
2.616040492057800293e+01,1.161999999999999922e+01,-5.267000000000000348e+00,1.432617187500000000e+01
2.620840120315551758e+01,1.075000000000000000e+01,-5.267000000000000348e+00,1.274414062500000000e+01
2.625638079643249512e+01,1.300000000000000000e+01,-5.496000000000000441e+00,1.107421875000000000e+01
2.630438351631164551e+01,1.301999999999999957e+01,-5.954000000000000625e+00,9.404296875000000000e+00
2.635239410400390625e+01,1.313000000000000078e+01,-5.954000000000000625e+00,7.734375000000000000e+00
2.640038132667541504e+01,1.015000000000000036e+01,-5.725000000000000533e+00,5.976562500000000000e+00
2.644847893714904785e+01,1.132000000000000028e+01,-5.725000000000000533e+00,4.306640625000000000e+00
2.649648571014404297e+01,1.274000000000000021e+01,-5.725000000000000533e+00,2.636718750000000000e+00
2.654443025588989258e+01,1.386999999999999922e+01,-5.496000000000000441e+00,9.667968750000000000e-01
2.659247827529907227e+01,1.560999999999999943e+01,-5.496000000000000441e+00,-7.031250000000000000e-01
2.664043307304382324e+01,1.510999999999999943e+01,-5.267000000000000348e+00,-2.197265625000000000e+00
2.668837594985961914e+01,1.866000000000000014e+01,-4.809000000000000163e+00,-3.691406250000000000e+00
2.673637890815734863e+01,2.005000000000000071e+01,-4.809000000000000163e+00,-5.097656250000000000e+00
2.678439140319824219e+01,1.760000000000000142e+01,-4.121999999999999886e+00,-6.328125000000000000e+00
2.683239197731018066e+01,2.219999999999999929e+01,-3.893000000000000238e+00,-7.470703125000000000e+00
2.688037014007568359e+01,2.123000000000000043e+01,-3.664000000000000146e+00,-8.525390625000000000e+00
2.692837476730346680e+01,2.292999999999999972e+01,-3.435000000000000053e+00,-9.492187500000000000e+00
2.697637462615966797e+01,2.110000000000000142e+01,-2.748000000000000220e+00,-1.037109375000000000e+01
2.702437043190002441e+01,2.203999999999999915e+01,-2.060999999999999943e+00,-1.098632812500000000e+01
2.707238197326660156e+01,2.344999999999999929e+01,-1.832000000000000073e+00,-1.160156250000000000e+01
2.712036180496215820e+01,1.875000000000000000e+01,-1.145000000000000018e+00,-1.204101562500000000e+01
2.716838383674621582e+01,2.007999999999999829e+01,-6.870000000000000551e-01,-1.221679687500000000e+01
2.721640276908874512e+01,1.991000000000000014e+01,0.000000000000000000e+00,-1.230468750000000000e+01
2.726437449455261230e+01,1.848000000000000043e+01,-2.290000000000000091e-01,-1.239257812500000000e+01
2.731236886978149414e+01,1.891000000000000014e+01,2.290000000000000091e-01,-1.230468750000000000e+01
2.736037302017211914e+01,1.776999999999999957e+01,0.000000000000000000e+00,-1.230468750000000000e+01
2.740837717056274414e+01,8.679999999999999716e+00,1.602999999999999980e+00,-1.186523437500000000e+01
2.745637583732604980e+01,1.349000000000000021e+01,2.060999999999999943e+00,-1.125000000000000000e+01
2.750437450408935547e+01,7.370000000000000107e+00,2.060999999999999943e+00,-1.063476562500000000e+01
2.755239272117614746e+01,3.399999999999999911e+00,2.748000000000000220e+00,-9.843750000000000000e+00
2.760038137435913086e+01,2.839999999999999858e+00,2.977000000000000313e+00,-8.876953125000000000e+00
2.764838933944702148e+01,-4.599999999999999645e+00,3.664000000000000146e+00,-7.910156250000000000e+00
2.769638133049011230e+01,-1.909999999999999920e+00,4.350999999999999979e+00,-6.591796875000000000e+00
2.774440097808837891e+01,-7.049999999999999822e+00,4.350999999999999979e+00,-5.361328125000000000e+00
2.779240965843200684e+01,-9.289999999999999147e+00,4.809000000000000163e+00,-3.955078125000000000e+00
2.784038949012756348e+01,-8.279999999999999361e+00,5.038000000000000256e+00,-2.548828125000000000e+00
2.788839626312255859e+01,-1.180000000000000071e+01,5.038000000000000256e+00,-1.054687500000000000e+00
2.793641138076782227e+01,-1.189000000000000057e+01,5.496000000000000441e+00,5.273437500000000000e-01
2.798451209068298340e+01,-1.160999999999999943e+01,5.496000000000000441e+00,2.197265625000000000e+00
2.803252816200256348e+01,-1.239000000000000057e+01,5.496000000000000441e+00,3.779296875000000000e+00
