4.878735542297363281e-02,3.900000000000000133e-01,1.374000000000000110e+00,-3.076171875000000000e+00
9.687328338623046875e-02,-5.480000000000000426e+00,5.725000000000000533e+00,-1.142578125000000000e+00
1.448318958282470703e-01,-1.202999999999999936e+01,5.267000000000000348e+00,4.394531250000000000e-01
1.928169727325439453e-01,-4.179999999999999716e+00,4.580000000000000071e+00,1.845703125000000000e+00
2.407805919647216797e-01,-1.709999999999999964e+00,4.350999999999999979e+00,3.164062500000000000e+00
2.888000011444091797e-01,-1.879999999999999893e+00,3.893000000000000238e+00,4.306640625000000000e+00
3.368866443634033203e-01,-3.790000000000000036e+00,3.664000000000000146e+00,5.361328125000000000e+00
3.848156929016113281e-01,-4.400000000000000355e+00,3.664000000000000146e+00,6.503906250000000000e+00
4.330799579620361328e-01,-4.400000000000000355e+00,3.664000000000000146e+00,7.734375000000000000e+00
4.809443950653076172e-01,-5.879999999999999893e+00,3.664000000000000146e+00,8.701171875000000000e+00
5.287559032440185547e-01,-8.449999999999999289e+00,3.664000000000000146e+00,9.755859375000000000e+00
5.766150951385498047e-01,-6.440000000000000391e+00,3.435000000000000053e+00,1.081054687500000000e+01
6.242225170135498047e-01,-4.719999999999999751e+00,3.205999999999999961e+00,1.177734375000000000e+01
6.721992492675781250e-01,-6.639999999999999680e+00,2.977000000000000313e+00,1.274414062500000000e+01
7.202169895172119141e-01,-8.009999999999999787e+00,2.977000000000000313e+00,1.353515625000000000e+01
7.682287693023681641e-01,-8.099999999999999645e+00,2.748000000000000220e+00,1.450195312500000000e+01
8.162429332733154297e-01,-7.290000000000000036e+00,2.748000000000000220e+00,1.529296875000000000e+01
8.641998767852783203e-01,-6.519999999999999574e+00,2.290000000000000036e+00,1.599609375000000000e+01
9.122006893157958984e-01,-8.289999999999999147e+00,2.060999999999999943e+00,1.669921875000000000e+01
9.602129459381103516e-01,-7.519999999999999574e+00,1.832000000000000073e+00,1.722656250000000000e+01
1.008200645446777344e+00,-7.669999999999999929e+00,1.602999999999999980e+00,1.775390625000000000e+01
1.056190013885498047e+00,-7.400000000000000355e+00,1.602999999999999980e+00,1.819335937500000000e+01
1.104194402694702148e+00,-6.219999999999999751e+00,1.145000000000000018e+00,1.863281250000000000e+01
1.152181625366210938e+00,-6.200000000000000178e+00,1.145000000000000018e+00,1.898437500000000000e+01
1.200181722640991211e+00,-6.030000000000000249e+00,6.870000000000000551e-01,1.924804687500000000e+01
1.248170614242553711e+00,-6.790000000000000036e+00,6.870000000000000551e-01,1.951171875000000000e+01
1.296169996261596680e+00,-6.150000000000000355e+00,4.580000000000000182e-01,1.968750000000000000e+01
1.344166278839111328e+00,-5.290000000000000036e+00,4.580000000000000182e-01,1.986328125000000000e+01
1.392179012298583984e+00,-3.390000000000000124e+00,2.290000000000000091e-01,1.995117187500000000e+01
1.440194845199584961e+00,-1.560000000000000053e+00,-6.870000000000000551e-01,1.968750000000000000e+01
1.488157749176025391e+00,-2.740000000000000213e+00,-6.870000000000000551e-01,1.951171875000000000e+01
1.536168098449707031e+00,-4.740000000000000213e+00,-6.870000000000000551e-01,1.924804687500000000e+01
1.584167957305908203e+00,-2.069999999999999840e+00,-6.870000000000000551e-01,1.907226562500000000e+01
1.632164955139160156e+00,-1.889999999999999902e+00,-1.374000000000000110e+00,1.863281250000000000e+01
1.680154323577880859e+00,-1.129999999999999893e+00,-1.374000000000000110e+00,1.819335937500000000e+01
1.728160858154296875e+00,-4.799999999999999822e-01,-1.374000000000000110e+00,1.784179687500000000e+01
1.776148080825805664e+00,5.200000000000000178e-01,-1.602999999999999980e+00,1.731445312500000000e+01
1.824256896972656250e+00,1.100000000000000089e+00,-1.832000000000000073e+00,1.669921875000000000e+01
1.872257947921752930e+00,2.160000000000000142e+00,-2.060999999999999943e+00,1.599609375000000000e+01
1.920227289199829102e+00,2.569999999999999840e+00,-2.290000000000000036e+00,1.529296875000000000e+01
1.968267440795898438e+00,3.129999999999999893e+00,-2.290000000000000036e+00,1.450195312500000000e+01
2.016143560409545898e+00,5.370000000000000107e+00,-2.748000000000000220e+00,1.362304687500000000e+01
2.064157724380493164e+00,3.080000000000000071e+00,-2.977000000000000313e+00,1.274414062500000000e+01
2.112601757049560547e+00,3.759999999999999787e+00,-3.205999999999999961e+00,1.177734375000000000e+01
2.160576343536376953e+00,4.410000000000000142e+00,-3.205999999999999961e+00,1.081054687500000000e+01
2.208527326583862305e+00,5.450000000000000178e+00,-3.205999999999999961e+00,9.843750000000000000e+00
2.256558179855346680e+00,7.549999999999999822e+00,-3.664000000000000146e+00,8.701171875000000000e+00
2.304566860198974609e+00,6.809999999999999609e+00,-3.893000000000000238e+00,7.646484375000000000e+00
2.352505922317504883e+00,6.469999999999999751e+00,-3.664000000000000146e+00,6.503906250000000000e+00
2.400545597076416016e+00,7.549999999999999822e+00,-3.893000000000000238e+00,5.449218750000000000e+00
2.448485851287841797e+00,7.650000000000000355e+00,-3.893000000000000238e+00,4.218750000000000000e+00
2.496531486511230469e+00,6.809999999999999609e+00,-3.893000000000000238e+00,3.076171875000000000e+00
2.544468164443969727e+00,7.580000000000000071e+00,-4.121999999999999886e+00,1.845703125000000000e+00
2.592526912689208984e+00,7.969999999999999751e+00,-4.121999999999999886e+00,6.152343750000000000e-01
2.640530347824096680e+00,9.070000000000000284e+00,-4.121999999999999886e+00,-6.152343750000000000e-01
2.688510417938232422e+00,1.038000000000000078e+01,-3.893000000000000238e+00,-1.757812500000000000e+00
2.736116409301757812e+00,1.261999999999999922e+01,-4.121999999999999886e+00,-2.900390625000000000e+00
2.784113168716430664e+00,1.342999999999999972e+01,-3.893000000000000238e+00,-4.130859375000000000e+00
2.832129478454589844e+00,1.350000000000000000e+01,-3.893000000000000238e+00,-5.273437500000000000e+00
2.880112409591674805e+00,1.597000000000000064e+01,-3.664000000000000146e+00,-6.328125000000000000e+00
2.928120851516723633e+00,1.855999999999999872e+01,-3.664000000000000146e+00,-7.470703125000000000e+00
2.976110696792602539e+00,1.787999999999999901e+01,-3.664000000000000146e+00,-8.525390625000000000e+00
3.024110078811645508e+00,1.883999999999999986e+01,-3.664000000000000146e+00,-9.580078125000000000e+00
3.072139978408813477e+00,1.917999999999999972e+01,-3.435000000000000053e+00,-1.054687500000000000e+01
3.120102167129516602e+00,2.182999999999999829e+01,-3.205999999999999961e+00,-1.160156250000000000e+01
3.168108940124511719e+00,2.085000000000000142e+01,-2.977000000000000313e+00,-1.248046875000000000e+01
3.216180562973022461e+00,2.064999999999999858e+01,-2.977000000000000313e+00,-1.335937500000000000e+01
3.264199018478393555e+00,2.144999999999999929e+01,-2.748000000000000220e+00,-1.423828125000000000e+01
3.312185525894165039e+00,2.101999999999999957e+01,-2.519000000000000128e+00,-1.494140625000000000e+01
3.360155582427978516e+00,2.328999999999999915e+01,-2.519000000000000128e+00,-1.573242187500000000e+01
3.408288717269897461e+00,2.200000000000000000e+01,-2.060999999999999943e+00,-1.634765625000000000e+01
3.456195354461669922e+00,2.364999999999999858e+01,-2.060999999999999943e+00,-1.696289062500000000e+01
3.504069328308105469e+00,2.273000000000000043e+01,-1.602999999999999980e+00,-1.749023437500000000e+01
3.552057027816772461e+00,2.332000000000000028e+01,-1.374000000000000110e+00,-1.792968750000000000e+01
3.600061893463134766e+00,2.364000000000000057e+01,-1.374000000000000110e+00,-1.836914062500000000e+01
3.648095607757568359e+00,2.317999999999999972e+01,-9.160000000000000364e-01,-1.863281250000000000e+01
3.696094512939453125e+00,2.248000000000000043e+01,-6.870000000000000551e-01,-1.889648437500000000e+01
3.744067430496215820e+00,2.282999999999999829e+01,-6.870000000000000551e-01,-1.916015625000000000e+01
3.792057275772094727e+00,2.292999999999999972e+01,-4.580000000000000182e-01,-1.933593750000000000e+01
3.840054273605346680e+00,2.044999999999999929e+01,0.000000000000000000e+00,-1.942382812500000000e+01
3.888054609298706055e+00,2.171000000000000085e+01,0.000000000000000000e+00,-1.942382812500000000e+01
3.936049699783325195e+00,2.119000000000000128e+01,0.000000000000000000e+00,-1.942382812500000000e+01
3.984057426452636719e+00,2.046999999999999886e+01,0.000000000000000000e+00,-1.942382812500000000e+01
4.032063484191894531e+00,1.873000000000000043e+01,2.290000000000000091e-01,-1.942382812500000000e+01
4.080057621002197266e+00,1.419999999999999929e+01,1.145000000000000018e+00,-1.907226562500000000e+01
4.128062009811401367e+00,1.951000000000000156e+01,1.145000000000000018e+00,-1.863281250000000000e+01
4.176036119461059570e+00,1.491999999999999993e+01,1.374000000000000110e+00,-1.819335937500000000e+01
4.224041461944580078e+00,1.260999999999999943e+01,1.602999999999999980e+00,-1.775390625000000000e+01
4.272024869918823242e+00,1.038000000000000078e+01,1.832000000000000073e+00,-1.722656250000000000e+01
4.320019721984863281e+00,1.183999999999999986e+01,2.060999999999999943e+00,-1.652343750000000000e+01
4.368026494979858398e+00,8.990000000000000213e+00,2.060999999999999943e+00,-1.599609375000000000e+01
4.416058063507080078e+00,7.379999999999999893e+00,2.290000000000000036e+00,-1.520507812500000000e+01
4.464015007019042969e+00,5.190000000000000391e+00,2.290000000000000036e+00,-1.450195312500000000e+01
4.512015581130981445e+00,3.479999999999999982e+00,2.977000000000000313e+00,-1.371093750000000000e+01
4.560002088546752930e+00,4.089999999999999858e+00,3.205999999999999961e+00,-1.274414062500000000e+01
4.608019351959228516e+00,2.560000000000000053e+00,2.977000000000000313e+00,-1.177734375000000000e+01
4.656010627746582031e+00,9.899999999999999911e-01,3.205999999999999961e+00,-1.081054687500000000e+01
4.704124450683593750e+00,4.099999999999999756e-01,3.435000000000000053e+00,-9.843750000000000000e+00
4.752121448516845703e+00,-1.830000000000000071e+00,3.435000000000000053e+00,-8.789062500000000000e+00
4.800176858901977539e+00,-3.060000000000000053e+00,3.664000000000000146e+00,-7.734375000000000000e+00
4.848133802413940430e+00,-3.939999999999999947e+00,3.893000000000000238e+00,-6.591796875000000000e+00
4.896010637283325195e+00,-4.860000000000000320e+00,3.664000000000000146e+00,-5.449218750000000000e+00
4.944031476974487305e+00,-5.809999999999999609e+00,4.121999999999999886e+00,-4.306640625000000000e+00
4.992007493972778320e+00,-4.870000000000000107e+00,3.893000000000000238e+00,-3.076171875000000000e+00
5.039998054504394531e+00,-4.379999999999999893e+00,3.893000000000000238e+00,-1.933593750000000000e+00
5.088440656661987305e+00,-6.849999999999999645e+00,3.893000000000000238e+00,-7.031250000000000000e-01
5.136406183242797852e+00,-5.259999999999999787e+00,4.121999999999999886e+00,5.273437500000000000e-01
5.184400320053100586e+00,-5.459999999999999964e+00,4.121999999999999886e+00,1.669921875000000000e+00
5.232362747192382812e+00,-5.889999999999999680e+00,3.893000000000000238e+00,2.900390625000000000e+00
5.280349016189575195e+00,-6.049999999999999822e+00,3.893000000000000238e+00,4.042968750000000000e+00
5.328364133834838867e+00,-5.740000000000000213e+00,3.893000000000000238e+00,5.185546875000000000e+00
5.376316785812377930e+00,-6.629999999999999893e+00,3.893000000000000238e+00,6.328125000000000000e+00
5.424381971359252930e+00,-7.870000000000000107e+00,3.893000000000000238e+00,7.470703125000000000e+00
5.472334623336791992e+00,-7.959999999999999964e+00,3.664000000000000146e+00,8.437500000000000000e+00
5.520401000976562500e+00,-8.750000000000000000e+00,3.664000000000000146e+00,9.580078125000000000e+00
5.568387746810913086e+00,-7.099999999999999645e+00,3.435000000000000053e+00,1.063476562500000000e+01
5.616375207901000977e+00,-7.730000000000000426e+00,3.435000000000000053e+00,1.168945312500000000e+01
5.664442539215087891e+00,-8.300000000000000711e+00,2.977000000000000313e+00,1.256835937500000000e+01
5.711955785751342773e+00,-9.119999999999999218e+00,2.977000000000000313e+00,1.353515625000000000e+01
5.759994983673095703e+00,-8.810000000000000497e+00,2.748000000000000220e+00,1.432617187500000000e+01
5.807993173599243164e+00,-8.509999999999999787e+00,2.519000000000000128e+00,1.511718750000000000e+01
5.855986595153808594e+00,-8.089999999999999858e+00,2.290000000000000036e+00,1.590820312500000000e+01
5.903951644897460938e+00,-9.259999999999999787e+00,2.290000000000000036e+00,1.652343750000000000e+01
5.951946020126342773e+00,-7.530000000000000249e+00,1.832000000000000073e+00,1.713867187500000000e+01
5.999940395355224609e+00,-7.759999999999999787e+00,1.602999999999999980e+00,1.766601562500000000e+01
6.047946929931640625e+00,-7.929999999999999716e+00,1.374000000000000110e+00,1.810546875000000000e+01
6.095955133438110352e+00,-8.009999999999999787e+00,1.145000000000000018e+00,1.854492187500000000e+01
6.144012689590454102e+00,-7.259999999999999787e+00,1.145000000000000018e+00,1.898437500000000000e+01
6.192025184631347656e+00,-5.559999999999999609e+00,6.870000000000000551e-01,1.916015625000000000e+01
6.240021705627441406e+00,-6.799999999999999822e+00,6.870000000000000551e-01,1.942382812500000000e+01
6.288023471832275391e+00,-7.150000000000000355e+00,4.580000000000000182e-01,1.959960937500000000e+01
6.336023569107055664e+00,-7.309999999999999609e+00,4.580000000000000182e-01,1.977539062500000000e+01
6.383929967880249023e+00,-5.410000000000000142e+00,0.000000000000000000e+00,1.986328125000000000e+01
6.431945562362670898e+00,-4.669999999999999929e+00,0.000000000000000000e+00,1.986328125000000000e+01
6.479986429214477539e+00,-2.490000000000000213e+00,-6.870000000000000551e-01,1.968750000000000000e+01
6.527935504913330078e+00,-3.500000000000000000e+00,-1.145000000000000018e+00,1.933593750000000000e+01
6.575925111770629883e+00,-5.660000000000000142e+00,-9.160000000000000364e-01,1.898437500000000000e+01
6.623920917510986328e+00,-4.139999999999999680e+00,-9.160000000000000364e-01,1.872070312500000000e+01
6.671926021575927734e+00,-1.280000000000000027e+00,-1.145000000000000018e+00,1.836914062500000000e+01
6.719923734664916992e+00,-7.399999999999999911e-01,-1.374000000000000110e+00,1.792968750000000000e+01
6.767916679382324219e+00,1.000000000000000021e-02,-1.602999999999999980e+00,1.740234375000000000e+01
6.815905570983886719e+00,2.999999999999999889e-01,-1.832000000000000073e+00,1.678710937500000000e+01
6.863920450210571289e+00,2.040000000000000036e+00,-2.290000000000000036e+00,1.617187500000000000e+01
6.911905288696289062e+00,1.860000000000000098e+00,-2.290000000000000036e+00,1.546875000000000000e+01
6.959928274154663086e+00,2.520000000000000018e+00,-2.519000000000000128e+00,1.467773437500000000e+01
7.007912397384643555e+00,3.220000000000000195e+00,-2.748000000000000220e+00,1.379882812500000000e+01
7.055913925170898438e+00,4.490000000000000213e+00,-2.977000000000000313e+00,1.291992187500000000e+01
7.104492425918579102e+00,6.190000000000000391e+00,-3.205999999999999961e+00,1.195312500000000000e+01
7.152603149414062500e+00,4.259999999999999787e+00,-3.205999999999999961e+00,1.098632812500000000e+01
7.200371265411376953e+00,1.610000000000000098e+00,-3.205999999999999961e+00,9.931640625000000000e+00
7.248594999313354492e+00,3.669999999999999929e+00,-3.664000000000000146e+00,8.876953125000000000e+00
7.296711683273315430e+00,6.129999999999999893e+00,-3.893000000000000238e+00,7.822265625000000000e+00
7.344559907913208008e+00,4.259999999999999787e+00,-3.893000000000000238e+00,6.679687500000000000e+00
7.392553567886352539e+00,3.589999999999999858e+00,-3.893000000000000238e+00,5.537109375000000000e+00
7.440505743026733398e+00,5.250000000000000000e+00,-3.893000000000000238e+00,4.394531250000000000e+00
7.488405942916870117e+00,4.790000000000000036e+00,-3.893000000000000238e+00,3.251953125000000000e+00
7.536543607711791992e+00,5.839999999999999858e+00,-4.121999999999999886e+00,2.021484375000000000e+00
7.584299325942993164e+00,5.089999999999999858e+00,-4.121999999999999886e+00,8.789062500000000000e-01
7.632629871368408203e+00,6.280000000000000249e+00,-4.121999999999999886e+00,-3.515625000000000000e-01
7.680573701858520508e+00,7.059999999999999609e+00,-3.893000000000000238e+00,-1.582031250000000000e+00
7.727895259857177734e+00,8.630000000000000782e+00,-3.893000000000000238e+00,-2.724609375000000000e+00
7.775901317596435547e+00,1.099000000000000021e+01,-4.121999999999999886e+00,-3.867187500000000000e+00
7.823872566223144531e+00,1.216000000000000014e+01,-4.121999999999999886e+00,-5.097656250000000000e+00
7.871856451034545898e+00,1.153999999999999915e+01,-3.435000000000000053e+00,-6.152343750000000000e+00
7.919854402542114258e+00,1.534999999999999964e+01,-3.664000000000000146e+00,-7.294921875000000000e+00
7.967851161956787109e+00,1.673999999999999844e+01,-3.664000000000000146e+00,-8.437500000000000000e+00
8.015845060348510742e+00,1.755999999999999872e+01,-3.664000000000000146e+00,-9.404296875000000000e+00
8.063857316970825195e+00,1.735000000000000142e+01,-3.435000000000000053e+00,-1.045898437500000000e+01
8.111858844757080078e+00,1.967999999999999972e+01,-3.205999999999999961e+00,-1.142578125000000000e+01
8.159838199615478516e+00,1.903999999999999915e+01,-2.977000000000000313e+00,-1.239257812500000000e+01
8.207831859588623047e+00,2.035999999999999943e+01,-2.977000000000000313e+00,-1.327148437500000000e+01
8.255832672119140625e+00,2.051999999999999957e+01,-2.748000000000000220e+00,-1.415039062500000000e+01
8.303879737854003906e+00,2.144999999999999929e+01,-2.519000000000000128e+00,-1.485351562500000000e+01
8.351848125457763672e+00,2.319000000000000128e+01,-2.519000000000000128e+00,-1.564453125000000000e+01
8.399823427200317383e+00,2.185000000000000142e+01,-2.060999999999999943e+00,-1.634765625000000000e+01
8.447830677032470703e+00,2.267000000000000171e+01,-1.832000000000000073e+00,-1.687500000000000000e+01
8.495867729187011719e+00,2.292000000000000171e+01,-1.602999999999999980e+00,-1.740234375000000000e+01
8.543855428695678711e+00,2.358999999999999986e+01,-1.374000000000000110e+00,-1.792968750000000000e+01
8.591816186904907227e+00,2.276000000000000156e+01,-1.374000000000000110e+00,-1.836914062500000000e+01
8.639812707901000977e+00,2.305999999999999872e+01,-6.870000000000000551e-01,-1.863281250000000000e+01
8.687821865081787109e+00,2.335999999999999943e+01,-9.160000000000000364e-01,-1.898437500000000000e+01
8.735823631286621094e+00,2.080000000000000071e+01,-4.580000000000000182e-01,-1.916015625000000000e+01
8.783833026885986328e+00,2.244000000000000128e+01,0.000000000000000000e+00,-1.924804687500000000e+01
8.831815958023071289e+00,2.312000000000000099e+01,-4.580000000000000182e-01,-1.933593750000000000e+01
8.879816770553588867e+00,2.075000000000000000e+01,0.000000000000000000e+00,-1.942382812500000000e+01
8.927812337875366211e+00,2.044999999999999929e+01,0.000000000000000000e+00,-1.942382812500000000e+01
8.975798845291137695e+00,2.076000000000000156e+01,0.000000000000000000e+00,-1.942382812500000000e+01
9.023916482925415039e+00,1.857999999999999829e+01,0.000000000000000000e+00,-1.942382812500000000e+01
9.071895360946655273e+00,1.465000000000000036e+01,9.160000000000000364e-01,-1.916015625000000000e+01
9.119892597198486328e+00,1.585999999999999943e+01,1.374000000000000110e+00,-1.872070312500000000e+01
9.167869806289672852e+00,1.565000000000000036e+01,1.374000000000000110e+00,-1.828125000000000000e+01
9.215856313705444336e+00,1.419999999999999929e+01,1.602999999999999980e+00,-1.784179687500000000e+01
9.263909578323364258e+00,1.002999999999999936e+01,1.832000000000000073e+00,-1.722656250000000000e+01
9.311783552169799805e+00,1.000999999999999979e+01,2.060999999999999943e+00,-1.661132812500000000e+01
9.359790802001953125e+00,1.088000000000000078e+01,2.060999999999999943e+00,-1.599609375000000000e+01
9.407805442810058594e+00,8.369999999999999218e+00,2.060999999999999943e+00,-1.538085937500000000e+01
9.455780982971191406e+00,4.780000000000000249e+00,2.290000000000000036e+00,-1.467773437500000000e+01
9.503777980804443359e+00,3.350000000000000089e+00,2.977000000000000313e+00,-1.379882812500000000e+01
9.551770687103271484e+00,4.669999999999999929e+00,2.977000000000000313e+00,-1.291992187500000000e+01
9.599773883819580078e+00,4.080000000000000071e+00,2.977000000000000313e+00,-1.195312500000000000e+01
9.647764682769775391e+00,-2.300000000000000100e-01,3.205999999999999961e+00,-1.107421875000000000e+01
9.695769786834716797e+00,-1.179999999999999938e+00,3.435000000000000053e+00,-1.001953125000000000e+01
9.743754386901855469e+00,-2.629999999999999893e+00,3.664000000000000146e+00,-8.964843750000000000e+00
9.791772603988647461e+00,-3.209999999999999964e+00,3.664000000000000146e+00,-7.910156250000000000e+00
9.839778184890747070e+00,-3.779999999999999805e+00,3.893000000000000238e+00,-6.767578125000000000e+00
9.887769699096679688e+00,-4.530000000000000249e+00,3.664000000000000146e+00,-5.625000000000000000e+00
9.935763835906982422e+00,-4.969999999999999751e+00,3.893000000000000238e+00,-4.482421875000000000e+00
9.983762502670288086e+00,-5.809999999999999609e+00,3.664000000000000146e+00,-3.339843750000000000e+00
1.003175497055053711e+01,-5.660000000000000142e+00,3.664000000000000146e+00,-2.109375000000000000e+00
1.007978987693786621e+01,-7.169999999999999929e+00,3.893000000000000238e+00,-9.667968750000000000e-01
1.012775707244873047e+01,-7.589999999999999858e+00,4.121999999999999886e+00,2.636718750000000000e-01
1.017575812339782715e+01,-7.759999999999999787e+00,4.121999999999999886e+00,1.494140625000000000e+00
1.022374129295349121e+01,-6.750000000000000000e+00,4.121999999999999886e+00,2.636718750000000000e+00
1.027233648300170898e+01,-3.560000000000000053e+00,3.664000000000000146e+00,3.779296875000000000e+00
1.032040166854858398e+01,-4.429999999999999716e+00,3.893000000000000238e+00,4.921875000000000000e+00
1.036825966835021973e+01,-5.639999999999999680e+00,3.664000000000000146e+00,6.064453125000000000e+00
1.041622543334960938e+01,-7.250000000000000000e+00,3.893000000000000238e+00,7.294921875000000000e+00
1.046430253982543945e+01,-5.830000000000000071e+00,3.664000000000000146e+00,8.349609375000000000e+00
1.051243591308593750e+01,-7.009999999999999787e+00,3.664000000000000146e+00,9.404296875000000000e+00
1.056054377555847168e+01,-6.660000000000000142e+00,3.435000000000000053e+00,1.045898437500000000e+01
1.060837769508361816e+01,-6.639999999999999680e+00,3.435000000000000053e+00,1.151367187500000000e+01
1.065633511543273926e+01,-6.790000000000000036e+00,3.205999999999999961e+00,1.239257812500000000e+01
1.070413351058959961e+01,-7.589999999999999858e+00,2.977000000000000313e+00,1.327148437500000000e+01
1.075213694572448730e+01,-9.070000000000000284e+00,2.977000000000000313e+00,1.423828125000000000e+01
1.080009984970092773e+01,-6.459999999999999964e+00,2.519000000000000128e+00,1.502929687500000000e+01
1.084810423851013184e+01,-7.509999999999999787e+00,2.519000000000000128e+00,1.573242187500000000e+01
1.089571452140808105e+01,-8.250000000000000000e+00,2.290000000000000036e+00,1.643554687500000000e+01
1.094371843338012695e+01,-7.509999999999999787e+00,2.060999999999999943e+00,1.705078125000000000e+01
1.099171638488769531e+01,-7.830000000000000071e+00,1.602999999999999980e+00,1.757812500000000000e+01
1.103971076011657715e+01,-7.879999999999999893e+00,1.602999999999999980e+00,1.801757812500000000e+01
1.108770823478698730e+01,-7.519999999999999574e+00,1.374000000000000110e+00,1.845703125000000000e+01
1.113570976257324219e+01,-6.830000000000000071e+00,1.145000000000000018e+00,1.880859375000000000e+01
1.118369460105895996e+01,-6.530000000000000249e+00,9.160000000000000364e-01,1.916015625000000000e+01
1.123169589042663574e+01,-6.309999999999999609e+00,6.870000000000000551e-01,1.942382812500000000e+01
1.127968811988830566e+01,-7.780000000000000249e+00,4.580000000000000182e-01,1.959960937500000000e+01
1.132769393920898438e+01,-7.150000000000000355e+00,4.580000000000000182e-01,1.977539062500000000e+01
1.137570095062255859e+01,-4.990000000000000213e+00,2.290000000000000091e-01,1.986328125000000000e+01
1.142371153831481934e+01,-4.849999999999999645e+00,0.000000000000000000e+00,1.986328125000000000e+01
1.147167134284973145e+01,-3.310000000000000053e+00,-4.580000000000000182e-01,1.968750000000000000e+01
1.151967668533325195e+01,-4.190000000000000391e+00,-9.160000000000000364e-01,1.933593750000000000e+01
1.156769728660583496e+01,-4.889999999999999680e+00,-6.870000000000000551e-01,1.907226562500000000e+01
1.161567831039428711e+01,-3.390000000000000124e+00,-9.160000000000000364e-01,1.880859375000000000e+01
1.166366338729858398e+01,-2.020000000000000018e+00,-1.374000000000000110e+00,1.836914062500000000e+01
1.171168184280395508e+01,-1.629999999999999893e+00,-1.374000000000000110e+00,1.792968750000000000e+01
1.175966548919677734e+01,-7.600000000000000089e-01,-1.602999999999999980e+00,1.740234375000000000e+01
1.180765724182128906e+01,-1.100000000000000089e+00,-1.832000000000000073e+00,1.687500000000000000e+01
1.185565733909606934e+01,6.400000000000000133e-01,-2.060999999999999943e+00,1.617187500000000000e+01
1.190366554260253906e+01,2.129999999999999893e+00,-2.290000000000000036e+00,1.546875000000000000e+01
1.195176386833190918e+01,7.000000000000000666e-02,-2.519000000000000128e+00,1.467773437500000000e+01
1.199972653388977051e+01,-4.299999999999999933e-01,-2.519000000000000128e+00,1.388671875000000000e+01
1.204769515991210938e+01,8.999999999999999667e-02,-2.748000000000000220e+00,1.300781250000000000e+01
1.209581708908081055e+01,3.609999999999999876e+00,-2.977000000000000313e+00,1.212890625000000000e+01
1.214372253417968750e+01,2.620000000000000107e+00,-2.977000000000000313e+00,1.116210937500000000e+01
1.219165229797363281e+01,3.370000000000000107e+00,-3.435000000000000053e+00,1.019531250000000000e+01
1.223964357376098633e+01,5.280000000000000249e+00,-3.664000000000000146e+00,9.052734375000000000e+00
1.228764462471008301e+01,6.410000000000000142e+00,-3.893000000000000238e+00,7.998046875000000000e+00
1.233564400672912598e+01,4.780000000000000249e+00,-3.664000000000000146e+00,6.943359375000000000e+00
1.238365077972412109e+01,6.030000000000000249e+00,-3.893000000000000238e+00,5.800781250000000000e+00
1.243165493011474609e+01,7.030000000000000249e+00,-3.893000000000000238e+00,4.570312500000000000e+00
1.247963809967041016e+01,5.919999999999999929e+00,-3.893000000000000238e+00,3.427734375000000000e+00
1.252763342857360840e+01,6.660000000000000142e+00,-4.121999999999999886e+00,2.197265625000000000e+00
1.257562422752380371e+01,6.500000000000000000e+00,-4.121999999999999886e+00,1.054687500000000000e+00
1.262363886833190918e+01,6.519999999999999574e+00,-4.121999999999999886e+00,-1.757812500000000000e-01
1.267163109779357910e+01,7.660000000000000142e+00,-3.893000000000000238e+00,-1.318359375000000000e+00
1.271963739395141602e+01,1.035999999999999943e+01,-3.893000000000000238e+00,-2.548828125000000000e+00
1.276763844490051270e+01,1.132000000000000028e+01,-3.893000000000000238e+00,-3.691406250000000000e+00
1.281564664840698242e+01,1.328999999999999915e+01,-4.121999999999999886e+00,-5.009765625000000000e+00
1.286361598968505859e+01,1.125999999999999979e+01,-3.435000000000000053e+00,-6.064453125000000000e+00
1.291162180900573730e+01,1.466000000000000014e+01,-3.435000000000000053e+00,-7.119140625000000000e+00
1.295961713790893555e+01,1.680000000000000071e+01,-3.664000000000000146e+00,-8.173828125000000000e+00
1.300761365890502930e+01,1.792000000000000171e+01,-3.664000000000000146e+00,-9.228515625000000000e+00
1.305562329292297363e+01,1.675000000000000000e+01,-3.435000000000000053e+00,-1.028320312500000000e+01
1.310359764099121094e+01,1.935000000000000142e+01,-3.205999999999999961e+00,-1.125000000000000000e+01
1.315160155296325684e+01,1.912999999999999901e+01,-2.977000000000000313e+00,-1.221679687500000000e+01
1.319959759712219238e+01,2.171000000000000085e+01,-2.977000000000000313e+00,-1.309570312500000000e+01
1.324760413169860840e+01,2.137000000000000099e+01,-2.977000000000000313e+00,-1.397460937500000000e+01
1.329559707641601562e+01,2.114999999999999858e+01,-2.519000000000000128e+00,-1.476562500000000000e+01
1.334367656707763672e+01,2.421000000000000085e+01,-2.290000000000000036e+00,-1.546875000000000000e+01
1.339165592193603516e+01,2.232000000000000028e+01,-2.290000000000000036e+00,-1.617187500000000000e+01
1.343964290618896484e+01,2.164000000000000057e+01,-2.060999999999999943e+00,-1.678710937500000000e+01
1.348769855499267578e+01,2.203999999999999915e+01,-1.832000000000000073e+00,-1.740234375000000000e+01
1.353565192222595215e+01,2.196999999999999886e+01,-1.374000000000000110e+00,-1.784179687500000000e+01
1.358357739448547363e+01,2.314999999999999858e+01,-1.374000000000000110e+00,-1.828125000000000000e+01
1.363156914710998535e+01,2.085000000000000142e+01,-9.160000000000000364e-01,-1.854492187500000000e+01
1.367956590652465820e+01,2.296999999999999886e+01,-9.160000000000000364e-01,-1.889648437500000000e+01
1.372756052017211914e+01,2.164999999999999858e+01,-6.870000000000000551e-01,-1.916015625000000000e+01
1.377556252479553223e+01,2.126000000000000156e+01,-2.290000000000000091e-01,-1.924804687500000000e+01
1.382364511489868164e+01,2.110999999999999943e+01,-4.580000000000000182e-01,-1.942382812500000000e+01
1.387156081199645996e+01,2.017000000000000171e+01,0.000000000000000000e+00,-1.942382812500000000e+01
1.391955852508544922e+01,1.980000000000000071e+01,0.000000000000000000e+00,-1.942382812500000000e+01
1.396757531166076660e+01,1.980000000000000071e+01,0.000000000000000000e+00,-1.942382812500000000e+01
1.401556396484375000e+01,1.866000000000000014e+01,0.000000000000000000e+00,-1.942382812500000000e+01
1.406356811523437500e+01,1.563000000000000078e+01,6.870000000000000551e-01,-1.924804687500000000e+01
1.411155033111572266e+01,1.407000000000000028e+01,1.374000000000000110e+00,-1.880859375000000000e+01
1.415955114364624023e+01,1.586999999999999922e+01,1.374000000000000110e+00,-1.836914062500000000e+01
1.420755577087402344e+01,1.373000000000000043e+01,1.602999999999999980e+00,-1.792968750000000000e+01
1.425554084777832031e+01,9.630000000000000782e+00,1.832000000000000073e+00,-1.731445312500000000e+01
1.430355024337768555e+01,1.115000000000000036e+01,2.060999999999999943e+00,-1.669921875000000000e+01
1.435154700279235840e+01,9.560000000000000497e+00,1.832000000000000073e+00,-1.608398437500000000e+01
1.439953327178955078e+01,7.339999999999999858e+00,2.060999999999999943e+00,-1.546875000000000000e+01
1.444755196571350098e+01,5.379999999999999893e+00,2.290000000000000036e+00,-1.476562500000000000e+01
1.449554538726806641e+01,2.890000000000000124e+00,2.977000000000000313e+00,-1.388671875000000000e+01
1.454360842704772949e+01,4.410000000000000142e+00,2.977000000000000313e+00,-1.300781250000000000e+01
1.459155035018920898e+01,3.020000000000000018e+00,2.977000000000000313e+00,-1.221679687500000000e+01
1.463955712318420410e+01,-3.499999999999999778e-01,3.205999999999999961e+00,-1.125000000000000000e+01
1.468753004074096680e+01,-1.159999999999999920e+00,3.435000000000000053e+00,-1.028320312500000000e+01
1.473553586006164551e+01,-1.699999999999999956e+00,3.664000000000000146e+00,-9.140625000000000000e+00
1.478354215621948242e+01,-2.109999999999999876e+00,3.664000000000000146e+00,-8.085937500000000000e+00
1.483164620399475098e+01,-3.279999999999999805e+00,3.893000000000000238e+00,-7.031250000000000000e+00
1.487961888313293457e+01,-3.370000000000000107e+00,3.664000000000000146e+00,-5.888671875000000000e+00
1.492762351036071777e+01,-4.450000000000000178e+00,3.893000000000000238e+00,-4.746093750000000000e+00
1.497561311721801758e+01,-4.209999999999999964e+00,3.664000000000000146e+00,-3.603515625000000000e+00
1.502352190017700195e+01,-4.599999999999999645e+00,3.893000000000000238e+00,-2.373046875000000000e+00
1.507156658172607422e+01,-7.070000000000000284e+00,3.893000000000000238e+00,-1.230468750000000000e+00
1.511952376365661621e+01,-6.820000000000000284e+00,4.121999999999999886e+00,8.789062500000000000e-02
1.516755247116088867e+01,-5.660000000000000142e+00,4.121999999999999886e+00,1.230468750000000000e+00
1.521549749374389648e+01,-5.969999999999999751e+00,3.893000000000000238e+00,2.460937500000000000e+00
1.526351022720336914e+01,-4.589999999999999858e+00,3.664000000000000146e+00,3.603515625000000000e+00
1.531150293350219727e+01,-5.870000000000000107e+00,3.893000000000000238e+00,4.746093750000000000e+00
1.535950183868408203e+01,-6.240000000000000213e+00,3.893000000000000238e+00,5.888671875000000000e+00
1.540752530097961426e+01,-7.950000000000000178e+00,3.893000000000000238e+00,7.031250000000000000e+00
1.545549416542053223e+01,-6.639999999999999680e+00,3.664000000000000146e+00,8.173828125000000000e+00
1.550393867492675781e+01,-7.709999999999999964e+00,3.664000000000000146e+00,9.140625000000000000e+00
1.555187392234802246e+01,-7.429999999999999716e+00,3.435000000000000053e+00,1.028320312500000000e+01
1.559988498687744141e+01,-8.890000000000000568e+00,3.435000000000000053e+00,1.133789062500000000e+01
1.564783501625061035e+01,-7.080000000000000071e+00,3.205999999999999961e+00,1.221679687500000000e+01
1.569590663909912109e+01,-8.300000000000000711e+00,2.977000000000000313e+00,1.318359375000000000e+01
1.574388074874877930e+01,-9.699999999999999289e+00,2.977000000000000313e+00,1.406250000000000000e+01
1.579204440116882324e+01,-8.970000000000000639e+00,2.748000000000000220e+00,1.485351562500000000e+01
1.584022927284240723e+01,-7.879999999999999893e+00,2.519000000000000128e+00,1.564453125000000000e+01
1.588824963569641113e+01,-6.259999999999999787e+00,2.290000000000000036e+00,1.634765625000000000e+01
1.593611168861389160e+01,-7.780000000000000249e+00,2.060999999999999943e+00,1.696289062500000000e+01
1.598418092727661133e+01,-6.049999999999999822e+00,1.602999999999999980e+00,1.749023437500000000e+01
1.603216028213500977e+01,-7.860000000000000320e+00,1.602999999999999980e+00,1.801757812500000000e+01
1.607948350906372070e+01,-7.169999999999999929e+00,1.374000000000000110e+00,1.845703125000000000e+01
1.612747073173522949e+01,-7.240000000000000213e+00,1.145000000000000018e+00,1.880859375000000000e+01
1.617546892166137695e+01,-6.049999999999999822e+00,9.160000000000000364e-01,1.916015625000000000e+01
1.622346663475036621e+01,-7.450000000000000178e+00,6.870000000000000551e-01,1.933593750000000000e+01
1.627155733108520508e+01,-6.599999999999999645e+00,4.580000000000000182e-01,1.959960937500000000e+01
1.631946158409118652e+01,-6.799999999999999822e+00,4.580000000000000182e-01,1.968750000000000000e+01
1.636754012107849121e+01,-5.120000000000000107e+00,2.290000000000000091e-01,1.986328125000000000e+01
1.641546559333801270e+01,-4.360000000000000320e+00,0.000000000000000000e+00,1.986328125000000000e+01
1.646352076530456543e+01,-4.150000000000000355e+00,-2.290000000000000091e-01,1.968750000000000000e+01
1.651143074035644531e+01,-3.939999999999999947e+00,-9.160000000000000364e-01,1.942382812500000000e+01
1.655988311767578125e+01,-4.019999999999999574e+00,-9.160000000000000364e-01,1.916015625000000000e+01
1.660794281959533691e+01,-4.320000000000000284e+00,-1.145000000000000018e+00,1.880859375000000000e+01
1.665582418441772461e+01,-2.839999999999999858e+00,-1.145000000000000018e+00,1.845703125000000000e+01
1.670380473136901855e+01,-1.729999999999999982e+00,-1.374000000000000110e+00,1.792968750000000000e+01
1.675185823440551758e+01,-9.100000000000000311e-01,-1.602999999999999980e+00,1.749023437500000000e+01
1.679978537559509277e+01,2.099999999999999922e-01,-1.832000000000000073e+00,1.696289062500000000e+01
1.684777045249938965e+01,5.999999999999999778e-01,-2.060999999999999943e+00,1.634765625000000000e+01
1.689582872390747070e+01,1.290000000000000036e+00,-2.290000000000000036e+00,1.564453125000000000e+01
1.694375872611999512e+01,2.459999999999999964e+00,-2.519000000000000128e+00,1.494140625000000000e+01
1.699185395240783691e+01,2.339999999999999858e+00,-2.519000000000000128e+00,1.406250000000000000e+01
1.703976225852966309e+01,4.610000000000000320e+00,-2.748000000000000220e+00,1.318359375000000000e+01
1.708783555030822754e+01,5.009999999999999787e+00,-2.977000000000000313e+00,1.230468750000000000e+01
1.713580012321472168e+01,3.950000000000000178e+00,-3.205999999999999961e+00,1.133789062500000000e+01
1.718341994285583496e+01,3.700000000000000178e+00,-3.435000000000000053e+00,1.028320312500000000e+01
1.723141932487487793e+01,6.389999999999999680e+00,-3.664000000000000146e+00,9.228515625000000000e+00
1.727941060066223145e+01,6.809999999999999609e+00,-3.664000000000000146e+00,8.261718750000000000e+00
1.732739591598510742e+01,6.750000000000000000e+00,-3.664000000000000146e+00,7.119140625000000000e+00
1.737541198730468750e+01,6.179999999999999716e+00,-3.893000000000000238e+00,5.976562500000000000e+00
1.742339825630187988e+01,8.070000000000000284e+00,-4.121999999999999886e+00,4.746093750000000000e+00
1.747140908241271973e+01,6.370000000000000107e+00,-3.893000000000000238e+00,3.603515625000000000e+00
1.751939439773559570e+01,7.559999999999999609e+00,-4.121999999999999886e+00,2.373046875000000000e+00
1.756740236282348633e+01,7.139999999999999680e+00,-3.893000000000000238e+00,1.230468750000000000e+00
1.761539220809936523e+01,8.050000000000000711e+00,-4.121999999999999886e+00,8.789062500000000000e-02
1.766339802742004395e+01,7.570000000000000284e+00,-3.893000000000000238e+00,-1.142578125000000000e+00
1.771138262748718262e+01,9.740000000000000213e+00,-3.893000000000000238e+00,-2.285156250000000000e+00
1.775944662094116211e+01,1.003999999999999915e+01,-3.893000000000000238e+00,-3.515625000000000000e+00
1.780740857124328613e+01,1.032000000000000028e+01,-4.121999999999999886e+00,-4.658203125000000000e+00
1.785543441772460938e+01,8.429999999999999716e+00,-3.664000000000000146e+00,-5.800781250000000000e+00
1.790346240997314453e+01,1.322000000000000064e+01,-3.664000000000000146e+00,-6.855468750000000000e+00
1.795143914222717285e+01,1.566999999999999993e+01,-3.893000000000000238e+00,-8.085937500000000000e+00
1.799937486648559570e+01,1.574000000000000021e+01,-3.664000000000000146e+00,-9.052734375000000000e+00
1.804738187789916992e+01,1.541999999999999993e+01,-3.435000000000000053e+00,-1.010742187500000000e+01
1.809539198875427246e+01,1.653000000000000114e+01,-3.205999999999999961e+00,-1.107421875000000000e+01
1.814335393905639648e+01,1.964999999999999858e+01,-3.205999999999999961e+00,-1.204101562500000000e+01
1.819136238098144531e+01,1.951999999999999957e+01,-2.977000000000000313e+00,-1.291992187500000000e+01
1.823936676979064941e+01,1.921000000000000085e+01,-2.977000000000000313e+00,-1.379882812500000000e+01
1.828736352920532227e+01,2.142999999999999972e+01,-2.748000000000000220e+00,-1.458984375000000000e+01
1.833536362648010254e+01,2.148999999999999844e+01,-2.519000000000000128e+00,-1.538085937500000000e+01
1.838334321975708008e+01,2.210000000000000142e+01,-2.290000000000000036e+00,-1.608398437500000000e+01
1.843138527870178223e+01,2.164999999999999858e+01,-2.060999999999999943e+00,-1.669921875000000000e+01
1.847935700416564941e+01,2.223000000000000043e+01,-1.832000000000000073e+00,-1.731445312500000000e+01
1.852735543251037598e+01,2.226999999999999957e+01,-1.602999999999999980e+00,-1.775390625000000000e+01
1.857534146308898926e+01,2.296000000000000085e+01,-1.374000000000000110e+00,-1.819335937500000000e+01
1.862334609031677246e+01,2.155999999999999872e+01,-9.160000000000000364e-01,-1.854492187500000000e+01
1.867133784294128418e+01,2.255999999999999872e+01,-9.160000000000000364e-01,-1.889648437500000000e+01
1.871934151649475098e+01,2.169000000000000128e+01,-6.870000000000000551e-01,-1.907226562500000000e+01
1.876734828948974609e+01,2.087000000000000099e+01,-2.290000000000000091e-01,-1.924804687500000000e+01
1.881533622741699219e+01,2.232000000000000028e+01,-4.580000000000000182e-01,-1.942382812500000000e+01
1.886332058906555176e+01,2.005000000000000071e+01,0.000000000000000000e+00,-1.951171875000000000e+01
1.891132378578186035e+01,2.019000000000000128e+01,0.000000000000000000e+00,-1.942382812500000000e+01
1.895933270454406738e+01,2.042000000000000171e+01,0.000000000000000000e+00,-1.942382812500000000e+01
1.900731182098388672e+01,1.789000000000000057e+01,0.000000000000000000e+00,-1.942382812500000000e+01
1.905530858039855957e+01,1.621999999999999886e+01,4.580000000000000182e-01,-1.924804687500000000e+01
1.910333466529846191e+01,1.402999999999999936e+01,1.145000000000000018e+00,-1.889648437500000000e+01
1.915137267112731934e+01,1.578999999999999915e+01,1.145000000000000018e+00,-1.845703125000000000e+01
1.919937491416931152e+01,1.314000000000000057e+01,1.602999999999999980e+00,-1.792968750000000000e+01
1.924740576744079590e+01,1.146000000000000085e+01,1.832000000000000073e+00,-1.749023437500000000e+01
1.929540944099426270e+01,9.269999999999999574e+00,2.060999999999999943e+00,-1.678710937500000000e+01
1.934342670440673828e+01,1.130000000000000071e+01,2.060999999999999943e+00,-1.625976562500000000e+01
1.939130449295043945e+01,8.220000000000000639e+00,2.060999999999999943e+00,-1.564453125000000000e+01
1.943930268287658691e+01,6.469999999999999751e+00,2.290000000000000036e+00,-1.494140625000000000e+01
1.948728442192077637e+01,3.189999999999999947e+00,2.748000000000000220e+00,-1.423828125000000000e+01
1.953530192375183105e+01,3.669999999999999929e+00,3.205999999999999961e+00,-1.327148437500000000e+01
1.958328938484191895e+01,4.230000000000000426e+00,2.977000000000000313e+00,-1.230468750000000000e+01
1.963128280639648438e+01,5.500000000000000444e-01,3.205999999999999961e+00,-1.133789062500000000e+01
1.967927789688110352e+01,-1.229999999999999982e+00,3.205999999999999961e+00,-1.037109375000000000e+01
1.972728347778320312e+01,-2.220000000000000195e+00,3.664000000000000146e+00,-9.316406250000000000e+00
1.977528452873229980e+01,-2.899999999999999911e+00,3.664000000000000146e+00,-8.261718750000000000e+00
1.982327413558959961e+01,-3.439999999999999947e+00,3.664000000000000146e+00,-7.207031250000000000e+00
1.987128400802612305e+01,-4.080000000000000071e+00,3.664000000000000146e+00,-6.152343750000000000e+00
1.991926622390747070e+01,-5.490000000000000213e+00,3.893000000000000238e+00,-4.921875000000000000e+00
1.996728062629699707e+01,-5.500000000000000000e+00,3.893000000000000238e+00,-3.779296875000000000e+00
2.001527047157287598e+01,-7.500000000000000000e+00,3.893000000000000238e+00,-2.636718750000000000e+00
2.006329154968261719e+01,-7.190000000000000391e+00,3.893000000000000238e+00,-1.406250000000000000e+00
2.011126542091369629e+01,-6.969999999999999751e+00,4.121999999999999886e+00,-1.757812500000000000e-01
2.015926623344421387e+01,-6.559999999999999609e+00,4.121999999999999886e+00,1.054687500000000000e+00
2.020729303359985352e+01,-6.730000000000000426e+00,3.893000000000000238e+00,2.285156250000000000e+00
2.025580954551696777e+01,-4.900000000000000355e+00,3.893000000000000238e+00,3.515625000000000000e+00
2.030376744270324707e+01,-3.689999999999999947e+00,3.893000000000000238e+00,4.570312500000000000e+00
2.035191917419433594e+01,-4.650000000000000355e+00,3.664000000000000146e+00,5.712890625000000000e+00
2.039985632896423340e+01,-5.929999999999999716e+00,3.893000000000000238e+00,6.855468750000000000e+00
2.044795656204223633e+01,-6.509999999999999787e+00,3.664000000000000146e+00,7.998046875000000000e+00
2.049591016769409180e+01,-6.299999999999999822e+00,3.664000000000000146e+00,9.052734375000000000e+00
2.054382276535034180e+01,-5.759999999999999787e+00,3.435000000000000053e+00,1.010742187500000000e+01
2.059189724922180176e+01,-7.179999999999999716e+00,3.435000000000000053e+00,1.107421875000000000e+01
2.063978266716003418e+01,-6.919999999999999929e+00,3.205999999999999961e+00,1.212890625000000000e+01
2.068778967857360840e+01,-7.169999999999999929e+00,3.205999999999999961e+00,1.300781250000000000e+01
2.073572444915771484e+01,-6.910000000000000142e+00,2.977000000000000313e+00,1.388671875000000000e+01
2.078396630287170410e+01,-6.759999999999999787e+00,2.519000000000000128e+00,1.467773437500000000e+01
2.083164501190185547e+01,-8.240000000000000213e+00,2.519000000000000128e+00,1.546875000000000000e+01
2.087921953201293945e+01,-7.450000000000000178e+00,2.290000000000000036e+00,1.617187500000000000e+01
2.092721295356750488e+01,-8.460000000000000853e+00,2.060999999999999943e+00,1.678710937500000000e+01
2.097523450851440430e+01,-7.019999999999999574e+00,1.832000000000000073e+00,1.740234375000000000e+01
2.102321791648864746e+01,-7.969999999999999751e+00,1.602999999999999980e+00,1.792968750000000000e+01
2.107122254371643066e+01,-6.589999999999999858e+00,1.374000000000000110e+00,1.836914062500000000e+01
2.111922192573547363e+01,-6.679999999999999716e+00,1.145000000000000018e+00,1.872070312500000000e+01
2.116721725463867188e+01,-7.339999999999999858e+00,1.145000000000000018e+00,1.907226562500000000e+01
2.121521425247192383e+01,-7.009999999999999787e+00,6.870000000000000551e-01,1.933593750000000000e+01
2.126320624351501465e+01,-6.860000000000000320e+00,4.580000000000000182e-01,1.951171875000000000e+01
2.131120562553405762e+01,-6.549999999999999822e+00,4.580000000000000182e-01,1.968750000000000000e+01
2.135921335220336914e+01,-6.410000000000000142e+00,4.580000000000000182e-01,1.977539062500000000e+01
2.140722107887268066e+01,-4.440000000000000391e+00,0.000000000000000000e+00,1.977539062500000000e+01
2.145519375801086426e+01,-5.059999999999999609e+00,0.000000000000000000e+00,1.977539062500000000e+01
2.150320863723754883e+01,-3.089999999999999858e+00,-6.870000000000000551e-01,1.959960937500000000e+01
2.155120348930358887e+01,-3.399999999999999911e+00,-1.145000000000000018e+00,1.924804687500000000e+01
2.159918498992919922e+01,-3.770000000000000018e+00,-1.145000000000000018e+00,1.889648437500000000e+01
2.164718151092529297e+01,-3.100000000000000089e+00,-1.145000000000000018e+00,1.845703125000000000e+01
2.169519424438476562e+01,-2.220000000000000195e+00,-1.374000000000000110e+00,1.801757812500000000e+01
2.174319148063659668e+01,-1.439999999999999947e+00,-1.832000000000000073e+00,1.757812500000000000e+01
2.179117918014526367e+01,-5.300000000000000266e-01,-1.602999999999999980e+00,1.705078125000000000e+01
2.183918476104736328e+01,9.100000000000000311e-01,-1.832000000000000073e+00,1.652343750000000000e+01
2.188716411590576172e+01,1.479999999999999982e+00,-2.290000000000000036e+00,1.573242187500000000e+01
2.193517279624938965e+01,3.229999999999999982e+00,-2.519000000000000128e+00,1.494140625000000000e+01
2.198319458961486816e+01,3.839999999999999858e+00,-2.519000000000000128e+00,1.423828125000000000e+01
2.203118395805358887e+01,5.950000000000000178e+00,-2.748000000000000220e+00,1.335937500000000000e+01
2.207931804656982422e+01,3.299999999999999822e+00,-2.977000000000000313e+00,1.248046875000000000e+01
2.212733292579650879e+01,3.259999999999999787e+00,-3.205999999999999961e+00,1.151367187500000000e+01
2.217528080940246582e+01,2.959999999999999964e+00,-3.435000000000000053e+00,1.045898437500000000e+01
2.222322630882263184e+01,3.709999999999999964e+00,-3.435000000000000053e+00,9.404296875000000000e+00
2.227126073837280273e+01,4.700000000000000178e+00,-3.664000000000000146e+00,8.437500000000000000e+00
2.231916117668151855e+01,5.269999999999999574e+00,-3.664000000000000146e+00,7.294921875000000000e+00
2.236714363098144531e+01,5.179999999999999716e+00,-3.664000000000000146e+00,6.152343750000000000e+00
2.241516518592834473e+01,6.790000000000000036e+00,-3.893000000000000238e+00,4.921875000000000000e+00
2.246313953399658203e+01,6.099999999999999645e+00,-3.893000000000000238e+00,3.779296875000000000e+00
2.251113677024841309e+01,5.540000000000000036e+00,-3.893000000000000238e+00,2.636718750000000000e+00
2.255914664268493652e+01,6.360000000000000320e+00,-3.893000000000000238e+00,1.494140625000000000e+00
2.260714364051818848e+01,6.759999999999999787e+00,-4.121999999999999886e+00,2.636718750000000000e-01
2.265514206886291504e+01,5.799999999999999822e+00,-3.893000000000000238e+00,-9.667968750000000000e-01
2.270315933227539062e+01,9.949999999999999289e+00,-4.121999999999999886e+00,-2.109375000000000000e+00
2.275113821029663086e+01,1.083999999999999986e+01,-4.121999999999999886e+00,-3.251953125000000000e+00
2.279914164543151855e+01,1.116999999999999993e+01,-3.893000000000000238e+00,-4.482421875000000000e+00
2.284713625907897949e+01,1.007000000000000028e+01,-3.664000000000000146e+00,-5.625000000000000000e+00
2.289517164230346680e+01,1.415000000000000036e+01,-3.664000000000000146e+00,-6.767578125000000000e+00
2.294312787055969238e+01,1.612999999999999901e+01,-3.893000000000000238e+00,-7.910156250000000000e+00
2.299112272262573242e+01,1.612000000000000099e+01,-3.664000000000000146e+00,-8.876953125000000000e+00
2.303911757469177246e+01,1.605000000000000071e+01,-3.435000000000000053e+00,-9.931640625000000000e+00
2.308711194992065430e+01,1.726000000000000156e+01,-3.205999999999999961e+00,-1.089843750000000000e+01
2.313510227203369141e+01,2.017000000000000171e+01,-3.205999999999999961e+00,-1.186523437500000000e+01
2.318311071395874023e+01,1.939000000000000057e+01,-3.205999999999999961e+00,-1.283203125000000000e+01
2.323110508918762207e+01,1.896999999999999886e+01,-2.748000000000000220e+00,-1.371093750000000000e+01
2.327909994125366211e+01,2.137999999999999901e+01,-2.748000000000000220e+00,-1.450195312500000000e+01
2.332709646224975586e+01,2.116000000000000014e+01,-2.290000000000000036e+00,-1.520507812500000000e+01
2.337512016296386719e+01,2.301000000000000156e+01,-2.290000000000000036e+00,-1.590820312500000000e+01
2.342310070991516113e+01,2.173999999999999844e+01,-2.290000000000000036e+00,-1.661132812500000000e+01
2.347113490104675293e+01,2.105000000000000071e+01,-2.060999999999999943e+00,-1.722656250000000000e+01
2.351921772956848145e+01,2.207000000000000028e+01,-1.602999999999999980e+00,-1.766601562500000000e+01
2.356716847419738770e+01,2.241000000000000014e+01,-1.374000000000000110e+00,-1.810546875000000000e+01
2.361516141891479492e+01,2.069000000000000128e+01,-1.145000000000000018e+00,-1.854492187500000000e+01
2.366318655014038086e+01,2.258999999999999986e+01,-9.160000000000000364e-01,-1.880859375000000000e+01
2.371110558509826660e+01,2.119000000000000128e+01,-9.160000000000000364e-01,-1.907226562500000000e+01
2.375914120674133301e+01,2.055999999999999872e+01,-2.290000000000000091e-01,-1.924804687500000000e+01
2.380743622779846191e+01,2.144000000000000128e+01,-4.580000000000000182e-01,-1.942382812500000000e+01
2.385548448562622070e+01,1.939000000000000057e+01,-2.290000000000000091e-01,-1.951171875000000000e+01
2.390343070030212402e+01,1.978999999999999915e+01,0.000000000000000000e+00,-1.951171875000000000e+01
2.395147085189819336e+01,1.985999999999999943e+01,0.000000000000000000e+00,-1.942382812500000000e+01
2.399947047233581543e+01,1.919000000000000128e+01,0.000000000000000000e+00,-1.942382812500000000e+01
2.404749035835266113e+01,1.683999999999999986e+01,2.290000000000000091e-01,-1.933593750000000000e+01
2.409547090530395508e+01,1.299000000000000021e+01,1.374000000000000110e+00,-1.898437500000000000e+01
2.414341807365417480e+01,1.514000000000000057e+01,1.602999999999999980e+00,-1.854492187500000000e+01
2.419141411781311035e+01,1.536999999999999922e+01,1.374000000000000110e+00,-1.801757812500000000e+01
2.423940873146057129e+01,1.085999999999999943e+01,1.602999999999999980e+00,-1.757812500000000000e+01
2.428745722770690918e+01,8.000000000000000000e+00,2.060999999999999943e+00,-1.696289062500000000e+01
2.433540177345275879e+01,1.033999999999999986e+01,2.060999999999999943e+00,-1.634765625000000000e+01
2.438347840309143066e+01,7.599999999999999645e+00,2.060999999999999943e+00,-1.573242187500000000e+01
2.443105030059814453e+01,6.370000000000000107e+00,2.290000000000000036e+00,-1.502929687500000000e+01
2.447906398773193359e+01,3.370000000000000107e+00,2.519000000000000128e+00,-1.432617187500000000e+01
2.452705788612365723e+01,2.959999999999999964e+00,2.977000000000000313e+00,-1.344726562500000000e+01
2.457506084442138672e+01,3.620000000000000107e+00,2.977000000000000313e+00,-1.248046875000000000e+01
2.462305784225463867e+01,5.400000000000000355e-01,3.205999999999999961e+00,-1.151367187500000000e+01
2.467103743553161621e+01,-6.099999999999999867e-01,3.205999999999999961e+00,-1.054687500000000000e+01
2.471904301643371582e+01,-2.060000000000000053e+00,3.664000000000000146e+00,-9.492187500000000000e+00
2.476703166961669922e+01,-2.479999999999999982e+00,3.664000000000000146e+00,-8.437500000000000000e+00
2.481502532958984375e+01,-3.109999999999999876e+00,3.664000000000000146e+00,-7.470703125000000000e+00
2.486303591728210449e+01,-2.430000000000000160e+00,3.893000000000000238e+00,-6.240234375000000000e+00
2.491104769706726074e+01,-4.009999999999999787e+00,3.893000000000000238e+00,-5.097656250000000000e+00
2.495902442932128906e+01,-5.509999999999999787e+00,3.893000000000000238e+00,-3.955078125000000000e+00
2.500712132453918457e+01,-5.589999999999999858e+00,3.893000000000000238e+00,-2.812500000000000000e+00
2.505505919456481934e+01,-1.760000000000000142e+01,7.786000000000000476e+00,-1.142578125000000000e+00
2.510313487052917480e+01,-1.184899999999999949e+02,2.679300000000000281e+01,7.031250000000000000e+00
2.515103983879089355e+01,2.810000000000000053e+00,1.740399999999999991e+01,1.256835937500000000e+01
2.519902086257934570e+01,2.701999999999999957e+01,5.496000000000000441e+00,1.423828125000000000e+01
2.524701666831970215e+01,3.877000000000000313e+01,-1.374000000000000110e+00,1.388671875000000000e+01
2.529502630233764648e+01,1.011999999999999922e+01,-4.350999999999999979e+00,1.256835937500000000e+01
2.534301400184631348e+01,8.490000000000000213e+00,-5.725000000000000533e+00,1.089843750000000000e+01
2.539141368865966797e+01,1.391000000000000014e+01,-6.182999999999999829e+00,9.052734375000000000e+00
2.543939805030822754e+01,4.940000000000000391e+00,-6.641000000000000014e+00,7.119140625000000000e+00
2.548740267753601074e+01,-2.000000000000000111e-01,-6.411999999999999922e+00,5.185546875000000000e+00
2.553542947769165039e+01,3.799999999999999822e+00,-6.411999999999999922e+00,3.251953125000000000e+00
2.558338880538940430e+01,1.835000000000000142e+01,-6.182999999999999829e+00,1.406250000000000000e+00
2.563138151168823242e+01,1.224000000000000021e+01,-6.641000000000000014e+00,-6.152343750000000000e-01
2.567937564849853516e+01,5.000000000000000000e+00,-6.641000000000000014e+00,-2.548828125000000000e+00
2.572739934921264648e+01,1.458999999999999986e+01,-6.641000000000000014e+00,-4.482421875000000000e+00
2.577532863616943359e+01,1.778999999999999915e+01,-6.182999999999999829e+00,-6.328125000000000000e+00
2.582332992553710938e+01,2.017999999999999972e+01,-5.954000000000000625e+00,-8.173828125000000000e+00
2.587146472930908203e+01,2.214999999999999858e+01,-5.954000000000000625e+00,-9.843750000000000000e+00
2.591945433616638184e+01,2.201000000000000156e+01,-5.496000000000000441e+00,-1.142578125000000000e+01
2.596743965148925781e+01,2.273999999999999844e+01,-5.038000000000000256e+00,-1.291992187500000000e+01
2.601498460769653320e+01,2.892999999999999972e+01,-4.809000000000000163e+00,-1.432617187500000000e+01
2.606296658515930176e+01,3.064000000000000057e+01,-3.893000000000000238e+00,-1.555664062500000000e+01
2.611097097396850586e+01,3.328999999999999915e+01,-3.435000000000000053e+00,-1.661132812500000000e+01
2.615897297859191895e+01,2.891000000000000014e+01,-2.977000000000000313e+00,-1.757812500000000000e+01
2.620697116851806641e+01,2.728000000000000114e+01,-2.290000000000000036e+00,-1.828125000000000000e+01
2.625497150421142578e+01,2.478999999999999915e+01,-1.602999999999999980e+00,-1.880859375000000000e+01
2.630303955078125000e+01,2.267000000000000171e+01,-9.160000000000000364e-01,-1.916015625000000000e+01
2.635107088088989258e+01,2.369999999999999929e+01,-4.580000000000000182e-01,-1.933593750000000000e+01
2.639902830123901367e+01,2.051999999999999957e+01,0.000000000000000000e+00,-1.933593750000000000e+01
2.644707918167114258e+01,1.871000000000000085e+01,2.290000000000000091e-01,-1.933593750000000000e+01
2.649495911598205566e+01,1.038000000000000078e+01,1.374000000000000110e+00,-1.889648437500000000e+01
2.654295873641967773e+01,1.135999999999999943e+01,2.060999999999999943e+00,-1.828125000000000000e+01
2.659093761444091797e+01,1.115000000000000036e+01,2.519000000000000128e+00,-1.757812500000000000e+01
2.663894963264465332e+01,4.669999999999999929e+00,2.977000000000000313e+00,-1.669921875000000000e+01
2.668695545196533203e+01,7.199999999999999734e-01,3.664000000000000146e+00,-1.555664062500000000e+01
2.673494100570678711e+01,-2.410000000000000142e+00,4.350999999999999979e+00,-1.423828125000000000e+01
2.678293395042419434e+01,-2.490000000000000213e+00,5.038000000000000256e+00,-1.274414062500000000e+01
2.683092999458312988e+01,-3.850000000000000089e+00,5.496000000000000441e+00,-1.107421875000000000e+01
2.687893366813659668e+01,-4.709999999999999964e+00,5.725000000000000533e+00,-9.404296875000000000e+00
2.692695355415344238e+01,-8.099999999999999645e+00,5.954000000000000625e+00,-7.734375000000000000e+00
2.697492647171020508e+01,-9.820000000000000284e+00,6.182999999999999829e+00,-5.976562500000000000e+00
2.702294015884399414e+01,-1.374000000000000021e+01,6.641000000000000014e+00,-3.955078125000000000e+00
2.707093977928161621e+01,-1.419999999999999929e+01,6.641000000000000014e+00,-1.933593750000000000e+00
2.711892843246459961e+01,-1.243999999999999950e+01,6.870000000000000107e+00,0.000000000000000000e+00
2.716695570945739746e+01,-9.470000000000000639e+00,6.870000000000000107e+00,2.021484375000000000e+00
2.721503329277038574e+01,-8.449999999999999289e+00,6.411999999999999922e+00,3.955078125000000000e+00
2.726292467117309570e+01,-1.114000000000000057e+01,6.411999999999999922e+00,5.888671875000000000e+00
2.731094431877136230e+01,-1.399000000000000021e+01,6.411999999999999922e+00,7.822265625000000000e+00
2.735894131660461426e+01,-1.590000000000000036e+01,6.182999999999999829e+00,9.492187500000000000e+00
2.740691781044006348e+01,-2.021000000000000085e+01,5.725000000000000533e+00,1.116210937500000000e+01
2.745492935180664062e+01,-1.821999999999999886e+01,5.038000000000000256e+00,1.274414062500000000e+01
2.750294566154479980e+01,-1.862000000000000099e+01,4.809000000000000163e+00,1.415039062500000000e+01
2.755091595649719238e+01,-1.830999999999999872e+01,4.350999999999999979e+00,1.546875000000000000e+01
2.759890961647033691e+01,-1.485999999999999943e+01,3.893000000000000238e+00,1.661132812500000000e+01
2.764697003364562988e+01,-1.092999999999999972e+01,3.205999999999999961e+00,1.757812500000000000e+01
2.769494771957397461e+01,-1.106000000000000050e+01,2.519000000000000128e+00,1.845703125000000000e+01
2.774296927452087402e+01,-8.449999999999999289e+00,1.832000000000000073e+00,1.907226562500000000e+01
2.779102706909179688e+01,-5.879999999999999893e+00,1.145000000000000018e+00,1.942382812500000000e+01
2.783888387680053711e+01,-5.490000000000000213e+00,6.870000000000000551e-01,1.959960937500000000e+01
2.788689064979553223e+01,-3.240000000000000213e+00,4.580000000000000182e-01,1.977539062500000000e+01
2.793487310409545898e+01,1.000000000000000021e-02,-4.580000000000000182e-01,1.968750000000000000e+01
2.798289322853088379e+01,3.770000000000000018e+00,-1.374000000000000110e+00,1.924804687500000000e+01
2.803089547157287598e+01,3.919999999999999929e+00,-1.832000000000000073e+00,1.863281250000000000e+01
2.807891440391540527e+01,3.399999999999999911e+00,-2.290000000000000036e+00,1.801757812500000000e+01
2.812688708305358887e+01,3.569999999999999840e+00,-3.205999999999999961e+00,1.705078125000000000e+01
2.817487549781799316e+01,4.860000000000000320e+00,-3.893000000000000238e+00,1.590820312500000000e+01
2.822287249565124512e+01,6.519999999999999574e+00,-4.350999999999999979e+00,1.458984375000000000e+01
2.827088427543640137e+01,8.089999999999999858e+00,-4.809000000000000163e+00,1.318359375000000000e+01
2.831885170936584473e+01,9.550000000000000711e+00,-5.267000000000000348e+00,1.168945312500000000e+01
2.836686158180236816e+01,1.046000000000000085e+01,-5.496000000000000441e+00,1.001953125000000000e+01
2.841486263275146484e+01,1.275000000000000000e+01,-6.182999999999999829e+00,8.261718750000000000e+00
2.846287465095520020e+01,1.049000000000000021e+01,-6.182999999999999829e+00,6.416015625000000000e+00
2.851086091995239258e+01,1.278999999999999915e+01,-6.411999999999999922e+00,4.482421875000000000e+00
2.855884957313537598e+01,1.343999999999999950e+01,-6.641000000000000014e+00,2.548828125000000000e+00
2.860686182975769043e+01,1.401999999999999957e+01,-6.870000000000000107e+00,5.273437500000000000e-01
2.865530586242675781e+01,1.211999999999999922e+01,-6.641000000000000014e+00,-1.494140625000000000e+00
2.870340609550476074e+01,1.341999999999999993e+01,-6.411999999999999922e+00,-3.427734375000000000e+00
2.875162172317504883e+01,1.975000000000000000e+01,-6.411999999999999922e+00,-5.361328125000000000e+00
2.879945182800292969e+01,1.767000000000000171e+01,-6.182999999999999829e+00,-7.119140625000000000e+00
2.884750270843505859e+01,2.353999999999999915e+01,-5.954000000000000625e+00,-8.789062500000000000e+00
2.889555621147155762e+01,2.428999999999999915e+01,-5.725000000000000533e+00,-1.054687500000000000e+01
2.894346690177917480e+01,2.650000000000000000e+01,-5.496000000000000441e+00,-1.221679687500000000e+01
2.899147963523864746e+01,2.753999999999999915e+01,-4.809000000000000163e+00,-1.362304687500000000e+01
2.903957056999206543e+01,2.823999999999999844e+01,-4.350999999999999979e+00,-1.494140625000000000e+01
2.908740377426147461e+01,3.003999999999999915e+01,-3.893000000000000238e+00,-1.617187500000000000e+01
2.913537669181823730e+01,2.910999999999999943e+01,-3.435000000000000053e+00,-1.713867187500000000e+01
2.918323230743408203e+01,2.689000000000000057e+01,-2.748000000000000220e+00,-1.801757812500000000e+01
2.923080897331237793e+01,2.735999999999999943e+01,-2.060999999999999943e+00,-1.863281250000000000e+01
2.927885627746582031e+01,2.532999999999999829e+01,-1.374000000000000110e+00,-1.907226562500000000e+01
2.932683348655700684e+01,2.442000000000000171e+01,-4.580000000000000182e-01,-1.924804687500000000e+01
2.937483549118041992e+01,2.328000000000000114e+01,0.000000000000000000e+00,-1.933593750000000000e+01
2.942281603813171387e+01,2.007000000000000028e+01,0.000000000000000000e+00,-1.933593750000000000e+01
2.947080659866333008e+01,1.989000000000000057e+01,0.000000000000000000e+00,-1.924804687500000000e+01
2.951881217956542969e+01,8.080000000000000071e+00,1.832000000000000073e+00,-1.880859375000000000e+01
2.956680750846862793e+01,1.116999999999999993e+01,2.519000000000000128e+00,-1.801757812500000000e+01
2.961480593681335449e+01,9.339999999999999858e+00,3.205999999999999961e+00,-1.713867187500000000e+01
2.966278696060180664e+01,6.160000000000000142e+00,3.435000000000000053e+00,-1.608398437500000000e+01
2.971080827713012695e+01,2.669999999999999929e+00,3.893000000000000238e+00,-1.494140625000000000e+01
2.975879526138305664e+01,-4.500000000000000111e-01,5.038000000000000256e+00,-1.344726562500000000e+01
2.980680179595947266e+01,-2.180000000000000160e+00,5.267000000000000348e+00,-1.195312500000000000e+01
2.985479378700256348e+01,-3.600000000000000089e+00,5.496000000000000441e+00,-1.037109375000000000e+01
2.990277695655822754e+01,-6.349999999999999645e+00,5.725000000000000533e+00,-8.613281250000000000e+00
2.995079660415649414e+01,-1.077999999999999936e+01,5.954000000000000625e+00,-6.855468750000000000e+00
2.999880695343017578e+01,-1.200999999999999979e+01,6.411999999999999922e+00,-5.009765625000000000e+00
3.004680681228637695e+01,-1.217999999999999972e+01,6.641000000000000014e+00,-2.988281250000000000e+00
3.009478735923767090e+01,-1.174000000000000021e+01,6.641000000000000014e+00,-1.054687500000000000e+00
3.014277648925781250e+01,-1.355000000000000071e+01,6.870000000000000107e+00,9.667968750000000000e-01
3.019078350067138672e+01,-1.008999999999999986e+01,6.870000000000000107e+00,3.076171875000000000e+00
3.023880457878112793e+01,-9.539999999999999147e+00,6.411999999999999922e+00,4.921875000000000000e+00
3.028741717338562012e+01,-1.035999999999999943e+01,6.411999999999999922e+00,6.767578125000000000e+00
3.033526062965393066e+01,-1.255000000000000071e+01,6.182999999999999829e+00,8.613281250000000000e+00
3.038345456123352051e+01,-1.393999999999999950e+01,5.954000000000000625e+00,1.037109375000000000e+01
3.043137192726135254e+01,-1.639000000000000057e+01,5.496000000000000441e+00,1.204101562500000000e+01
3.047938299179077148e+01,-1.333999999999999986e+01,5.038000000000000256e+00,1.344726562500000000e+01
3.052729201316833496e+01,-1.407000000000000028e+01,4.580000000000000071e+00,1.485351562500000000e+01
3.057515096664428711e+01,-1.299000000000000021e+01,4.350999999999999979e+00,1.617187500000000000e+01
3.062314009666442871e+01,-1.028999999999999915e+01,3.435000000000000053e+00,1.722656250000000000e+01
3.067125916481018066e+01,-1.049000000000000021e+01,2.748000000000000220e+00,1.810546875000000000e+01
3.071924638748168945e+01,-8.039999999999999147e+00,2.060999999999999943e+00,1.872070312500000000e+01
3.076713824272155762e+01,-6.379999999999999893e+00,1.374000000000000110e+00,1.916015625000000000e+01
3.081514573097229004e+01,-6.790000000000000036e+00,9.160000000000000364e-01,1.951171875000000000e+01
3.086309218406677246e+01,-5.370000000000000107e+00,4.580000000000000182e-01,1.968750000000000000e+01
3.091110992431640625e+01,-5.230000000000000426e+00,0.000000000000000000e+00,1.977539062500000000e+01
3.095875144004821777e+01,-5.999999999999999778e-01,-9.160000000000000364e-01,1.951171875000000000e+01
3.100674748420715332e+01,3.259999999999999787e+00,-1.602999999999999980e+00,1.898437500000000000e+01
3.105473756790161133e+01,4.459999999999999964e+00,-2.060999999999999943e+00,1.836914062500000000e+01
3.110272741317749023e+01,6.000000000000000000e+00,-2.977000000000000313e+00,1.749023437500000000e+01
3.115071463584899902e+01,5.519999999999999574e+00,-3.435000000000000053e+00,1.643554687500000000e+01
3.119873261451721191e+01,6.240000000000000213e+00,-3.893000000000000238e+00,1.529296875000000000e+01
3.124671697616577148e+01,7.879999999999999893e+00,-4.580000000000000071e+00,1.388671875000000000e+01
3.129473567008972168e+01,9.099999999999999645e+00,-4.809000000000000163e+00,1.248046875000000000e+01
3.134273672103881836e+01,1.161999999999999922e+01,-5.496000000000000441e+00,1.089843750000000000e+01
3.139070749282836914e+01,1.283999999999999986e+01,-6.182999999999999829e+00,9.052734375000000000e+00
3.143872308731079102e+01,1.055000000000000071e+01,-6.411999999999999922e+00,7.294921875000000000e+00
3.148670959472656250e+01,1.171000000000000085e+01,-6.182999999999999829e+00,5.449218750000000000e+00
3.153470802307128906e+01,1.361999999999999922e+01,-6.411999999999999922e+00,3.603515625000000000e+00
3.158271622657775879e+01,1.547000000000000064e+01,-6.870000000000000107e+00,1.582031250000000000e+00
3.163071656227111816e+01,1.390000000000000036e+01,-6.870000000000000107e+00,-4.394531250000000000e-01
3.167878198623657227e+01,1.189000000000000057e+01,-6.641000000000000014e+00,-2.460937500000000000e+00
3.172680330276489258e+01,1.594999999999999929e+01,-6.641000000000000014e+00,-4.394531250000000000e+00
3.177473926544189453e+01,1.616000000000000014e+01,-6.182999999999999829e+00,-6.240234375000000000e+00
3.182275748252868652e+01,2.169999999999999929e+01,-6.182999999999999829e+00,-8.085937500000000000e+00
3.187069678306579590e+01,2.535000000000000142e+01,-5.954000000000000625e+00,-9.755859375000000000e+00
3.191868185997009277e+01,2.523000000000000043e+01,-5.496000000000000441e+00,-1.142578125000000000e+01
3.196669197082519531e+01,2.860999999999999943e+01,-5.038000000000000256e+00,-1.291992187500000000e+01
3.201470708847045898e+01,2.757000000000000028e+01,-4.580000000000000071e+00,-1.432617187500000000e+01
3.206269121170043945e+01,2.937999999999999901e+01,-3.893000000000000238e+00,-1.555664062500000000e+01
3.211069226264953613e+01,3.092999999999999972e+01,-3.664000000000000146e+00,-1.661132812500000000e+01
3.215867137908935547e+01,2.800000000000000000e+01,-2.977000000000000313e+00,-1.757812500000000000e+01
3.220668506622314453e+01,2.851999999999999957e+01,-2.290000000000000036e+00,-1.828125000000000000e+01
3.225469326972961426e+01,2.871999999999999886e+01,-1.602999999999999980e+00,-1.880859375000000000e+01
3.230268454551696777e+01,2.482999999999999829e+01,-6.870000000000000551e-01,-1.916015625000000000e+01
3.235066390037536621e+01,2.435000000000000142e+01,-2.290000000000000091e-01,-1.924804687500000000e+01
3.239867067337036133e+01,2.241000000000000014e+01,0.000000000000000000e+00,-1.924804687500000000e+01
3.244667625427246094e+01,1.923999999999999844e+01,0.000000000000000000e+00,-1.924804687500000000e+01
3.249465870857238770e+01,1.351999999999999957e+01,1.374000000000000110e+00,-1.889648437500000000e+01
3.254267024993896484e+01,1.314000000000000057e+01,2.060999999999999943e+00,-1.819335937500000000e+01
3.259065485000610352e+01,1.046000000000000085e+01,2.519000000000000128e+00,-1.757812500000000000e+01
3.263870024681091309e+01,6.299999999999999822e+00,3.205999999999999961e+00,-1.661132812500000000e+01
3.268668365478515625e+01,4.169999999999999929e+00,3.664000000000000146e+00,-1.555664062500000000e+01
3.273466277122497559e+01,-6.600000000000000311e-01,4.350999999999999979e+00,-1.432617187500000000e+01
3.278265166282653809e+01,-1.879999999999999893e+00,5.038000000000000256e+00,-1.274414062500000000e+01
3.283065891265869141e+01,-3.080000000000000071e+00,5.267000000000000348e+00,-1.116210937500000000e+01
3.287864732742309570e+01,-3.740000000000000213e+00,5.954000000000000625e+00,-9.404296875000000000e+00
3.292675662040710449e+01,-8.400000000000000355e+00,5.954000000000000625e+00,-7.822265625000000000e+00
3.297474551200866699e+01,-7.900000000000000355e+00,6.182999999999999829e+00,-5.976562500000000000e+00
3.302268743515014648e+01,-1.108000000000000007e+01,6.641000000000000014e+00,-3.955078125000000000e+00
3.307135128974914551e+01,-9.900000000000000355e+00,6.870000000000000107e+00,-1.933593750000000000e+00
3.311916947364807129e+01,-9.519999999999999574e+00,6.641000000000000014e+00,0.000000000000000000e+00
3.316716146469116211e+01,-9.660000000000000142e+00,6.870000000000000107e+00,2.021484375000000000e+00
3.321520137786865234e+01,-1.008000000000000007e+01,6.411999999999999922e+00,3.867187500000000000e+00
3.326300406455993652e+01,-1.027999999999999936e+01,6.411999999999999922e+00,5.888671875000000000e+00
3.331103634834289551e+01,-1.216999999999999993e+01,6.411999999999999922e+00,7.822265625000000000e+00
3.335900616645812988e+01,-1.449000000000000021e+01,6.182999999999999829e+00,9.492187500000000000e+00
3.340704965591430664e+01,-1.467999999999999972e+01,5.954000000000000625e+00,1.125000000000000000e+01
3.345499897003173828e+01,-1.182000000000000028e+01,5.267000000000000348e+00,1.283203125000000000e+01
3.350301790237426758e+01,-1.447000000000000064e+01,4.809000000000000163e+00,1.423828125000000000e+01
3.355095410346984863e+01,-1.341999999999999993e+01,4.350999999999999979e+00,1.555664062500000000e+01
3.359862518310546875e+01,-1.353999999999999915e+01,3.893000000000000238e+00,1.669921875000000000e+01
3.364661955833435059e+01,-1.164000000000000057e+01,3.205999999999999961e+00,1.757812500000000000e+01
3.369459867477416992e+01,-1.000000000000000000e+01,2.519000000000000128e+00,1.845703125000000000e+01
3.374260568618774414e+01,-8.929999999999999716e+00,1.832000000000000073e+00,1.907226562500000000e+01
3.379058861732482910e+01,-6.790000000000000036e+00,1.145000000000000018e+00,1.942382812500000000e+01
3.383859610557556152e+01,-6.160000000000000142e+00,4.580000000000000182e-01,1.959960937500000000e+01
3.388660001754760742e+01,-5.370000000000000107e+00,0.000000000000000000e+00,1.968750000000000000e+01
3.393459534645080566e+01,-3.799999999999999822e+00,-2.290000000000000091e-01,1.959960937500000000e+01
3.398259878158569336e+01,6.800000000000000488e-01,-1.145000000000000018e+00,1.924804687500000000e+01
3.403058338165283203e+01,2.680000000000000160e+00,-2.060999999999999943e+00,1.863281250000000000e+01
3.407858180999755859e+01,4.410000000000000142e+00,-2.519000000000000128e+00,1.792968750000000000e+01
3.412660741806030273e+01,6.059999999999999609e+00,-2.977000000000000313e+00,1.705078125000000000e+01
3.417457056045532227e+01,6.349999999999999645e+00,-3.893000000000000238e+00,1.590820312500000000e+01
3.422257947921752930e+01,6.820000000000000284e+00,-4.350999999999999979e+00,1.458984375000000000e+01
3.427057385444641113e+01,8.220000000000000639e+00,-4.809000000000000163e+00,1.318359375000000000e+01
3.431859850883483887e+01,1.047000000000000064e+01,-5.038000000000000256e+00,1.168945312500000000e+01
3.436668539047241211e+01,9.119999999999999218e+00,-5.496000000000000441e+00,1.001953125000000000e+01
3.441466975212097168e+01,1.061999999999999922e+01,-6.182999999999999829e+00,8.261718750000000000e+00
3.446262431144714355e+01,9.330000000000000071e+00,-6.182999999999999829e+00,6.416015625000000000e+00
3.451058220863342285e+01,1.163000000000000078e+01,-6.411999999999999922e+00,4.482421875000000000e+00
3.455856204032897949e+01,1.256000000000000050e+01,-6.641000000000000014e+00,2.548828125000000000e+00
3.460656046867370605e+01,1.258999999999999986e+01,-6.870000000000000107e+00,5.273437500000000000e-01
3.465456795692443848e+01,9.599999999999999645e+00,-6.641000000000000014e+00,-1.406250000000000000e+00
3.470258903503417969e+01,1.642999999999999972e+01,-6.641000000000000014e+00,-3.427734375000000000e+00
3.475054812431335449e+01,2.012999999999999901e+01,-6.641000000000000014e+00,-5.361328125000000000e+00
3.479856061935424805e+01,1.851999999999999957e+01,-6.182999999999999829e+00,-7.119140625000000000e+00
3.484655261039733887e+01,2.692999999999999972e+01,-6.182999999999999829e+00,-8.876953125000000000e+00
3.489454364776611328e+01,2.532000000000000028e+01,-5.725000000000000533e+00,-1.054687500000000000e+01
3.494254612922668457e+01,2.903000000000000114e+01,-5.267000000000000348e+00,-1.221679687500000000e+01
3.499054002761840820e+01,2.917000000000000171e+01,-5.038000000000000256e+00,-1.371093750000000000e+01
3.503853607177734375e+01,2.817000000000000171e+01,-4.350999999999999979e+00,-1.494140625000000000e+01
3.508654236793518066e+01,3.206000000000000227e+01,-3.893000000000000238e+00,-1.608398437500000000e+01
3.513455033302307129e+01,3.094000000000000128e+01,-3.435000000000000053e+00,-1.713867187500000000e+01
3.518252325057983398e+01,2.680999999999999872e+01,-2.519000000000000128e+00,-1.801757812500000000e+01
3.523053216934204102e+01,2.991000000000000014e+01,-2.060999999999999943e+00,-1.854492187500000000e+01
3.527854251861572266e+01,2.530000000000000071e+01,-1.374000000000000110e+00,-1.907226562500000000e+01
3.532654094696044922e+01,2.307000000000000028e+01,-4.580000000000000182e-01,-1.924804687500000000e+01
3.537454485893249512e+01,2.339000000000000057e+01,0.000000000000000000e+00,-1.933593750000000000e+01
3.542251610755920410e+01,1.916000000000000014e+01,0.000000000000000000e+00,-1.933593750000000000e+01
3.547050499916076660e+01,1.991000000000000014e+01,0.000000000000000000e+00,-1.924804687500000000e+01
3.551861047744750977e+01,1.189000000000000057e+01,1.832000000000000073e+00,-1.872070312500000000e+01
3.556707406044006348e+01,1.230000000000000071e+01,2.519000000000000128e+00,-1.801757812500000000e+01
3.561524105072021484e+01,1.210999999999999943e+01,2.977000000000000313e+00,-1.705078125000000000e+01
3.566312813758850098e+01,7.719999999999999751e+00,3.205999999999999961e+00,-1.608398437500000000e+01
3.571102809906005859e+01,3.080000000000000071e+00,3.893000000000000238e+00,-1.494140625000000000e+01
3.575913977622985840e+01,-5.899999999999999689e-01,4.809000000000000163e+00,-1.353515625000000000e+01
3.580684852600097656e+01,-1.469999999999999973e+00,5.267000000000000348e+00,-1.195312500000000000e+01
3.585482597351074219e+01,-3.450000000000000178e+00,5.725000000000000533e+00,-1.028320312500000000e+01
3.590287685394287109e+01,-4.709999999999999964e+00,5.725000000000000533e+00,-8.525390625000000000e+00
3.595085620880126953e+01,-8.980000000000000426e+00,5.954000000000000625e+00,-6.855468750000000000e+00
3.599889111518859863e+01,-9.820000000000000284e+00,6.411999999999999922e+00,-4.921875000000000000e+00
3.604687738418579102e+01,-9.509999999999999787e+00,6.411999999999999922e+00,-2.988281250000000000e+00
3.609493708610534668e+01,-1.023000000000000043e+01,6.411999999999999922e+00,-9.667968750000000000e-01
3.614248847961425781e+01,-1.214000000000000057e+01,6.870000000000000107e+00,1.054687500000000000e+00
3.619052982330322266e+01,-9.859999999999999432e+00,6.870000000000000107e+00,3.076171875000000000e+00
3.623848867416381836e+01,-8.640000000000000568e+00,6.182999999999999829e+00,4.921875000000000000e+00
3.628646731376647949e+01,-1.258999999999999986e+01,6.411999999999999922e+00,6.767578125000000000e+00
3.633447360992431641e+01,-1.375999999999999979e+01,6.182999999999999829e+00,8.525390625000000000e+00
3.638246107101440430e+01,-1.450999999999999979e+01,5.954000000000000625e+00,1.028320312500000000e+01
3.643047499656677246e+01,-1.466999999999999993e+01,5.496000000000000441e+00,1.204101562500000000e+01
3.647846436500549316e+01,-1.385999999999999943e+01,5.038000000000000256e+00,1.353515625000000000e+01
3.652645850181579590e+01,-1.389000000000000057e+01,4.580000000000000071e+00,1.485351562500000000e+01
3.657445263862609863e+01,-1.313000000000000078e+01,4.121999999999999886e+00,1.608398437500000000e+01
3.662246751785278320e+01,-1.203999999999999915e+01,3.435000000000000053e+00,1.722656250000000000e+01
3.667046451568603516e+01,-1.199000000000000021e+01,2.977000000000000313e+00,1.801757812500000000e+01
3.671847772598266602e+01,-8.869999999999999218e+00,2.060999999999999943e+00,1.872070312500000000e+01
3.676646590232849121e+01,-7.669999999999999929e+00,1.374000000000000110e+00,1.916015625000000000e+01
3.681444573402404785e+01,-6.089999999999999858e+00,6.870000000000000551e-01,1.951171875000000000e+01
3.686249613761901855e+01,-5.700000000000000178e+00,4.580000000000000182e-01,1.968750000000000000e+01
3.691057085990905762e+01,-6.070000000000000284e+00,0.000000000000000000e+00,1.968750000000000000e+01
3.695853829383850098e+01,-8.399999999999999689e-01,-9.160000000000000364e-01,1.951171875000000000e+01
3.700656652450561523e+01,2.660000000000000142e+00,-1.602999999999999980e+00,1.898437500000000000e+01
3.705458498001098633e+01,2.759999999999999787e+00,-2.060999999999999943e+00,1.836914062500000000e+01
3.710243535041809082e+01,4.379999999999999893e+00,-2.748000000000000220e+00,1.749023437500000000e+01
3.715043449401855469e+01,4.490000000000000213e+00,-3.435000000000000053e+00,1.643554687500000000e+01
3.719843387603759766e+01,5.440000000000000391e+00,-3.893000000000000238e+00,1.529296875000000000e+01
3.724654459953308105e+01,6.419999999999999929e+00,-4.350999999999999979e+00,1.397460937500000000e+01
3.729444003105163574e+01,7.500000000000000000e+00,-4.809000000000000163e+00,1.248046875000000000e+01
3.734243869781494141e+01,1.116999999999999993e+01,-5.496000000000000441e+00,1.089843750000000000e+01
3.739043235778808594e+01,1.266000000000000014e+01,-6.182999999999999829e+00,9.052734375000000000e+00
3.743843793869018555e+01,9.630000000000000782e+00,-6.411999999999999922e+00,7.294921875000000000e+00
3.748643088340759277e+01,1.022000000000000064e+01,-6.182999999999999829e+00,5.449218750000000000e+00
3.753442692756652832e+01,1.317999999999999972e+01,-6.411999999999999922e+00,3.515625000000000000e+00
3.758241128921508789e+01,1.455000000000000071e+01,-6.641000000000000014e+00,1.582031250000000000e+00
3.763040232658386230e+01,1.384999999999999964e+01,-7.099000000000000199e+00,-5.273437500000000000e-01
3.767842626571655273e+01,1.381000000000000050e+01,-6.641000000000000014e+00,-2.460937500000000000e+00
3.772640466690063477e+01,1.898999999999999844e+01,-6.641000000000000014e+00,-4.394531250000000000e+00
3.777440452575683594e+01,1.701999999999999957e+01,-6.182999999999999829e+00,-6.240234375000000000e+00
3.782240891456604004e+01,2.344999999999999929e+01,-5.954000000000000625e+00,-8.085937500000000000e+00
3.787041163444519043e+01,2.830000000000000071e+01,-5.954000000000000625e+00,-9.755859375000000000e+00
3.791839170455932617e+01,2.689999999999999858e+01,-5.496000000000000441e+00,-1.133789062500000000e+01
3.796642541885375977e+01,2.944999999999999929e+01,-5.038000000000000256e+00,-1.291992187500000000e+01
3.801442527770996094e+01,2.941000000000000014e+01,-4.580000000000000071e+00,-1.432617187500000000e+01
3.806237983703613281e+01,3.178000000000000114e+01,-4.121999999999999886e+00,-1.555664062500000000e+01
3.811042118072509766e+01,3.148999999999999844e+01,-3.664000000000000146e+00,-1.661132812500000000e+01
3.815841174125671387e+01,2.766000000000000014e+01,-3.205999999999999961e+00,-1.766601562500000000e+01
3.820651245117187500e+01,2.623000000000000043e+01,-2.290000000000000036e+00,-1.828125000000000000e+01
3.825448536872863770e+01,2.707000000000000028e+01,-1.602999999999999980e+00,-1.880859375000000000e+01
3.830248284339904785e+01,2.417999999999999972e+01,-9.160000000000000364e-01,-1.916015625000000000e+01
3.835039663314819336e+01,2.419999999999999929e+01,-2.290000000000000091e-01,-1.924804687500000000e+01
3.839836645126342773e+01,2.173000000000000043e+01,0.000000000000000000e+00,-1.933593750000000000e+01
3.844636487960815430e+01,2.082999999999999829e+01,2.290000000000000091e-01,-1.924804687500000000e+01
3.849436473846435547e+01,1.380000000000000071e+01,1.374000000000000110e+00,-1.889648437500000000e+01
3.854237651824951172e+01,1.325999999999999979e+01,2.060999999999999943e+00,-1.819335937500000000e+01
3.859038043022155762e+01,1.166000000000000014e+01,2.519000000000000128e+00,-1.749023437500000000e+01
3.863836717605590820e+01,7.330000000000000071e+00,3.205999999999999961e+00,-1.661132812500000000e+01
3.868636322021484375e+01,6.110000000000000320e+00,3.664000000000000146e+00,-1.555664062500000000e+01
3.873480129241943359e+01,1.149999999999999911e+00,4.350999999999999979e+00,-1.432617187500000000e+01
3.878276991844177246e+01,-1.399999999999999911e+00,5.038000000000000256e+00,-1.274414062500000000e+01
3.883075881004333496e+01,-2.470000000000000195e+00,5.267000000000000348e+00,-1.116210937500000000e+01
3.887874770164489746e+01,-5.129999999999999893e+00,5.954000000000000625e+00,-9.492187500000000000e+00
3.892669439315795898e+01,-6.750000000000000000e+00,5.954000000000000625e+00,-7.822265625000000000e+00
3.897469806671142578e+01,-1.075999999999999979e+01,6.182999999999999829e+00,-5.976562500000000000e+00
3.902288603782653809e+01,-1.125000000000000000e+01,6.641000000000000014e+00,-3.955078125000000000e+00
3.907082319259643555e+01,-1.400999999999999979e+01,7.099000000000000199e+00,-1.933593750000000000e+00
3.911917471885681152e+01,-1.825000000000000000e+01,9.160000000000000142e+00,5.273437500000000000e-01
3.916704964637756348e+01,-2.346000000000000085e+01,1.122100000000000009e+01,3.867187500000000000e+00
3.921498489379882812e+01,-2.007999999999999829e+01,1.213700000000000045e+01,7.470703125000000000e+00
3.926306009292602539e+01,-1.576999999999999957e+01,1.190800000000000125e+01,1.081054687500000000e+01
3.931091046333312988e+01,-1.413000000000000078e+01,1.053400000000000070e+01,1.406250000000000000e+01
3.935834312438964844e+01,-1.224000000000000021e+01,8.243999999999999773e+00,1.652343750000000000e+01
3.940633630752563477e+01,-8.550000000000000711e+00,5.725000000000000533e+00,1.828125000000000000e+01
3.945433568954467773e+01,-2.669999999999999929e+00,2.748000000000000220e+00,1.916015625000000000e+01
3.950241684913635254e+01,-4.059999999999999609e+00,0.000000000000000000e+00,1.933593750000000000e+01
3.955110287666320801e+01,-3.740000000000000213e+00,-2.060999999999999943e+00,1.872070312500000000e+01
3.959900355339050293e+01,1.989999999999999991e+00,-4.121999999999999886e+00,1.757812500000000000e+01
3.964697766304016113e+01,5.580000000000000071e+00,-6.641000000000000014e+00,1.564453125000000000e+01
3.969473052024841309e+01,1.969999999999999929e+01,-8.473000000000000753e+00,1.309570312500000000e+01
3.974265193939208984e+01,2.755000000000000071e+01,-1.076299999999999990e+01,1.001953125000000000e+01
3.979070162773132324e+01,2.491000000000000014e+01,-1.213700000000000045e+01,6.503906250000000000e+00
3.983867168426513672e+01,2.717999999999999972e+01,-1.259500000000000064e+01,2.900390625000000000e+00
3.988665556907653809e+01,3.167999999999999972e+01,-1.305300000000000082e+01,-9.667968750000000000e-01
3.993467330932617188e+01,3.206000000000000227e+01,-1.351100000000000101e+01,-4.921875000000000000e+00
3.998266863822937012e+01,2.735000000000000142e+01,-1.236599999999999966e+01,-8.525390625000000000e+00
4.003068280220031738e+01,3.221999999999999886e+01,-1.122100000000000009e+01,-1.186523437500000000e+01
4.007870864868164062e+01,3.490999999999999659e+01,-9.389000000000001123e+00,-1.476562500000000000e+01
4.012668108940124512e+01,3.560999999999999943e+01,-7.099000000000000199e+00,-1.687500000000000000e+01
4.017429518699645996e+01,3.023999999999999844e+01,-4.580000000000000071e+00,-1.836914062500000000e+01
4.022229671478271484e+01,2.360000000000000142e+01,-1.602999999999999980e+00,-1.898437500000000000e+01
4.027028322219848633e+01,2.542000000000000171e+01,6.870000000000000551e-01,-1.880859375000000000e+01
4.031826925277709961e+01,1.333999999999999986e+01,2.519000000000000128e+00,-1.810546875000000000e+01
4.036627364158630371e+01,3.430000000000000160e+00,5.038000000000000256e+00,-1.669921875000000000e+01
4.041429948806762695e+01,-2.000000000000000000e+00,7.099000000000000199e+00,-1.467773437500000000e+01
4.046227240562438965e+01,-9.730000000000000426e+00,9.846999999999999531e+00,-1.186523437500000000e+01
4.051027822494506836e+01,-2.089000000000000057e+01,1.099200000000000088e+01,-8.613281250000000000e+00
4.055899405479431152e+01,-2.480999999999999872e+01,1.190800000000000125e+01,-5.185546875000000000e+00
4.060699272155761719e+01,-2.492999999999999972e+01,1.282399999999999984e+01,-1.406250000000000000e+00
4.065494942665100098e+01,-2.780999999999999872e+01,1.351100000000000101e+01,2.548828125000000000e+00
4.070302319526672363e+01,-2.094999999999999929e+01,1.282399999999999984e+01,6.328125000000000000e+00
4.075109601020812988e+01,-2.189999999999999858e+01,1.190800000000000125e+01,9.843750000000000000e+00
4.079889750480651855e+01,-2.285000000000000142e+01,1.076299999999999990e+01,1.309570312500000000e+01
4.084695982933044434e+01,-1.869000000000000128e+01,8.931000000000000938e+00,1.573242187500000000e+01
4.089489769935607910e+01,-1.440000000000000036e+01,6.411999999999999922e+00,1.766601562500000000e+01
4.094268512725830078e+01,-1.174000000000000021e+01,3.664000000000000146e+00,1.889648437500000000e+01
4.099074411392211914e+01,-7.200000000000000178e+00,6.870000000000000551e-01,1.916015625000000000e+01
4.103860116004943848e+01,-5.200000000000000178e+00,-6.870000000000000551e-01,1.907226562500000000e+01
4.108658957481384277e+01,5.179999999999999716e+00,-3.435000000000000053e+00,1.810546875000000000e+01
4.113424968719482422e+01,1.419999999999999929e+01,-5.954000000000000625e+00,1.625976562500000000e+01
4.118222236633300781e+01,2.692999999999999972e+01,-8.243999999999999773e+00,1.397460937500000000e+01
4.123022389411926270e+01,2.712000000000000099e+01,-1.007600000000000051e+01,1.098632812500000000e+01
4.127861905097961426e+01,3.957000000000000028e+01,-1.167900000000000027e+01,7.734375000000000000e+00
4.132661819458007812e+01,3.672999999999999687e+01,-1.236599999999999966e+01,3.955078125000000000e+00
4.137456822395324707e+01,4.435999999999999943e+01,-1.328200000000000003e+01,1.757812500000000000e-01
4.142261981964111328e+01,3.992000000000000171e+01,-1.328200000000000003e+01,-3.779296875000000000e+00
4.147057199478149414e+01,3.668999999999999773e+01,-1.259500000000000064e+01,-7.470703125000000000e+00
4.151860547065734863e+01,4.407999999999999829e+01,-1.145000000000000107e+01,-1.081054687500000000e+01
4.156673932075500488e+01,4.261999999999999744e+01,-1.007600000000000051e+01,-1.371093750000000000e+01
4.161458182334899902e+01,3.992000000000000171e+01,-7.786000000000000476e+00,-1.617187500000000000e+01
4.166289448738098145e+01,3.909000000000000341e+01,-5.496000000000000441e+00,-1.784179687500000000e+01
4.171096014976501465e+01,3.160999999999999943e+01,-2.519000000000000128e+00,-1.880859375000000000e+01
4.175893568992614746e+01,2.539999999999999858e+01,0.000000000000000000e+00,-1.889648437500000000e+01
4.180688548088073730e+01,2.489999999999999858e+01,1.602999999999999980e+00,-1.845703125000000000e+01
4.185486674308776855e+01,1.048000000000000043e+01,3.893000000000000238e+00,-1.740234375000000000e+01
4.190218853950500488e+01,-3.779999999999999805e+00,6.411999999999999922e+00,-1.546875000000000000e+01
4.195020484924316406e+01,-9.460000000000000853e+00,9.618000000000000327e+00,-1.283203125000000000e+01
4.199822115898132324e+01,-2.176000000000000156e+01,1.076299999999999990e+01,-9.580078125000000000e+00
4.204629111289978027e+01,-2.382999999999999829e+01,1.145000000000000107e+01,-6.240234375000000000e+00
4.209425592422485352e+01,-3.496999999999999886e+01,1.282399999999999984e+01,-2.548828125000000000e+00
4.214221143722534180e+01,-3.025000000000000000e+01,1.351100000000000101e+01,1.406250000000000000e+00
4.219024014472961426e+01,-2.808999999999999986e+01,1.259500000000000064e+01,5.185546875000000000e+00
4.223873353004455566e+01,-3.176000000000000156e+01,1.236599999999999966e+01,8.701171875000000000e+00
4.228659129142761230e+01,-2.751999999999999957e+01,1.145000000000000107e+01,1.221679687500000000e+01
4.233455276489257812e+01,-2.171000000000000085e+01,9.389000000000001123e+00,1.502929687500000000e+01
4.238254046440124512e+01,-1.628000000000000114e+01,7.099000000000000199e+00,1.722656250000000000e+01
4.243059539794921875e+01,-1.180000000000000071e+01,4.350999999999999979e+00,1.863281250000000000e+01
4.247861051559448242e+01,-8.820000000000000284e+00,1.374000000000000110e+00,1.916015625000000000e+01
4.252654790878295898e+01,-5.929999999999999716e+00,-2.290000000000000091e-01,1.916015625000000000e+01
4.257454085350036621e+01,1.879999999999999893e+00,-2.748000000000000220e+00,1.836914062500000000e+01
4.262255644798278809e+01,7.969999999999999751e+00,-5.496000000000000441e+00,1.678710937500000000e+01
4.267059659957885742e+01,2.564999999999999858e+01,-7.557000000000000384e+00,1.458984375000000000e+01
4.271851515769958496e+01,2.785000000000000142e+01,-9.618000000000000327e+00,1.186523437500000000e+01
4.276660585403442383e+01,3.160000000000000142e+01,-1.145000000000000107e+01,8.525390625000000000e+00
4.281457233428955078e+01,3.786999999999999744e+01,-1.236599999999999966e+01,4.921875000000000000e+00
4.286217355728149414e+01,4.064999999999999858e+01,-1.305300000000000082e+01,1.142578125000000000e+00
4.291015195846557617e+01,4.535000000000000142e+01,-1.328200000000000003e+01,-2.724609375000000000e+00
4.295816493034362793e+01,3.985999999999999943e+01,-1.305300000000000082e+01,-6.679687500000000000e+00
4.300616025924682617e+01,4.214000000000000057e+01,-1.190800000000000125e+01,-1.001953125000000000e+01
4.305416202545166016e+01,4.674000000000000199e+01,-1.030499999999999972e+01,-1.309570312500000000e+01
4.310216212272644043e+01,4.343999999999999773e+01,-8.243999999999999773e+00,-1.564453125000000000e+01
4.315014123916625977e+01,4.288000000000000256e+01,-6.182999999999999829e+00,-1.749023437500000000e+01
4.319814348220825195e+01,3.183999999999999986e+01,-3.435000000000000053e+00,-1.863281250000000000e+01
4.324614453315734863e+01,2.876999999999999957e+01,-6.870000000000000551e-01,-1.889648437500000000e+01
4.329414749145507812e+01,1.976000000000000156e+01,9.160000000000000364e-01,-1.872070312500000000e+01
4.334227585792541504e+01,5.360000000000000320e+00,3.664000000000000146e+00,-1.766601562500000000e+01
4.339027380943298340e+01,5.400000000000000355e+00,6.182999999999999829e+00,-1.590820312500000000e+01
4.343823337554931641e+01,-5.040000000000000036e+00,8.473000000000000753e+00,-1.353515625000000000e+01
4.348616075515747070e+01,-9.580000000000000071e+00,1.076299999999999990e+01,-1.037109375000000000e+01
4.353422760963439941e+01,-2.583999999999999986e+01,1.122100000000000009e+01,-7.119140625000000000e+00
4.358252239227294922e+01,-3.257999999999999829e+01,1.259500000000000064e+01,-3.427734375000000000e+00
4.363059926033020020e+01,-3.017999999999999972e+01,1.328200000000000003e+01,4.394531250000000000e-01
4.367858648300170898e+01,-3.200999999999999801e+01,1.305300000000000082e+01,4.306640625000000000e+00
4.372654581069946289e+01,-2.998999999999999844e+01,1.259500000000000064e+01,7.998046875000000000e+00
4.377455258369445801e+01,-2.880999999999999872e+01,1.167900000000000027e+01,1.142578125000000000e+01
4.382255768775939941e+01,-2.307999999999999829e+01,9.846999999999999531e+00,1.441406250000000000e+01
4.387060284614562988e+01,-1.955000000000000071e+01,7.786000000000000476e+00,1.678710937500000000e+01
4.391859102249145508e+01,-1.468999999999999950e+01,5.038000000000000256e+00,1.836914062500000000e+01
4.396647429466247559e+01,-7.820000000000000284e+00,2.060999999999999943e+00,1.916015625000000000e+01
4.401447725296020508e+01,-5.139999999999999680e+00,0.000000000000000000e+00,1.916015625000000000e+01
4.406251716613769531e+01,-3.300000000000000155e-01,-2.060999999999999943e+00,1.863281250000000000e+01
4.411049151420593262e+01,6.290000000000000036e+00,-4.809000000000000163e+00,1.722656250000000000e+01
4.415810632705688477e+01,2.373000000000000043e+01,-6.870000000000000107e+00,1.520507812500000000e+01
4.420610594749450684e+01,2.871000000000000085e+01,-9.160000000000000142e+00,1.256835937500000000e+01
4.425410056114196777e+01,3.101999999999999957e+01,-1.099200000000000088e+01,9.316406250000000000e+00
4.430210542678833008e+01,3.739999999999999858e+01,-1.236599999999999966e+01,5.888671875000000000e+00
4.435012698173522949e+01,4.078999999999999915e+01,-1.282399999999999984e+01,2.109375000000000000e+00
4.439812445640563965e+01,4.478999999999999915e+01,-1.305300000000000082e+01,-1.757812500000000000e+00
4.444610309600830078e+01,4.017999999999999972e+01,-1.328200000000000003e+01,-5.712890625000000000e+00
4.449411129951477051e+01,4.178999999999999915e+01,-1.213700000000000045e+01,-9.052734375000000000e+00
4.454210281372070312e+01,4.579999999999999716e+01,-1.076299999999999990e+01,-1.230468750000000000e+01
4.459012651443481445e+01,4.361999999999999744e+01,-8.931000000000000938e+00,-1.502929687500000000e+01
4.463822269439697266e+01,4.134000000000000341e+01,-6.870000000000000107e+00,-1.713867187500000000e+01
4.468621373176574707e+01,3.646000000000000085e+01,-4.121999999999999886e+00,-1.845703125000000000e+01
4.473417925834655762e+01,2.771000000000000085e+01,-1.145000000000000018e+00,-1.889648437500000000e+01
4.478218078613281250e+01,2.753999999999999915e+01,4.580000000000000182e-01,-1.880859375000000000e+01
4.483016896247863770e+01,1.451999999999999957e+01,2.748000000000000220e+00,-1.801757812500000000e+01
4.487809038162231445e+01,4.110000000000000320e+00,5.496000000000000441e+00,-1.643554687500000000e+01
4.492607831954956055e+01,-3.529999999999999805e+00,8.015000000000000568e+00,-1.415039062500000000e+01
4.497408676147460938e+01,-1.041000000000000014e+01,1.030499999999999972e+01,-1.116210937500000000e+01
4.502207422256469727e+01,-1.628000000000000114e+01,1.122100000000000009e+01,-7.998046875000000000e+00
4.507008981704711914e+01,-3.535000000000000142e+01,1.213700000000000045e+01,-4.394531250000000000e+00
4.511806559562683105e+01,-2.958999999999999986e+01,1.305300000000000082e+01,-6.152343750000000000e-01
4.516606020927429199e+01,-3.321000000000000085e+01,1.305300000000000082e+01,3.339843750000000000e+00
4.521409368515014648e+01,-3.300000000000000000e+01,1.282399999999999984e+01,7.119140625000000000e+00
4.526254105567932129e+01,-2.921000000000000085e+01,1.190800000000000125e+01,1.045898437500000000e+01
4.531054067611694336e+01,-2.600000000000000000e+01,1.053400000000000070e+01,1.362304687500000000e+01
4.535847282409667969e+01,-1.971000000000000085e+01,8.473000000000000753e+00,1.625976562500000000e+01
4.540646028518676758e+01,-1.478999999999999915e+01,5.725000000000000533e+00,1.801757812500000000e+01
4.545447206497192383e+01,-1.008000000000000007e+01,2.977000000000000313e+00,1.907226562500000000e+01
4.550246095657348633e+01,-4.709999999999999964e+00,2.290000000000000091e-01,1.916015625000000000e+01
4.555047917366027832e+01,-5.300000000000000266e-01,-1.832000000000000073e+00,1.872070312500000000e+01
4.559872198104858398e+01,2.600000000000000089e-01,-4.121999999999999886e+00,1.757812500000000000e+01
4.564680600166320801e+01,8.820000000000000284e+00,-6.182999999999999829e+00,1.573242187500000000e+01
4.569477367401123047e+01,2.626999999999999957e+01,-8.473000000000000753e+00,1.327148437500000000e+01
4.574287509918212891e+01,2.600000000000000000e+01,-1.053400000000000070e+01,1.019531250000000000e+01
4.579057455062866211e+01,3.353000000000000114e+01,-1.213700000000000045e+01,6.767578125000000000e+00
4.583866167068481445e+01,3.403999999999999915e+01,-1.259500000000000064e+01,3.076171875000000000e+00
4.588603639602661133e+01,4.540999999999999659e+01,-1.305300000000000082e+01,-7.910156250000000000e-01
4.593407106399536133e+01,4.214000000000000057e+01,-1.328200000000000003e+01,-4.658203125000000000e+00
4.598215579986572266e+01,3.728999999999999915e+01,-1.236599999999999966e+01,-8.349609375000000000e+00
4.603003025054931641e+01,4.382000000000000028e+01,-1.122100000000000009e+01,-1.160156250000000000e+01
4.607812070846557617e+01,4.660999999999999943e+01,-9.618000000000000327e+00,-1.441406250000000000e+01
4.612609839439392090e+01,4.061999999999999744e+01,-7.328000000000000291e+00,-1.661132812500000000e+01
4.617400908470153809e+01,3.867999999999999972e+01,-4.809000000000000163e+00,-1.819335937500000000e+01
4.622199296951293945e+01,2.803999999999999915e+01,-1.602999999999999980e+00,-1.880859375000000000e+01
4.626998758316040039e+01,2.582999999999999829e+01,4.580000000000000182e-01,-1.872070312500000000e+01
4.631800270080566406e+01,1.867000000000000171e+01,2.519000000000000128e+00,-1.801757812500000000e+01
4.636599826812744141e+01,6.280000000000000249e+00,4.580000000000000071e+00,-1.678710937500000000e+01
4.641400647163391113e+01,-2.129999999999999893e+00,6.870000000000000107e+00,-1.485351562500000000e+01
4.646198868751525879e+01,-1.073000000000000043e+01,1.007600000000000051e+01,-1.195312500000000000e+01
4.650998759269714355e+01,-1.767999999999999972e+01,1.122100000000000009e+01,-8.701171875000000000e+00
