4.827785491943359375e-02,-1.300000000000000044e+00,0.000000000000000000e+00,6.943359375000000000e+00
9.623956680297851562e-02,-1.575999999999999979e+01,1.602999999999999980e+00,7.207031250000000000e+00
1.442711353302001953e-01,-3.511999999999999744e+01,7.786000000000000476e+00,9.228515625000000000e+00
1.922078132629394531e-01,-2.901999999999999957e+01,1.145000000000000107e+01,1.265625000000000000e+01
2.402174472808837891e-01,-2.082000000000000028e+01,1.236599999999999966e+01,1.634765625000000000e+01
2.882158756256103516e-01,-1.413000000000000078e+01,1.099200000000000088e+01,1.959960937500000000e+01
3.362147808074951172e-01,-1.416000000000000014e+01,9.160000000000000142e+00,2.232421875000000000e+01
3.842031955718994141e-01,-1.108999999999999986e+01,7.099000000000000199e+00,2.452148437500000000e+01
4.322185516357421875e-01,-2.160000000000000142e+00,4.580000000000000071e+00,2.601562500000000000e+01
4.802272319793701172e-01,-1.010000000000000009e+00,9.160000000000000364e-01,2.636718750000000000e+01
5.282156467437744141e-01,-8.470000000000000639e+00,-1.145000000000000018e+00,2.610351562500000000e+01
5.762062072753906250e-01,-2.229999999999999982e+00,-2.748000000000000220e+00,2.531250000000000000e+01
6.241874694824218750e-01,1.041999999999999993e+01,-5.496000000000000441e+00,2.381835937500000000e+01
6.721842288970947266e-01,1.299000000000000021e+01,-8.015000000000000568e+00,2.144531250000000000e+01
7.201766967773437500e-01,2.046000000000000085e+01,-1.007600000000000051e+01,1.845703125000000000e+01
7.681908607482910156e-01,3.037000000000000099e+01,-1.122100000000000009e+01,1.538085937500000000e+01
8.161983489990234375e-01,3.764000000000000057e+01,-1.213700000000000045e+01,1.177734375000000000e+01
8.641877174377441406e-01,4.117999999999999972e+01,-1.305300000000000082e+01,8.085937500000000000e+00
9.122228622436523438e-01,3.317999999999999972e+01,-1.305300000000000082e+01,4.130859375000000000e+00
9.603171348571777344e-01,3.189000000000000057e+01,-1.305300000000000082e+01,3.515625000000000000e-01
1.008300542831420898e+00,3.270000000000000284e+01,-1.167900000000000027e+01,-3.164062500000000000e+00
1.056993722915649414e+00,3.621999999999999886e+01,-1.030499999999999972e+01,-6.240234375000000000e+00
1.104795932769775391e+00,3.482000000000000028e+01,-8.243999999999999773e+00,-8.613281250000000000e+00
1.152759313583374023e+00,3.514000000000000057e+01,-5.954000000000000625e+00,-1.054687500000000000e+01
1.200731992721557617e+00,2.908999999999999986e+01,-3.435000000000000053e+00,-1.160156250000000000e+01
1.248644828796386719e+00,2.289999999999999858e+01,-6.870000000000000551e-01,-1.186523437500000000e+01
1.296635866165161133e+00,1.942000000000000171e+01,6.870000000000000551e-01,-1.168945312500000000e+01
1.344555616378784180e+00,3.609999999999999876e+00,3.664000000000000146e+00,-1.072265625000000000e+01
1.392553329467773438e+00,-4.169999999999999929e+00,6.641000000000000014e+00,-8.789062500000000000e+00
1.440644741058349609e+00,-1.242999999999999972e+01,8.243999999999999773e+00,-6.416015625000000000e+00
1.488650083541870117e+00,-2.451999999999999957e+01,1.007600000000000051e+01,-3.515625000000000000e+00
1.536640644073486328e+00,-3.076999999999999957e+01,1.190800000000000125e+01,-8.789062500000000000e-02
1.584653139114379883e+00,-3.325999999999999801e+01,1.259500000000000064e+01,3.691406250000000000e+00
1.632632255554199219e+00,-3.710000000000000142e+01,1.305300000000000082e+01,7.470703125000000000e+00
1.680178403854370117e+00,-3.753000000000000114e+01,1.328200000000000003e+01,1.133789062500000000e+01
1.728171586990356445e+00,-3.048000000000000043e+01,1.305300000000000082e+01,1.502929687500000000e+01
1.776182651519775391e+00,-2.878999999999999915e+01,1.122100000000000009e+01,1.845703125000000000e+01
1.824171781539916992e+00,-3.098999999999999844e+01,9.618000000000000327e+00,2.135742187500000000e+01
1.872522830963134766e+00,-2.517999999999999972e+01,7.786000000000000476e+00,2.364257812500000000e+01
1.920498609542846680e+00,-1.942000000000000171e+01,5.496000000000000441e+00,2.540039062500000000e+01
1.968604803085327148e+00,-4.709999999999999964e+00,1.832000000000000073e+00,2.610351562500000000e+01
2.016564846038818359e+00,-4.830000000000000071e+00,-4.580000000000000182e-01,2.601562500000000000e+01
2.064538002014160156e+00,-3.370000000000000107e+00,-2.060999999999999943e+00,2.540039062500000000e+01
2.112555265426635742e+00,1.241000000000000014e+01,-4.350999999999999979e+00,2.425781250000000000e+01
2.160770177841186523e+00,2.016000000000000014e+01,-6.870000000000000107e+00,2.223632812500000000e+01
2.208557367324829102e+00,2.832999999999999829e+01,-9.618000000000000327e+00,1.959960937500000000e+01
2.256875276565551758e+00,2.467000000000000171e+01,-1.076299999999999990e+01,1.643554687500000000e+01
2.304943323135375977e+00,3.164999999999999858e+01,-1.213700000000000045e+01,1.283203125000000000e+01
2.352875947952270508e+00,3.639000000000000057e+01,-1.328200000000000003e+01,8.964843750000000000e+00
2.400729656219482422e+00,3.228000000000000114e+01,-1.351100000000000101e+01,5.185546875000000000e+00
2.448149204254150391e+00,3.625000000000000000e+01,-1.305300000000000082e+01,1.318359375000000000e+00
2.496145009994506836e+00,4.022999999999999687e+01,-1.190800000000000125e+01,-2.197265625000000000e+00
2.544114112854003906e+00,4.379999999999999716e+01,-1.099200000000000088e+01,-5.537109375000000000e+00
2.592124938964843750e+00,3.917999999999999972e+01,-8.701999999999999957e+00,-8.085937500000000000e+00
2.640275478363037109e+00,3.828000000000000114e+01,-6.870000000000000107e+00,-1.010742187500000000e+01
2.688255786895751953e+00,3.162000000000000099e+01,-3.893000000000000238e+00,-1.133789062500000000e+01
2.736224651336669922e+00,2.571999999999999886e+01,-9.160000000000000364e-01,-1.177734375000000000e+01
2.784247159957885742e+00,2.153000000000000114e+01,6.870000000000000551e-01,-1.168945312500000000e+01
2.832131862640380859e+00,1.315000000000000036e+01,2.748000000000000220e+00,-1.089843750000000000e+01
2.880110740661621094e+00,1.860000000000000098e+00,5.496000000000000441e+00,-9.316406250000000000e+00
2.928128480911254883e+00,-9.660000000000000142e+00,8.015000000000000568e+00,-7.119140625000000000e+00
2.976139068603515625e+00,-2.044999999999999929e+01,1.007600000000000051e+01,-4.218750000000000000e+00
3.024128437042236328e+00,-2.850000000000000000e+01,1.145000000000000107e+01,-8.789062500000000000e-01
3.072150945663452148e+00,-3.642999999999999972e+01,1.259500000000000064e+01,2.812500000000000000e+00
3.120176315307617188e+00,-3.646000000000000085e+01,1.282399999999999984e+01,6.503906250000000000e+00
3.168115377426147461e+00,-3.882999999999999829e+01,1.328200000000000003e+01,1.028320312500000000e+01
3.216123104095458984e+00,-3.339999999999999858e+01,1.305300000000000082e+01,1.415039062500000000e+01
3.264116525650024414e+00,-3.123999999999999844e+01,1.167900000000000027e+01,1.757812500000000000e+01
3.312112092971801758e+00,-3.292000000000000171e+01,1.030499999999999972e+01,2.056640625000000000e+01
3.360144853591918945e+00,-2.294000000000000128e+01,8.243999999999999773e+00,2.311523437500000000e+01
3.408120632171630859e+00,-2.103000000000000114e+01,6.182999999999999829e+00,2.504882812500000000e+01
3.456103086471557617e+00,-8.099999999999999645e+00,2.748000000000000220e+00,2.601562500000000000e+01
3.504103422164916992e+00,-4.580000000000000071e+00,0.000000000000000000e+00,2.610351562500000000e+01
3.552102327346801758e+00,-5.030000000000000249e+00,-1.832000000000000073e+00,2.557617187500000000e+01
3.600114583969116211e+00,8.050000000000000711e+00,-3.893000000000000238e+00,2.460937500000000000e+01
3.648112297058105469e+00,1.748000000000000043e+01,-6.411999999999999922e+00,2.276367187500000000e+01
3.696104526519775391e+00,2.403999999999999915e+01,-8.931000000000000938e+00,2.021484375000000000e+01
3.744097709655761719e+00,2.946999999999999886e+01,-1.030499999999999972e+01,1.722656250000000000e+01
3.792117595672607422e+00,3.515999999999999659e+01,-1.190800000000000125e+01,1.379882812500000000e+01
3.840100526809692383e+00,4.113000000000000256e+01,-1.282399999999999984e+01,1.001953125000000000e+01
3.888103485107421875e+00,3.871999999999999886e+01,-1.351100000000000101e+01,6.152343750000000000e+00
3.936078310012817383e+00,3.482999999999999829e+01,-1.305300000000000082e+01,2.285156250000000000e+00
3.984077930450439453e+00,4.182000000000000028e+01,-1.236599999999999966e+01,-1.318359375000000000e+00
4.032085180282592773e+00,4.339999999999999858e+01,-1.122100000000000009e+01,-4.746093750000000000e+00
4.080064296722412109e+00,3.867999999999999972e+01,-9.160000000000000142e+00,-7.558593750000000000e+00
4.128165006637573242e+00,3.910000000000000142e+01,-7.328000000000000291e+00,-9.667968750000000000e+00
4.176169395446777344e+00,3.214999999999999858e+01,-4.580000000000000071e+00,-1.107421875000000000e+01
4.224121093750000000e+00,2.660000000000000142e+01,-1.832000000000000073e+00,-1.177734375000000000e+01
4.272165775299072266e+00,2.055000000000000071e+01,4.580000000000000182e-01,-1.168945312500000000e+01
4.320194959640502930e+00,1.685000000000000142e+01,2.290000000000000036e+00,-1.098632812500000000e+01
4.368068218231201172e+00,5.860000000000000320e+00,4.580000000000000071e+00,-9.755859375000000000e+00
4.416077852249145508e+00,-6.940000000000000391e+00,7.328000000000000291e+00,-7.734375000000000000e+00
4.464058160781860352e+00,-1.657000000000000028e+01,9.389000000000001123e+00,-5.009765625000000000e+00
4.512066364288330078e+00,-2.576000000000000156e+01,1.099200000000000088e+01,-1.845703125000000000e+00
4.560076951980590820e+00,-3.425000000000000000e+01,1.236599999999999966e+01,1.757812500000000000e+00
4.608083248138427734e+00,-3.235000000000000142e+01,1.259500000000000064e+01,5.449218750000000000e+00
4.656086206436157227e+00,-3.918999999999999773e+01,1.305300000000000082e+01,9.228515625000000000e+00
4.704065561294555664e+00,-3.546999999999999886e+01,1.328200000000000003e+01,1.309570312500000000e+01
4.752051115036010742e+00,-3.067999999999999972e+01,1.236599999999999966e+01,1.678710937500000000e+01
4.800050258636474609e+00,-3.267000000000000171e+01,1.053400000000000070e+01,1.995117187500000000e+01
4.848063230514526367e+00,-2.751999999999999957e+01,8.701999999999999957e+00,2.250000000000000000e+01
4.896065711975097656e+00,-2.344000000000000128e+01,6.641000000000000014e+00,2.460937500000000000e+01
4.944058179855346680e+00,-1.318999999999999950e+01,3.664000000000000146e+00,2.583984375000000000e+01
4.992077112197875977e+00,-5.500000000000000000e+00,4.580000000000000182e-01,2.610351562500000000e+01
5.040055036544799805e+00,-9.220000000000000639e+00,-9.160000000000000364e-01,2.583984375000000000e+01
5.088066339492797852e+00,3.089999999999999858e+00,-2.748000000000000220e+00,2.513671875000000000e+01
5.136138916015625000e+00,1.835999999999999943e+01,-6.182999999999999829e+00,2.337890625000000000e+01
5.184079408645629883e+00,1.725000000000000000e+01,-8.243999999999999773e+00,2.100585937500000000e+01
5.232055664062500000e+00,2.846999999999999886e+01,-1.007600000000000051e+01,1.801757812500000000e+01
5.280046463012695312e+00,3.403999999999999915e+01,-1.145000000000000107e+01,1.467773437500000000e+01
5.328039884567260742e+00,3.918999999999999773e+01,-1.259500000000000064e+01,1.098632812500000000e+01
5.376057624816894531e+00,4.139999999999999858e+01,-1.351100000000000101e+01,7.119140625000000000e+00
5.424053192138671875e+00,3.515999999999999659e+01,-1.328200000000000003e+01,3.251953125000000000e+00
5.472029209136962891e+00,4.221999999999999886e+01,-1.282399999999999984e+01,-5.273437500000000000e-01
5.520033121109008789e+00,4.185999999999999943e+01,-1.145000000000000107e+01,-3.955078125000000000e+00
5.568045854568481445e+00,3.929999999999999716e+01,-9.618000000000000327e+00,-6.943359375000000000e+00
5.616024971008300781e+00,4.232000000000000028e+01,-7.786000000000000476e+00,-9.228515625000000000e+00
5.664024591445922852e+00,3.479999999999999716e+01,-5.267000000000000348e+00,-1.081054687500000000e+01
5.712055444717407227e+00,2.926000000000000156e+01,-2.519000000000000128e+00,-1.168945312500000000e+01
5.760165929794311523e+00,2.244999999999999929e+01,0.000000000000000000e+00,-1.168945312500000000e+01
5.808123588562011719e+00,2.246999999999999886e+01,1.374000000000000110e+00,-1.133789062500000000e+01
5.856143236160278320e+00,9.369999999999999218e+00,3.664000000000000146e+00,-1.028320312500000000e+01
5.904012918472290039e+00,-5.639999999999999680e+00,6.870000000000000107e+00,-8.437500000000000000e+00
5.952017068862915039e+00,-1.165000000000000036e+01,9.160000000000000142e+00,-5.712890625000000000e+00
6.000006914138793945e+00,-2.416000000000000014e+01,1.076299999999999990e+01,-2.636718750000000000e+00
6.048032760620117188e+00,-3.107000000000000028e+01,1.213700000000000045e+01,9.667968750000000000e-01
6.096023559570312500e+00,-3.288000000000000256e+01,1.236599999999999966e+01,4.570312500000000000e+00
6.144022464752197266e+00,-3.903999999999999915e+01,1.305300000000000082e+01,8.437500000000000000e+00
6.192038297653198242e+00,-3.453999999999999915e+01,1.328200000000000003e+01,1.221679687500000000e+01
6.240029811859130859e+00,-3.257000000000000028e+01,1.259500000000000064e+01,1.590820312500000000e+01
6.288018703460693359e+00,-3.067000000000000171e+01,1.076299999999999990e+01,1.916015625000000000e+01
6.336016893386840820e+00,-2.844999999999999929e+01,9.160000000000000142e+00,2.188476562500000000e+01
6.384019613265991211e+00,-2.212999999999999901e+01,7.099000000000000199e+00,2.408203125000000000e+01
6.432029247283935547e+00,-1.873000000000000043e+01,4.809000000000000163e+00,2.557617187500000000e+01
6.480024099349975586e+00,-5.879999999999999893e+00,1.374000000000000110e+00,2.610351562500000000e+01
6.528017997741699219e+00,-7.320000000000000284e+00,-4.580000000000000182e-01,2.592773437500000000e+01
6.576020956039428711e+00,-1.840000000000000080e+00,-2.290000000000000036e+00,2.531250000000000000e+01
6.624008655548095703e+00,1.435999999999999943e+01,-5.267000000000000348e+00,2.381835937500000000e+01
6.672010660171508789e+00,1.837999999999999901e+01,-7.786000000000000476e+00,2.162109375000000000e+01
6.720011711120605469e+00,2.832999999999999829e+01,-9.846999999999999531e+00,1.872070312500000000e+01
6.768007040023803711e+00,3.227000000000000313e+01,-1.099200000000000088e+01,1.555664062500000000e+01
6.815983057022094727e+00,3.867999999999999972e+01,-1.213700000000000045e+01,1.204101562500000000e+01
6.864004611968994141e+00,4.204999999999999716e+01,-1.328200000000000003e+01,8.261718750000000000e+00
6.912004470825195312e+00,3.545000000000000284e+01,-1.328200000000000003e+01,4.218750000000000000e+00
6.959999322891235352e+00,4.024000000000000199e+01,-1.305300000000000082e+01,4.394531250000000000e-01
7.007979154586791992e+00,4.014000000000000057e+01,-1.167900000000000027e+01,-3.076171875000000000e+00
7.055996894836425781e+00,4.239000000000000057e+01,-1.030499999999999972e+01,-6.152343750000000000e+00
7.103990554809570312e+00,4.199000000000000199e+01,-8.243999999999999773e+00,-8.613281250000000000e+00
7.151983976364135742e+00,3.578000000000000114e+01,-6.182999999999999829e+00,-1.045898437500000000e+01
7.200007200241088867e+00,2.894999999999999929e+01,-3.205999999999999961e+00,-1.160156250000000000e+01
7.248031616210937500e+00,2.380000000000000071e+01,-4.580000000000000182e-01,-1.186523437500000000e+01
7.296028614044189453e+00,2.223000000000000043e+01,9.160000000000000364e-01,-1.168945312500000000e+01
7.344079494476318359e+00,9.679999999999999716e+00,3.435000000000000053e+00,-1.063476562500000000e+01
7.391971588134765625e+00,-1.949999999999999956e+00,6.641000000000000014e+00,-8.789062500000000000e+00
7.439983129501342773e+00,-1.043999999999999950e+01,8.473000000000000753e+00,-6.416015625000000000e+00
7.487966060638427734e+00,-2.248999999999999844e+01,1.030499999999999972e+01,-3.515625000000000000e+00
7.535984277725219727e+00,-2.948999999999999844e+01,1.190800000000000125e+01,-8.789062500000000000e-02
7.584002017974853516e+00,-3.260999999999999943e+01,1.259500000000000064e+01,3.691406250000000000e+00
7.631992101669311523e+00,-3.682000000000000028e+01,1.282399999999999984e+01,7.382812500000000000e+00
7.680478096008300781e+00,-3.985999999999999943e+01,1.351100000000000101e+01,1.125000000000000000e+01
7.728357791900634766e+00,-2.887000000000000099e+01,1.282399999999999984e+01,1.502929687500000000e+01
7.776359319686889648e+00,-3.014999999999999858e+01,1.099200000000000088e+01,1.836914062500000000e+01
7.824393749237060547e+00,-3.209000000000000341e+01,9.846999999999999531e+00,2.135742187500000000e+01
7.872397899627685547e+00,-2.357999999999999829e+01,7.786000000000000476e+00,2.364257812500000000e+01
7.920389413833618164e+00,-1.989000000000000057e+01,5.496000000000000441e+00,2.540039062500000000e+01
7.968390226364135742e+00,-6.459999999999999964e+00,2.060999999999999943e+00,2.610351562500000000e+01
8.016390323638916016e+00,-6.830000000000000071e+00,-4.580000000000000182e-01,2.601562500000000000e+01
8.064328670501708984e+00,-4.759999999999999787e+00,-2.060999999999999943e+00,2.540039062500000000e+01
8.112353801727294922e+00,9.130000000000000782e+00,-4.350999999999999979e+00,2.416992187500000000e+01
8.160311460494995117e+00,1.692000000000000171e+01,-7.099000000000000199e+00,2.223632812500000000e+01
8.208295583724975586e+00,2.542999999999999972e+01,-9.618000000000000327e+00,1.951171875000000000e+01
8.256313562393188477e+00,2.764999999999999858e+01,-1.076299999999999990e+01,1.634765625000000000e+01
8.303938865661621094e+00,3.642000000000000171e+01,-1.213700000000000045e+01,1.283203125000000000e+01
8.351932048797607422e+00,4.214999999999999858e+01,-1.328200000000000003e+01,8.964843750000000000e+00
8.399948358535766602e+00,3.778999999999999915e+01,-1.328200000000000003e+01,5.097656250000000000e+00
8.447967767715454102e+00,3.677000000000000313e+01,-1.305300000000000082e+01,1.318359375000000000e+00
8.495976924896240234e+00,4.200000000000000000e+01,-1.213700000000000045e+01,-2.285156250000000000e+00
8.543936967849731445e+00,4.102000000000000313e+01,-1.099200000000000088e+01,-5.625000000000000000e+00
8.591926813125610352e+00,3.710000000000000142e+01,-8.701999999999999957e+00,-8.173828125000000000e+00
8.639933824539184570e+00,3.699000000000000199e+01,-6.641000000000000014e+00,-1.010742187500000000e+01
8.687925577163696289e+00,3.125000000000000000e+01,-3.893000000000000238e+00,-1.133789062500000000e+01
8.735938310623168945e+00,2.292000000000000171e+01,-1.374000000000000110e+00,-1.186523437500000000e+01
8.783934593200683594e+00,1.607999999999999829e+01,9.160000000000000364e-01,-1.168945312500000000e+01
8.831977844238281250e+00,1.496000000000000085e+01,2.977000000000000313e+00,-1.081054687500000000e+01
8.879971265792846680e+00,4.040000000000000036e+00,5.496000000000000441e+00,-9.316406250000000000e+00
8.927999496459960938e+00,-7.990000000000000213e+00,8.015000000000000568e+00,-7.119140625000000000e+00
8.976009130477905273e+00,-1.896999999999999886e+01,1.007600000000000051e+01,-4.218750000000000000e+00
9.023935317993164062e+00,-2.648000000000000043e+01,1.145000000000000107e+01,-8.789062500000000000e-01
9.072360754013061523e+00,-3.453000000000000114e+01,1.259500000000000064e+01,2.812500000000000000e+00
9.120288848876953125e+00,-3.484000000000000341e+01,1.259500000000000064e+01,6.503906250000000000e+00
9.168563127517700195e+00,-3.856000000000000227e+01,1.305300000000000082e+01,1.019531250000000000e+01
9.216417312622070312e+00,-3.372999999999999687e+01,1.305300000000000082e+01,1.406250000000000000e+01
9.264396190643310547e+00,-2.921000000000000085e+01,1.167900000000000027e+01,1.757812500000000000e+01
9.312259197235107422e+00,-3.032999999999999829e+01,1.030499999999999972e+01,2.056640625000000000e+01
9.360277414321899414e+00,-2.203000000000000114e+01,8.243999999999999773e+00,2.311523437500000000e+01
9.408317089080810547e+00,-2.117999999999999972e+01,6.182999999999999829e+00,2.504882812500000000e+01
9.456315279006958008e+00,-8.710000000000000853e+00,2.748000000000000220e+00,2.592773437500000000e+01
9.504292249679565430e+00,-5.849999999999999645e+00,0.000000000000000000e+00,2.610351562500000000e+01
9.552309989929199219e+00,-6.910000000000000142e+00,-1.832000000000000073e+00,2.557617187500000000e+01
9.600305080413818359e+00,3.040000000000000036e+00,-3.435000000000000053e+00,2.460937500000000000e+01
9.648330450057983398e+00,1.607999999999999829e+01,-6.411999999999999922e+00,2.276367187500000000e+01
9.696315526962280273e+00,2.157000000000000028e+01,-9.160000000000000142e+00,2.012695312500000000e+01
9.743916034698486328e+00,2.583999999999999986e+01,-1.030499999999999972e+01,1.713867187500000000e+01
9.791904687881469727e+00,3.525999999999999801e+01,-1.190800000000000125e+01,1.371093750000000000e+01
9.839901447296142578e+00,3.953999999999999915e+01,-1.282399999999999984e+01,1.001953125000000000e+01
9.887935161590576172e+00,3.910000000000000142e+01,-1.351100000000000101e+01,6.152343750000000000e+00
9.935902118682861328e+00,3.643999999999999773e+01,-1.305300000000000082e+01,2.285156250000000000e+00
9.983950614929199219e+00,4.170000000000000284e+01,-1.236599999999999966e+01,-1.318359375000000000e+00
1.003190732002258301e+01,4.379999999999999716e+01,-1.145000000000000107e+01,-4.658203125000000000e+00
1.007989168167114258e+01,3.931000000000000227e+01,-9.160000000000000142e+00,-7.470703125000000000e+00
1.012787532806396484e+01,4.075999999999999801e+01,-7.328000000000000291e+00,-9.667968750000000000e+00
1.017587137222290039e+01,3.185999999999999943e+01,-4.580000000000000071e+00,-1.107421875000000000e+01
1.022388410568237305e+01,2.462000000000000099e+01,-1.832000000000000073e+00,-1.177734375000000000e+01
1.027196788787841797e+01,2.119999999999999929e+01,4.580000000000000182e-01,-1.168945312500000000e+01
1.031988048553466797e+01,1.421000000000000085e+01,2.290000000000000036e+00,-1.098632812500000000e+01
1.036788558959960938e+01,-8.299999999999999600e-01,4.350999999999999979e+00,-9.843750000000000000e+00
1.041597914695739746e+01,-7.299999999999999822e+00,7.099000000000000199e+00,-7.822265625000000000e+00
1.046396303176879883e+01,-1.577999999999999936e+01,9.389000000000001123e+00,-5.097656250000000000e+00
1.051196455955505371e+01,-2.528000000000000114e+01,1.099200000000000088e+01,-1.845703125000000000e+00
1.056032943725585938e+01,-3.242999999999999972e+01,1.259500000000000064e+01,1.757812500000000000e+00
1.060823154449462891e+01,-3.224000000000000199e+01,1.259500000000000064e+01,5.449218750000000000e+00
1.065623784065246582e+01,-3.863000000000000256e+01,1.305300000000000082e+01,9.228515625000000000e+00
1.070422315597534180e+01,-3.478000000000000114e+01,1.328200000000000003e+01,1.309570312500000000e+01
1.075224447250366211e+01,-3.141000000000000014e+01,1.213700000000000045e+01,1.678710937500000000e+01
1.080027055740356445e+01,-3.249000000000000199e+01,1.053400000000000070e+01,1.986328125000000000e+01
1.084820985794067383e+01,-2.785000000000000142e+01,8.473000000000000753e+00,2.250000000000000000e+01
1.089622259140014648e+01,-2.126999999999999957e+01,6.641000000000000014e+00,2.452148437500000000e+01
1.094421672821044922e+01,-1.396000000000000085e+01,3.664000000000000146e+00,2.583984375000000000e+01
1.099222373962402344e+01,-4.639999999999999680e+00,6.870000000000000551e-01,2.610351562500000000e+01
1.104028630256652832e+01,-8.800000000000000711e+00,-9.160000000000000364e-01,2.592773437500000000e+01
1.108827519416809082e+01,1.750000000000000000e+00,-2.748000000000000220e+00,2.513671875000000000e+01
1.113625502586364746e+01,1.678999999999999915e+01,-6.182999999999999829e+00,2.337890625000000000e+01
1.118385934829711914e+01,1.575999999999999979e+01,-8.243999999999999773e+00,2.100585937500000000e+01
1.123184585571289062e+01,2.816000000000000014e+01,-1.030499999999999972e+01,1.792968750000000000e+01
1.127984929084777832e+01,3.130999999999999872e+01,-1.145000000000000107e+01,1.467773437500000000e+01
1.132785677909851074e+01,3.838000000000000256e+01,-1.259500000000000064e+01,1.098632812500000000e+01
1.137585115432739258e+01,4.178999999999999915e+01,-1.351100000000000101e+01,7.119140625000000000e+00
1.142384624481201172e+01,3.514999999999999858e+01,-1.305300000000000082e+01,3.251953125000000000e+00
1.147184848785400391e+01,4.218999999999999773e+01,-1.259500000000000064e+01,-5.273437500000000000e-01
1.151984500885009766e+01,4.254999999999999716e+01,-1.145000000000000107e+01,-3.867187500000000000e+00
1.156783747673034668e+01,3.935999999999999943e+01,-9.846999999999999531e+00,-6.943359375000000000e+00
1.161584568023681641e+01,4.067000000000000171e+01,-7.786000000000000476e+00,-9.140625000000000000e+00
1.166382575035095215e+01,3.440999999999999659e+01,-5.267000000000000348e+00,-1.081054687500000000e+01
1.171187472343444824e+01,2.653000000000000114e+01,-2.519000000000000128e+00,-1.168945312500000000e+01
1.175985050201416016e+01,1.653000000000000114e+01,0.000000000000000000e+00,-1.177734375000000000e+01
1.180781626701354980e+01,1.680999999999999872e+01,1.602999999999999980e+00,-1.133789062500000000e+01
1.185582041740417480e+01,5.000000000000000000e-01,3.664000000000000146e+00,-1.028320312500000000e+01
1.190390443801879883e+01,-1.025999999999999979e+01,6.870000000000000107e+00,-8.349609375000000000e+00
1.195185708999633789e+01,-1.066999999999999993e+01,8.931000000000000938e+00,-5.712890625000000000e+00
1.199992203712463379e+01,-2.332000000000000028e+01,1.053400000000000070e+01,-2.636718750000000000e+00
1.204866051673889160e+01,-2.982000000000000028e+01,1.213700000000000045e+01,8.789062500000000000e-01
1.209646797180175781e+01,-2.867999999999999972e+01,1.167900000000000027e+01,4.482421875000000000e+00
1.214422583580017090e+01,-2.075000000000000000e+01,9.618000000000000327e+00,7.294921875000000000e+00
1.219225215911865234e+01,-1.778999999999999915e+01,8.015000000000000568e+00,9.580078125000000000e+00
1.224022579193115234e+01,-1.689999999999999858e+01,7.328000000000000291e+00,1.168945312500000000e+01
1.228822326660156250e+01,-2.046000000000000085e+01,6.641000000000000014e+00,1.362304687500000000e+01
1.233623623847961426e+01,-1.907000000000000028e+01,6.411999999999999922e+00,1.555664062500000000e+01
1.238422894477844238e+01,-1.623999999999999844e+01,5.954000000000000625e+00,1.731445312500000000e+01
1.243218398094177246e+01,-1.982999999999999829e+01,5.267000000000000348e+00,1.889648437500000000e+01
1.248018026351928711e+01,-1.898999999999999844e+01,5.038000000000000256e+00,2.039062500000000000e+01
1.252821278572082520e+01,-1.552999999999999936e+01,4.580000000000000071e+00,2.179687500000000000e+01
1.257622241973876953e+01,-1.828000000000000114e+01,4.121999999999999886e+00,2.302734375000000000e+01
1.262381792068481445e+01,-1.721999999999999886e+01,3.664000000000000146e+00,2.408203125000000000e+01
1.267224073410034180e+01,-1.610999999999999943e+01,2.977000000000000313e+00,2.504882812500000000e+01
1.272023630142211914e+01,-1.147000000000000064e+01,2.060999999999999943e+00,2.566406250000000000e+01
1.276821064949035645e+01,-1.108999999999999986e+01,1.145000000000000018e+00,2.610351562500000000e+01
1.281650757789611816e+01,-1.125000000000000000e+01,4.580000000000000182e-01,2.627929687500000000e+01
1.286417579650878906e+01,-1.064000000000000057e+01,0.000000000000000000e+00,2.645507812500000000e+01
1.291219091415405273e+01,-9.519999999999999574e+00,0.000000000000000000e+00,2.645507812500000000e+01
1.296041274070739746e+01,-6.070000000000000284e+00,-4.580000000000000182e-01,2.627929687500000000e+01
1.300840687751770020e+01,-4.429999999999999716e+00,-1.374000000000000110e+00,2.592773437500000000e+01
1.305635571479797363e+01,-2.140000000000000124e+00,-2.060999999999999943e+00,2.531250000000000000e+01
1.310454964637756348e+01,-2.470000000000000195e+00,-2.977000000000000313e+00,2.443359375000000000e+01
1.315239477157592773e+01,-1.739999999999999991e+00,-3.664000000000000146e+00,2.337890625000000000e+01
1.320035409927368164e+01,-1.120000000000000107e+00,-3.893000000000000238e+00,2.223632812500000000e+01
1.324778985977172852e+01,4.559999999999999609e+00,-4.580000000000000071e+00,2.091796875000000000e+01
1.329579138755798340e+01,6.950000000000000178e+00,-5.267000000000000348e+00,1.933593750000000000e+01
1.334379386901855469e+01,7.610000000000000320e+00,-5.267000000000000348e+00,1.775390625000000000e+01
1.339178586006164551e+01,9.810000000000000497e+00,-5.954000000000000625e+00,1.608398437500000000e+01
1.343977689743041992e+01,1.047000000000000064e+01,-6.182999999999999829e+00,1.423828125000000000e+01
1.348779559135437012e+01,1.035999999999999943e+01,-6.411999999999999922e+00,1.239257812500000000e+01
1.353577661514282227e+01,1.219999999999999929e+01,-6.641000000000000014e+00,1.045898437500000000e+01
1.358387589454650879e+01,9.300000000000000711e+00,-6.870000000000000107e+00,8.437500000000000000e+00
1.363188123703002930e+01,9.179999999999999716e+00,-6.870000000000000107e+00,6.503906250000000000e+00
1.367987370491027832e+01,9.789999999999999147e+00,-6.641000000000000014e+00,4.482421875000000000e+00
1.372786092758178711e+01,1.066000000000000014e+01,-6.411999999999999922e+00,2.636718750000000000e+00
1.377582788467407227e+01,1.726000000000000156e+01,-6.411999999999999922e+00,7.031250000000000000e-01
1.382381486892700195e+01,1.742000000000000171e+01,-5.954000000000000625e+00,-1.054687500000000000e+00
1.387176632881164551e+01,1.939000000000000057e+01,-5.725000000000000533e+00,-2.812500000000000000e+00
1.391977739334106445e+01,2.466000000000000014e+01,-5.496000000000000441e+00,-4.482421875000000000e+00
1.396776533126831055e+01,2.262999999999999901e+01,-4.809000000000000163e+00,-5.976562500000000000e+00
1.401577425003051758e+01,2.710000000000000142e+01,-4.580000000000000071e+00,-7.294921875000000000e+00
1.406377339363098145e+01,2.719999999999999929e+01,-4.350999999999999979e+00,-8.525390625000000000e+00
1.411176729202270508e+01,2.551999999999999957e+01,-3.664000000000000146e+00,-9.667968750000000000e+00
1.415976023674011230e+01,2.651000000000000156e+01,-2.748000000000000220e+00,-1.054687500000000000e+01
1.420775890350341797e+01,2.576999999999999957e+01,-2.290000000000000036e+00,-1.125000000000000000e+01
1.425575113296508789e+01,2.453000000000000114e+01,-1.602999999999999980e+00,-1.177734375000000000e+01
1.430375528335571289e+01,2.276999999999999957e+01,-9.160000000000000364e-01,-1.212890625000000000e+01
1.435176849365234375e+01,2.010000000000000142e+01,-2.290000000000000091e-01,-1.221679687500000000e+01
1.439977049827575684e+01,2.048000000000000043e+01,0.000000000000000000e+00,-1.221679687500000000e+01
1.444777822494506836e+01,1.564000000000000057e+01,2.290000000000000091e-01,-1.212890625000000000e+01
1.449574494361877441e+01,1.192999999999999972e+01,1.145000000000000018e+00,-1.186523437500000000e+01
1.454373455047607422e+01,1.036999999999999922e+01,1.832000000000000073e+00,-1.133789062500000000e+01
1.459174227714538574e+01,8.140000000000000568e+00,2.519000000000000128e+00,-1.054687500000000000e+01
1.463973426818847656e+01,3.810000000000000053e+00,3.435000000000000053e+00,-9.580078125000000000e+00
1.468773746490478516e+01,2.419999999999999929e+00,4.121999999999999886e+00,-8.437500000000000000e+00
1.473574447631835938e+01,-4.400000000000000022e-01,4.350999999999999979e+00,-7.207031250000000000e+00
1.478374266624450684e+01,-2.709999999999999964e+00,4.809000000000000163e+00,-5.800781250000000000e+00
1.483174276351928711e+01,-6.780000000000000249e+00,5.496000000000000441e+00,-4.130859375000000000e+00
1.487974023818969727e+01,-7.500000000000000000e+00,5.725000000000000533e+00,-2.460937500000000000e+00
1.492773032188415527e+01,-1.021000000000000085e+01,5.954000000000000625e+00,-7.031250000000000000e-01
1.497572612762451172e+01,-1.361999999999999922e+01,6.182999999999999829e+00,1.142578125000000000e+00
1.502377176284790039e+01,-1.348000000000000043e+01,6.411999999999999922e+00,3.076171875000000000e+00
1.507174849510192871e+01,-1.428999999999999915e+01,6.641000000000000014e+00,5.009765625000000000e+00
1.511978864669799805e+01,-1.191999999999999993e+01,6.870000000000000107e+00,6.943359375000000000e+00
1.516778683662414551e+01,-1.114000000000000057e+01,6.870000000000000107e+00,8.876953125000000000e+00
1.521580743789672852e+01,-1.339000000000000057e+01,6.870000000000000107e+00,1.089843750000000000e+01
1.526381897926330566e+01,-1.283000000000000007e+01,6.641000000000000014e+00,1.283203125000000000e+01
1.531180024147033691e+01,-1.374000000000000021e+01,6.182999999999999829e+00,1.467773437500000000e+01
1.535979485511779785e+01,-1.669000000000000128e+01,5.954000000000000625e+00,1.652343750000000000e+01
1.540774965286254883e+01,-1.532000000000000028e+01,5.496000000000000441e+00,1.810546875000000000e+01
1.545569729804992676e+01,-1.692999999999999972e+01,5.267000000000000348e+00,1.968750000000000000e+01
1.550371742248535156e+01,-1.641000000000000014e+01,5.038000000000000256e+00,2.118164062500000000e+01
1.555171394348144531e+01,-1.433000000000000007e+01,4.350999999999999979e+00,2.250000000000000000e+01
1.559969878196716309e+01,-1.558999999999999986e+01,3.664000000000000146e+00,2.355468750000000000e+01
1.564771437644958496e+01,-1.349000000000000021e+01,3.205999999999999961e+00,2.452148437500000000e+01
1.569573307037353516e+01,-1.369999999999999929e+01,2.748000000000000220e+00,2.540039062500000000e+01
1.574375772476196289e+01,-9.380000000000000782e+00,1.602999999999999980e+00,2.592773437500000000e+01
1.579170417785644531e+01,-1.159999999999999964e+01,9.160000000000000364e-01,2.627929687500000000e+01
1.583969426155090332e+01,-9.759999999999999787e+00,4.580000000000000182e-01,2.645507812500000000e+01
1.588769984245300293e+01,-8.800000000000000711e+00,2.290000000000000091e-01,2.654296875000000000e+01
1.593572282791137695e+01,-7.580000000000000071e+00,0.000000000000000000e+00,2.654296875000000000e+01
1.598371338844299316e+01,9.499999999999999556e-01,-1.145000000000000018e+00,2.627929687500000000e+01
1.603169894218444824e+01,-2.200000000000000178e+00,-1.832000000000000073e+00,2.566406250000000000e+01
1.607969093322753906e+01,-2.009999999999999787e+00,-2.519000000000000128e+00,2.487304687500000000e+01
1.612767982482910156e+01,2.100000000000000089e+00,-3.205999999999999961e+00,2.390625000000000000e+01
1.617568135261535645e+01,1.560000000000000053e+00,-3.664000000000000146e+00,2.276367187500000000e+01
1.622366714477539062e+01,4.379999999999999893e+00,-4.121999999999999886e+00,2.162109375000000000e+01
1.627168846130371094e+01,6.059999999999999609e+00,-4.809000000000000163e+00,2.012695312500000000e+01
1.631968951225280762e+01,6.219999999999999751e+00,-5.267000000000000348e+00,1.854492187500000000e+01
1.636769461631774902e+01,8.830000000000000071e+00,-5.496000000000000441e+00,1.696289062500000000e+01
1.641574311256408691e+01,9.859999999999999432e+00,-5.954000000000000625e+00,1.529296875000000000e+01
1.646368551254272461e+01,1.035999999999999943e+01,-6.411999999999999922e+00,1.335937500000000000e+01
1.651168370246887207e+01,1.151999999999999957e+01,-6.641000000000000014e+00,1.151367187500000000e+01
1.655966758728027344e+01,1.156000000000000050e+01,-6.870000000000000107e+00,9.492187500000000000e+00
1.660767006874084473e+01,1.123000000000000043e+01,-6.870000000000000107e+00,7.470703125000000000e+00
1.665567302703857422e+01,1.050999999999999979e+01,-6.641000000000000014e+00,5.537109375000000000e+00
1.670366120338439941e+01,1.214000000000000057e+01,-6.641000000000000014e+00,3.603515625000000000e+00
1.675176262855529785e+01,1.291999999999999993e+01,-6.411999999999999922e+00,1.669921875000000000e+00
1.679975676536560059e+01,1.785999999999999943e+01,-6.411999999999999922e+00,-1.757812500000000000e-01
1.684777688980102539e+01,1.576999999999999957e+01,-5.725000000000000533e+00,-1.933593750000000000e+00
1.689573192596435547e+01,2.182000000000000028e+01,-5.725000000000000533e+00,-3.691406250000000000e+00
1.694374942779541016e+01,2.319999999999999929e+01,-5.496000000000000441e+00,-5.273437500000000000e+00
1.699172425270080566e+01,2.278999999999999915e+01,-4.809000000000000163e+00,-6.679687500000000000e+00
1.703968119621276855e+01,2.762000000000000099e+01,-4.580000000000000071e+00,-7.998046875000000000e+00
1.708766388893127441e+01,2.530999999999999872e+01,-4.121999999999999886e+00,-9.140625000000000000e+00
1.713565993309020996e+01,2.596999999999999886e+01,-3.205999999999999961e+00,-1.010742187500000000e+01
1.718365454673767090e+01,2.617999999999999972e+01,-2.519000000000000128e+00,-1.089843750000000000e+01
1.723183321952819824e+01,2.605999999999999872e+01,-2.060999999999999943e+00,-1.160156250000000000e+01
1.727968144416809082e+01,2.167000000000000171e+01,-1.145000000000000018e+00,-1.195312500000000000e+01
1.732766175270080566e+01,2.092000000000000171e+01,-4.580000000000000182e-01,-1.212890625000000000e+01
1.737564539909362793e+01,1.842000000000000171e+01,0.000000000000000000e+00,-1.221679687500000000e+01
1.742363834381103516e+01,1.667999999999999972e+01,0.000000000000000000e+00,-1.221679687500000000e+01
1.747164726257324219e+01,1.433999999999999986e+01,0.000000000000000000e+00,-1.221679687500000000e+01
1.751964664459228516e+01,5.450000000000000178e+00,1.602999999999999980e+00,-1.177734375000000000e+01
1.756763553619384766e+01,8.310000000000000497e+00,2.519000000000000128e+00,-1.098632812500000000e+01
1.761565232276916504e+01,6.169999999999999929e+00,2.748000000000000220e+00,-1.019531250000000000e+01
1.766435599327087402e+01,2.000000000000000042e-02,3.664000000000000146e+00,-9.140625000000000000e+00
1.771199774742126465e+01,1.090000000000000080e+00,4.350999999999999979e+00,-7.910156250000000000e+00
1.776029777526855469e+01,2.200000000000000011e-01,4.809000000000000163e+00,-6.503906250000000000e+00
1.780811238288879395e+01,-3.740000000000000213e+00,5.267000000000000348e+00,-5.009765625000000000e+00
1.785630416870117188e+01,-5.919999999999999929e+00,5.496000000000000441e+00,-3.339843750000000000e+00
1.790421843528747559e+01,-7.490000000000000213e+00,5.725000000000000533e+00,-1.669921875000000000e+00
1.795207715034484863e+01,-1.009999999999999964e+01,6.411999999999999922e+00,1.757812500000000000e-01
1.800021314620971680e+01,-1.027999999999999936e+01,6.411999999999999922e+00,2.109375000000000000e+00
1.804848980903625488e+01,-1.010999999999999943e+01,6.411999999999999922e+00,4.042968750000000000e+00
1.809610891342163086e+01,-1.155000000000000071e+01,6.641000000000000014e+00,5.976562500000000000e+00
1.814440917968750000e+01,-1.183999999999999986e+01,6.870000000000000107e+00,7.998046875000000000e+00
1.819217181205749512e+01,-1.019999999999999929e+01,6.870000000000000107e+00,9.931640625000000000e+00
1.823960494995117188e+01,-1.532000000000000028e+01,6.641000000000000014e+00,1.186523437500000000e+01
1.828761053085327148e+01,-1.701999999999999957e+01,6.411999999999999922e+00,1.379882812500000000e+01
1.833567643165588379e+01,-1.592999999999999972e+01,6.411999999999999922e+00,1.564453125000000000e+01
1.838363885879516602e+01,-1.408000000000000007e+01,5.496000000000000441e+00,1.731445312500000000e+01
1.843172550201416016e+01,-1.523000000000000043e+01,5.267000000000000348e+00,1.889648437500000000e+01
1.847968935966491699e+01,-1.846000000000000085e+01,5.267000000000000348e+00,2.039062500000000000e+01
1.852767992019653320e+01,-1.601000000000000156e+01,4.580000000000000071e+00,2.179687500000000000e+01
1.857566928863525391e+01,-1.798000000000000043e+01,4.121999999999999886e+00,2.293945312500000000e+01
1.862367033958435059e+01,-1.687999999999999901e+01,3.664000000000000146e+00,2.408203125000000000e+01
1.867160868644714355e+01,-1.508000000000000007e+01,3.205999999999999961e+00,2.504882812500000000e+01
1.871959495544433594e+01,-1.090000000000000036e+01,2.060999999999999943e+00,2.575195312500000000e+01
1.876759314537048340e+01,-9.320000000000000284e+00,1.374000000000000110e+00,2.619140625000000000e+01
1.881559777259826660e+01,-8.740000000000000213e+00,4.580000000000000182e-01,2.636718750000000000e+01
1.886359548568725586e+01,-8.970000000000000639e+00,4.580000000000000182e-01,2.654296875000000000e+01
1.891159462928771973e+01,-5.849999999999999645e+00,0.000000000000000000e+00,2.654296875000000000e+01
1.895960545539855957e+01,4.600000000000000200e-01,-6.870000000000000551e-01,2.636718750000000000e+01
1.900761437416076660e+01,-1.629999999999999893e+00,-1.602999999999999980e+00,2.583984375000000000e+01
1.905559682846069336e+01,-3.770000000000000018e+00,-2.060999999999999943e+00,2.522460937500000000e+01
1.910359001159667969e+01,8.999999999999999667e-02,-2.748000000000000220e+00,2.443359375000000000e+01
1.915160012245178223e+01,3.200000000000000067e-01,-3.435000000000000053e+00,2.346679687500000000e+01
1.919958901405334473e+01,1.479999999999999982e+00,-3.893000000000000238e+00,2.223632812500000000e+01
1.924767398834228516e+01,3.709999999999999964e+00,-4.580000000000000071e+00,2.091796875000000000e+01
1.929562044143676758e+01,6.080000000000000071e+00,-5.267000000000000348e+00,1.942382812500000000e+01
1.934361386299133301e+01,6.209999999999999964e+00,-5.267000000000000348e+00,1.784179687500000000e+01
1.939159417152404785e+01,7.150000000000000355e+00,-5.725000000000000533e+00,1.617187500000000000e+01
1.943957448005676270e+01,1.061999999999999922e+01,-6.182999999999999829e+00,1.432617187500000000e+01
1.948760890960693359e+01,9.179999999999999716e+00,-6.411999999999999922e+00,1.248046875000000000e+01
1.953563165664672852e+01,1.211999999999999922e+01,-6.641000000000000014e+00,1.045898437500000000e+01
1.958357429504394531e+01,1.275999999999999979e+01,-6.870000000000000107e+00,8.437500000000000000e+00
1.963160014152526855e+01,1.140000000000000036e+01,-6.870000000000000107e+00,6.503906250000000000e+00
1.967958545684814453e+01,1.339000000000000057e+01,-6.870000000000000107e+00,4.482421875000000000e+00
1.972759318351745605e+01,1.258999999999999986e+01,-6.641000000000000014e+00,2.548828125000000000e+00
1.977558088302612305e+01,1.810000000000000142e+01,-6.411999999999999922e+00,7.031250000000000000e-01
1.982355856895446777e+01,1.885000000000000142e+01,-5.954000000000000625e+00,-1.142578125000000000e+00
1.987155961990356445e+01,2.023000000000000043e+01,-5.725000000000000533e+00,-2.812500000000000000e+00
1.991957402229309082e+01,2.651000000000000156e+01,-5.725000000000000533e+00,-4.482421875000000000e+00
1.996763300895690918e+01,2.264999999999999858e+01,-4.809000000000000163e+00,-5.976562500000000000e+00
2.001612234115600586e+01,2.576000000000000156e+01,-4.350999999999999979e+00,-7.294921875000000000e+00
2.006425166130065918e+01,2.810999999999999943e+01,-4.121999999999999886e+00,-8.525390625000000000e+00
2.011220049858093262e+01,2.548000000000000043e+01,-3.664000000000000146e+00,-9.667968750000000000e+00
2.016028857231140137e+01,2.601999999999999957e+01,-2.748000000000000220e+00,-1.054687500000000000e+01
2.020821547508239746e+01,2.496999999999999886e+01,-2.290000000000000036e+00,-1.125000000000000000e+01
2.025607991218566895e+01,2.233999999999999986e+01,-1.602999999999999980e+00,-1.177734375000000000e+01
2.030397200584411621e+01,2.076999999999999957e+01,-1.145000000000000018e+00,-1.221679687500000000e+01
2.035197257995605469e+01,1.832999999999999829e+01,-2.290000000000000091e-01,-1.230468750000000000e+01
2.039997243881225586e+01,1.858999999999999986e+01,0.000000000000000000e+00,-1.230468750000000000e+01
2.044796252250671387e+01,1.599000000000000021e+01,2.290000000000000091e-01,-1.221679687500000000e+01
2.049596810340881348e+01,9.509999999999999787e+00,1.374000000000000110e+00,-1.186523437500000000e+01
2.054390406608581543e+01,1.056000000000000050e+01,2.060999999999999943e+00,-1.125000000000000000e+01
2.059193921089172363e+01,8.619999999999999218e+00,2.290000000000000036e+00,-1.054687500000000000e+01
2.063956141471862793e+01,1.379999999999999893e+00,3.205999999999999961e+00,-9.667968750000000000e+00
2.068752551078796387e+01,5.899999999999999689e-01,4.121999999999999886e+00,-8.437500000000000000e+00
2.073554611206054688e+01,2.700000000000000178e-01,4.350999999999999979e+00,-7.207031250000000000e+00
2.078352880477905273e+01,-3.100000000000000089e+00,4.809000000000000163e+00,-5.800781250000000000e+00
2.083154320716857910e+01,-7.259999999999999787e+00,5.496000000000000441e+00,-4.218750000000000000e+00
2.087954282760620117e+01,-8.589999999999999858e+00,5.725000000000000533e+00,-2.460937500000000000e+00
2.092753911018371582e+01,-8.750000000000000000e+00,5.954000000000000625e+00,-7.031250000000000000e-01
2.097552013397216797e+01,-1.163000000000000078e+01,6.411999999999999922e+00,1.142578125000000000e+00
2.102354979515075684e+01,-1.316999999999999993e+01,6.641000000000000014e+00,3.076171875000000000e+00
2.107155680656433105e+01,-1.115000000000000036e+01,6.411999999999999922e+00,5.009765625000000000e+00
2.111954665184020996e+01,-1.324000000000000021e+01,6.641000000000000014e+00,6.943359375000000000e+00
2.116753220558166504e+01,-1.300000000000000000e+01,6.870000000000000107e+00,8.876953125000000000e+00
2.121552300453186035e+01,-1.591999999999999993e+01,7.099000000000000199e+00,1.089843750000000000e+01
2.126352572441101074e+01,-1.375000000000000000e+01,6.411999999999999922e+00,1.283203125000000000e+01
2.131153225898742676e+01,-1.710999999999999943e+01,6.182999999999999829e+00,1.467773437500000000e+01
2.135952830314636230e+01,-1.835000000000000142e+01,5.954000000000000625e+00,1.652343750000000000e+01
2.140752720832824707e+01,-2.017999999999999972e+01,5.496000000000000441e+00,1.810546875000000000e+01
2.145550870895385742e+01,-1.996000000000000085e+01,5.267000000000000348e+00,1.968750000000000000e+01
2.150350189208984375e+01,-1.780999999999999872e+01,5.038000000000000256e+00,2.118164062500000000e+01
2.155152058601379395e+01,-1.771999999999999886e+01,4.121999999999999886e+00,2.241210937500000000e+01
2.159949827194213867e+01,-1.919000000000000128e+01,3.893000000000000238e+00,2.355468750000000000e+01
2.164759898185729980e+01,-1.452999999999999936e+01,3.205999999999999961e+00,2.452148437500000000e+01
2.169557619094848633e+01,-1.409999999999999964e+01,2.748000000000000220e+00,2.540039062500000000e+01
2.174358057975769043e+01,-9.349999999999999645e+00,1.602999999999999980e+00,2.592773437500000000e+01
2.179158115386962891e+01,-1.057000000000000028e+01,9.160000000000000364e-01,2.627929687500000000e+01
2.183956837654113770e+01,-7.769999999999999574e+00,6.870000000000000551e-01,2.654296875000000000e+01
2.188756251335144043e+01,-7.889999999999999680e+00,0.000000000000000000e+00,2.654296875000000000e+01
2.193556618690490723e+01,-6.230000000000000426e+00,0.000000000000000000e+00,2.654296875000000000e+01
2.198350954055786133e+01,8.900000000000000133e-01,-1.145000000000000018e+00,2.627929687500000000e+01
2.203150677680969238e+01,-2.910000000000000142e+00,-2.060999999999999943e+00,2.566406250000000000e+01
2.207948422431945801e+01,-3.149999999999999911e+00,-2.519000000000000128e+00,2.496093750000000000e+01
2.212748289108276367e+01,8.000000000000000167e-02,-3.205999999999999961e+00,2.390625000000000000e+01
2.217548775672912598e+01,-7.700000000000000178e-01,-3.893000000000000238e+00,2.276367187500000000e+01
2.222348475456237793e+01,2.209999999999999964e+00,-4.350999999999999979e+00,2.162109375000000000e+01
2.227152132987976074e+01,4.469999999999999751e+00,-5.038000000000000256e+00,2.012695312500000000e+01
2.231949281692504883e+01,5.459999999999999964e+00,-5.267000000000000348e+00,1.854492187500000000e+01
2.236750960350036621e+01,7.019999999999999574e+00,-5.496000000000000441e+00,1.696289062500000000e+01
2.241550827026367188e+01,8.660000000000000142e+00,-5.954000000000000625e+00,1.520507812500000000e+01
2.246347260475158691e+01,9.189999999999999503e+00,-6.182999999999999829e+00,1.335937500000000000e+01
2.251147770881652832e+01,1.085999999999999943e+01,-6.411999999999999922e+00,1.151367187500000000e+01
2.255947089195251465e+01,1.285999999999999943e+01,-6.870000000000000107e+00,9.492187500000000000e+00
2.260748481750488281e+01,1.024000000000000021e+01,-7.099000000000000199e+00,7.470703125000000000e+00
2.265547204017639160e+01,9.589999999999999858e+00,-6.641000000000000014e+00,5.537109375000000000e+00
2.270387458801269531e+01,1.174000000000000021e+01,-6.641000000000000014e+00,3.603515625000000000e+00
2.275188112258911133e+01,1.569999999999999929e+01,-6.411999999999999922e+00,1.669921875000000000e+00
2.279991054534912109e+01,2.017000000000000171e+01,-6.411999999999999922e+00,-1.757812500000000000e-01
2.284815812110900879e+01,1.589000000000000057e+01,-5.954000000000000625e+00,-1.933593750000000000e+00
2.289609360694885254e+01,1.903000000000000114e+01,-5.725000000000000533e+00,-3.691406250000000000e+00
2.294400191307067871e+01,2.312000000000000099e+01,-5.496000000000000441e+00,-5.273437500000000000e+00
2.299213409423828125e+01,1.973999999999999844e+01,-4.580000000000000071e+00,-6.679687500000000000e+00
2.304002118110656738e+01,2.698000000000000043e+01,-4.350999999999999979e+00,-7.998046875000000000e+00
2.308818221092224121e+01,2.219000000000000128e+01,-4.121999999999999886e+00,-9.140625000000000000e+00
2.313605833053588867e+01,2.217000000000000171e+01,-3.435000000000000053e+00,-1.019531250000000000e+01
2.318410205841064453e+01,2.271999999999999886e+01,-2.748000000000000220e+00,-1.098632812500000000e+01
2.323224449157714844e+01,2.248000000000000043e+01,-1.832000000000000073e+00,-1.160156250000000000e+01
2.328002190589904785e+01,2.126999999999999957e+01,-1.145000000000000018e+00,-1.195312500000000000e+01
2.332752060890197754e+01,2.137999999999999901e+01,-4.580000000000000182e-01,-1.221679687500000000e+01
2.337544107437133789e+01,1.898000000000000043e+01,0.000000000000000000e+00,-1.221679687500000000e+01
2.342348480224609375e+01,1.798000000000000043e+01,0.000000000000000000e+00,-1.221679687500000000e+01
2.347156786918640137e+01,1.619000000000000128e+01,2.290000000000000091e-01,-1.221679687500000000e+01
2.351946640014648438e+01,7.519999999999999574e+00,1.602999999999999980e+00,-1.177734375000000000e+01
2.356753134727478027e+01,1.049000000000000021e+01,2.519000000000000128e+00,-1.098632812500000000e+01
2.361544799804687500e+01,8.359999999999999432e+00,2.748000000000000220e+00,-1.019531250000000000e+01
2.366346454620361328e+01,2.160000000000000142e+00,3.664000000000000146e+00,-9.140625000000000000e+00
2.371145296096801758e+01,1.260000000000000009e+00,4.121999999999999886e+00,-7.998046875000000000e+00
2.375942420959472656e+01,-2.959999999999999964e+00,4.809000000000000163e+00,-6.591796875000000000e+00
2.380743527412414551e+01,-5.450000000000000178e+00,5.267000000000000348e+00,-5.097656250000000000e+00
2.385542416572570801e+01,-6.570000000000000284e+00,5.496000000000000441e+00,-3.427734375000000000e+00
2.390343165397644043e+01,-1.046000000000000085e+01,5.954000000000000625e+00,-1.669921875000000000e+00
2.395141339302062988e+01,-1.152999999999999936e+01,6.411999999999999922e+00,1.757812500000000000e-01
2.399944901466369629e+01,-9.839999999999999858e+00,6.411999999999999922e+00,2.021484375000000000e+00
2.404743432998657227e+01,-1.153999999999999915e+01,6.411999999999999922e+00,3.955078125000000000e+00
2.409543824195861816e+01,-1.316000000000000014e+01,6.641000000000000014e+00,5.888671875000000000e+00
2.414344620704650879e+01,-1.073000000000000043e+01,6.870000000000000107e+00,7.998046875000000000e+00
2.419140958786010742e+01,-1.191000000000000014e+01,6.870000000000000107e+00,9.931640625000000000e+00
2.423942589759826660e+01,-1.416000000000000014e+01,6.870000000000000107e+00,1.195312500000000000e+01
2.428740644454956055e+01,-1.511999999999999922e+01,6.411999999999999922e+00,1.379882812500000000e+01
2.433541750907897949e+01,-1.755000000000000071e+01,6.182999999999999829e+00,1.564453125000000000e+01
2.438343286514282227e+01,-1.698999999999999844e+01,5.496000000000000441e+00,1.731445312500000000e+01
2.443142819404602051e+01,-2.051000000000000156e+01,5.267000000000000348e+00,1.880859375000000000e+01
2.447943139076232910e+01,-2.137999999999999901e+01,5.267000000000000348e+00,2.039062500000000000e+01
2.452741336822509766e+01,-1.671000000000000085e+01,4.580000000000000071e+00,2.179687500000000000e+01
2.457543277740478516e+01,-1.919999999999999929e+01,4.121999999999999886e+00,2.293945312500000000e+01
2.462339258193969727e+01,-1.739999999999999858e+01,3.435000000000000053e+00,2.408203125000000000e+01
2.467140030860900879e+01,-1.703000000000000114e+01,3.205999999999999961e+00,2.504882812500000000e+01
2.471940255165100098e+01,-1.089000000000000057e+01,2.290000000000000036e+00,2.575195312500000000e+01
2.476739335060119629e+01,-9.630000000000000782e+00,1.374000000000000110e+00,2.610351562500000000e+01
2.481539726257324219e+01,-8.060000000000000497e+00,6.870000000000000551e-01,2.636718750000000000e+01
2.486339712142944336e+01,-8.060000000000000497e+00,4.580000000000000182e-01,2.654296875000000000e+01
2.491149139404296875e+01,-4.750000000000000000e+00,0.000000000000000000e+00,2.654296875000000000e+01
2.495952820777893066e+01,-1.400000000000000133e-01,-6.870000000000000551e-01,2.636718750000000000e+01
2.500748634338378906e+01,-2.899999999999999911e+00,-1.602999999999999980e+00,2.592773437500000000e+01
2.505546474456787109e+01,-4.299999999999999822e+00,-2.290000000000000036e+00,2.522460937500000000e+01
2.510345268249511719e+01,-1.409999999999999920e+00,-2.748000000000000220e+00,2.443359375000000000e+01
2.515147614479064941e+01,-1.399999999999999911e+00,-3.435000000000000053e+00,2.337890625000000000e+01
2.519948172569274902e+01,3.599999999999999867e-01,-3.893000000000000238e+00,2.223632812500000000e+01
2.524739861488342285e+01,1.750000000000000000e+00,-4.580000000000000071e+00,2.091796875000000000e+01
2.529538655281066895e+01,4.750000000000000000e+00,-5.267000000000000348e+00,1.942382812500000000e+01
2.534337973594665527e+01,5.099999999999999645e+00,-5.496000000000000441e+00,1.775390625000000000e+01
2.539137029647827148e+01,6.110000000000000320e+00,-5.725000000000000533e+00,1.608398437500000000e+01
2.543937993049621582e+01,9.419999999999999929e+00,-6.182999999999999829e+00,1.432617187500000000e+01
2.548738956451416016e+01,9.039999999999999147e+00,-6.182999999999999829e+00,1.248046875000000000e+01
2.553538608551025391e+01,1.131000000000000050e+01,-6.641000000000000014e+00,1.054687500000000000e+01
2.558338069915771484e+01,1.188000000000000078e+01,-7.099000000000000199e+00,8.525390625000000000e+00
2.563138461112976074e+01,9.810000000000000497e+00,-6.870000000000000107e+00,6.503906250000000000e+00
2.567938065528869629e+01,1.099000000000000021e+01,-6.870000000000000107e+00,4.570312500000000000e+00
2.572737693786621094e+01,1.067999999999999972e+01,-6.641000000000000014e+00,2.636718750000000000e+00
2.577537655830383301e+01,1.589000000000000057e+01,-6.411999999999999922e+00,7.031250000000000000e-01
2.582336091995239258e+01,1.719999999999999929e+01,-5.954000000000000625e+00,-1.054687500000000000e+00
2.587136721611022949e+01,1.914000000000000057e+01,-5.954000000000000625e+00,-2.812500000000000000e+00
2.591936302185058594e+01,2.405999999999999872e+01,-5.496000000000000441e+00,-4.482421875000000000e+00
2.596736717224121094e+01,2.201999999999999957e+01,-5.038000000000000256e+00,-5.976562500000000000e+00
2.601535463333129883e+01,2.701999999999999957e+01,-4.580000000000000071e+00,-7.294921875000000000e+00
2.606336760520935059e+01,2.703999999999999915e+01,-4.350999999999999979e+00,-8.525390625000000000e+00
2.611137557029724121e+01,2.525000000000000000e+01,-3.664000000000000146e+00,-9.667968750000000000e+00
2.615936851501464844e+01,2.782000000000000028e+01,-2.748000000000000220e+00,-1.054687500000000000e+01
2.620736598968505859e+01,2.567000000000000171e+01,-2.290000000000000036e+00,-1.125000000000000000e+01
2.625535058975219727e+01,2.428000000000000114e+01,-1.602999999999999980e+00,-1.177734375000000000e+01
2.630338239669799805e+01,2.146000000000000085e+01,-9.160000000000000364e-01,-1.212890625000000000e+01
2.635138297080993652e+01,1.830000000000000071e+01,-2.290000000000000091e-01,-1.221679687500000000e+01
2.639937734603881836e+01,1.787000000000000099e+01,0.000000000000000000e+00,-1.221679687500000000e+01
2.644733142852783203e+01,1.163000000000000078e+01,0.000000000000000000e+00,-1.221679687500000000e+01
2.649536347389221191e+01,8.490000000000000213e+00,1.145000000000000018e+00,-1.186523437500000000e+01
2.654335236549377441e+01,8.660000000000000142e+00,2.060999999999999943e+00,-1.125000000000000000e+01
2.659135150909423828e+01,5.870000000000000107e+00,2.290000000000000036e+00,-1.063476562500000000e+01
2.663944745063781738e+01,-6.899999999999999467e-01,3.435000000000000053e+00,-9.667968750000000000e+00
2.668741273880004883e+01,1.810000000000000053e+00,4.121999999999999886e+00,-8.437500000000000000e+00
2.673541593551635742e+01,5.200000000000000178e-01,4.580000000000000071e+00,-7.207031250000000000e+00
2.678342723846435547e+01,-2.120000000000000107e+00,4.809000000000000163e+00,-5.800781250000000000e+00
2.683136010169982910e+01,-5.360000000000000320e+00,5.267000000000000348e+00,-4.218750000000000000e+00
2.687937903404235840e+01,-7.940000000000000391e+00,5.725000000000000533e+00,-2.548828125000000000e+00
2.692733073234558105e+01,-7.250000000000000000e+00,5.954000000000000625e+00,-7.910156250000000000e-01
2.697532963752746582e+01,-1.151999999999999957e+01,6.411999999999999922e+00,1.142578125000000000e+00
2.702336978912353516e+01,-1.185999999999999943e+01,6.641000000000000014e+00,3.076171875000000000e+00
2.707135868072509766e+01,-9.820000000000000284e+00,6.411999999999999922e+00,4.921875000000000000e+00
2.711933922767639160e+01,-1.361999999999999922e+01,6.870000000000000107e+00,6.943359375000000000e+00
2.716735601425170898e+01,-1.202999999999999936e+01,6.870000000000000107e+00,8.876953125000000000e+00
2.721533727645874023e+01,-1.353999999999999915e+01,6.870000000000000107e+00,1.089843750000000000e+01
2.726333260536193848e+01,-1.489000000000000057e+01,6.641000000000000014e+00,1.283203125000000000e+01
2.731137394905090332e+01,-1.559999999999999964e+01,6.182999999999999829e+00,1.467773437500000000e+01
2.735934829711914062e+01,-1.737999999999999901e+01,5.954000000000000625e+00,1.643554687500000000e+01
2.740732502937316895e+01,-1.812999999999999901e+01,5.496000000000000441e+00,1.810546875000000000e+01
2.745531582832336426e+01,-1.908999999999999986e+01,5.267000000000000348e+00,1.968750000000000000e+01
2.750332021713256836e+01,-1.850000000000000000e+01,5.038000000000000256e+00,2.118164062500000000e+01
2.755132937431335449e+01,-1.685000000000000142e+01,4.121999999999999886e+00,2.241210937500000000e+01
2.759932255744934082e+01,-1.698000000000000043e+01,3.893000000000000238e+00,2.355468750000000000e+01
2.764735078811645508e+01,-1.336999999999999922e+01,3.205999999999999961e+00,2.452148437500000000e+01
2.769536709785461426e+01,-1.391999999999999993e+01,2.748000000000000220e+00,2.540039062500000000e+01
2.774334383010864258e+01,-9.980000000000000426e+00,1.602999999999999980e+00,2.592773437500000000e+01
2.779201197624206543e+01,-1.021000000000000085e+01,9.160000000000000364e-01,2.627929687500000000e+01
2.783992362022399902e+01,-8.830000000000000071e+00,4.580000000000000182e-01,2.645507812500000000e+01
2.788783288002014160e+01,-7.870000000000000107e+00,0.000000000000000000e+00,2.654296875000000000e+01
2.793596434593200684e+01,-6.669999999999999929e+00,0.000000000000000000e+00,2.654296875000000000e+01
2.798386192321777344e+01,-2.800000000000000266e-01,-1.145000000000000018e+00,2.627929687500000000e+01
2.803192782402038574e+01,-2.959999999999999964e+00,-1.832000000000000073e+00,2.575195312500000000e+01
2.807994174957275391e+01,-3.600000000000000089e+00,-2.519000000000000128e+00,2.496093750000000000e+01
2.812797689437866211e+01,3.400000000000000244e-01,-3.435000000000000053e+00,2.399414062500000000e+01
2.817585873603820801e+01,4.799999999999999822e-01,-3.893000000000000238e+00,2.276367187500000000e+01
2.822403025627136230e+01,8.499999999999999778e-01,-4.350999999999999979e+00,2.153320312500000000e+01
2.827192807197570801e+01,4.360000000000000320e+00,-4.809000000000000163e+00,2.012695312500000000e+01
2.831984877586364746e+01,3.810000000000000053e+00,-5.267000000000000348e+00,1.854492187500000000e+01
2.836801910400390625e+01,4.259999999999999787e+00,-5.496000000000000441e+00,1.696289062500000000e+01
2.841542553901672363e+01,6.809999999999999609e+00,-5.954000000000000625e+00,1.529296875000000000e+01
2.846334719657897949e+01,8.099999999999999645e+00,-6.411999999999999922e+00,1.335937500000000000e+01
2.851127982139587402e+01,8.619999999999999218e+00,-6.411999999999999922e+00,1.151367187500000000e+01
2.855927252769470215e+01,1.067999999999999972e+01,-6.641000000000000014e+00,9.492187500000000000e+00
2.860728025436401367e+01,1.074000000000000021e+01,-6.870000000000000107e+00,7.558593750000000000e+00
2.865526986122131348e+01,1.017999999999999972e+01,-6.870000000000000107e+00,5.537109375000000000e+00
2.870326495170593262e+01,1.125000000000000000e+01,-6.641000000000000014e+00,3.603515625000000000e+00
2.875126242637634277e+01,1.526999999999999957e+01,-6.411999999999999922e+00,1.669921875000000000e+00
2.879926490783691406e+01,1.980999999999999872e+01,-6.182999999999999829e+00,-1.757812500000000000e-01
2.884727978706359863e+01,1.773000000000000043e+01,-5.954000000000000625e+00,-1.933593750000000000e+00
2.889531016349792480e+01,2.187999999999999901e+01,-5.725000000000000533e+00,-3.603515625000000000e+00
2.894326734542846680e+01,2.392999999999999972e+01,-5.496000000000000441e+00,-5.185546875000000000e+00
2.899128150939941406e+01,2.360000000000000142e+01,-4.580000000000000071e+00,-6.591796875000000000e+00
2.903926110267639160e+01,2.889000000000000057e+01,-4.580000000000000071e+00,-7.910156250000000000e+00
2.908726239204406738e+01,2.667000000000000171e+01,-4.121999999999999886e+00,-9.140625000000000000e+00
2.913525986671447754e+01,2.644000000000000128e+01,-3.205999999999999961e+00,-1.010742187500000000e+01
2.918327188491821289e+01,2.596000000000000085e+01,-2.519000000000000128e+00,-1.089843750000000000e+01
2.923127675056457520e+01,2.444000000000000128e+01,-2.060999999999999943e+00,-1.160156250000000000e+01
2.927926898002624512e+01,2.037000000000000099e+01,-1.145000000000000018e+00,-1.204101562500000000e+01
2.932731866836547852e+01,1.989999999999999858e+01,-4.580000000000000182e-01,-1.221679687500000000e+01
2.937529349327087402e+01,1.785000000000000142e+01,-2.290000000000000091e-01,-1.230468750000000000e+01
2.942327117919921875e+01,1.726000000000000156e+01,0.000000000000000000e+00,-1.230468750000000000e+01
2.947125029563903809e+01,1.259999999999999964e+01,4.580000000000000182e-01,-1.221679687500000000e+01
2.951924633979797363e+01,5.860000000000000320e+00,1.602999999999999980e+00,-1.177734375000000000e+01
2.956726098060607910e+01,8.949999999999999289e+00,2.519000000000000128e+00,-1.098632812500000000e+01
2.961525869369506836e+01,4.339999999999999858e+00,2.748000000000000220e+00,-1.019531250000000000e+01
2.966324996948242188e+01,-7.800000000000000266e-01,3.664000000000000146e+00,-9.140625000000000000e+00
2.971125340461730957e+01,-6.899999999999999467e-01,4.350999999999999979e+00,-7.910156250000000000e+00
2.975924205780029297e+01,-3.410000000000000142e+00,4.809000000000000163e+00,-6.591796875000000000e+00
2.980722928047180176e+01,-6.629999999999999893e+00,5.267000000000000348e+00,-5.009765625000000000e+00
2.985527920722961426e+01,-5.009999999999999787e+00,5.496000000000000441e+00,-3.427734375000000000e+00
2.990329480171203613e+01,-9.300000000000000711e+00,5.954000000000000625e+00,-1.669921875000000000e+00
2.995134902000427246e+01,-9.679999999999999716e+00,6.411999999999999922e+00,1.757812500000000000e-01
2.999936676025390625e+01,-9.240000000000000213e+00,6.411999999999999922e+00,2.109375000000000000e+00
3.004739832878112793e+01,-1.055000000000000071e+01,6.411999999999999922e+00,3.955078125000000000e+00
3.009558796882629395e+01,-1.188000000000000078e+01,6.641000000000000014e+00,5.888671875000000000e+00
3.014357972145080566e+01,-1.032000000000000028e+01,6.870000000000000107e+00,7.998046875000000000e+00
3.019160437583923340e+01,-1.118999999999999950e+01,6.870000000000000107e+00,9.931640625000000000e+00
3.023965144157409668e+01,-1.225000000000000000e+01,6.641000000000000014e+00,1.195312500000000000e+01
3.028764939308166504e+01,-1.465000000000000036e+01,6.411999999999999922e+00,1.379882812500000000e+01
3.033564352989196777e+01,-1.703000000000000114e+01,6.182999999999999829e+00,1.564453125000000000e+01
3.038360762596130371e+01,-1.588000000000000078e+01,5.496000000000000441e+00,1.731445312500000000e+01
3.043162369728088379e+01,-1.923999999999999844e+01,5.267000000000000348e+00,1.880859375000000000e+01
3.047958970069885254e+01,-1.907999999999999829e+01,5.267000000000000348e+00,2.039062500000000000e+01
3.052759695053100586e+01,-1.588000000000000078e+01,4.580000000000000071e+00,2.179687500000000000e+01
3.057559943199157715e+01,-1.721000000000000085e+01,4.121999999999999886e+00,2.302734375000000000e+01
3.062361550331115723e+01,-1.450000000000000000e+01,3.664000000000000146e+00,2.408203125000000000e+01
3.067155122756958008e+01,-1.453999999999999915e+01,3.205999999999999961e+00,2.504882812500000000e+01
3.071920871734619141e+01,-9.089999999999999858e+00,2.290000000000000036e+00,2.575195312500000000e+01
3.076720166206359863e+01,-8.890000000000000568e+00,1.374000000000000110e+00,2.619140625000000000e+01
3.081521916389465332e+01,-8.539999999999999147e+00,4.580000000000000182e-01,2.636718750000000000e+01
3.086320209503173828e+01,-8.800000000000000711e+00,4.580000000000000182e-01,2.654296875000000000e+01
3.091121077537536621e+01,-5.900000000000000355e+00,0.000000000000000000e+00,2.654296875000000000e+01
3.095921516418457031e+01,1.340000000000000080e+00,-6.870000000000000551e-01,2.636718750000000000e+01
3.100720596313476562e+01,-2.209999999999999964e+00,-1.832000000000000073e+00,2.592773437500000000e+01
3.105519151687622070e+01,-4.639999999999999680e+00,-2.290000000000000036e+00,2.522460937500000000e+01
3.110321521759033203e+01,1.300000000000000044e-01,-2.748000000000000220e+00,2.443359375000000000e+01
3.115121722221374512e+01,1.699999999999999956e+00,-3.435000000000000053e+00,2.346679687500000000e+01
3.119919848442077637e+01,2.189999999999999947e+00,-3.893000000000000238e+00,2.223632812500000000e+01
3.124718952178955078e+01,4.570000000000000284e+00,-4.580000000000000071e+00,2.091796875000000000e+01
3.129519653320312500e+01,7.730000000000000426e+00,-5.267000000000000348e+00,1.942382812500000000e+01
3.134319591522216797e+01,7.419999999999999929e+00,-5.267000000000000348e+00,1.784179687500000000e+01
3.139118790626525879e+01,8.480000000000000426e+00,-5.496000000000000441e+00,1.617187500000000000e+01
3.143918061256408691e+01,1.175999999999999979e+01,-5.954000000000000625e+00,1.441406250000000000e+01
3.148717188835144043e+01,1.200999999999999979e+01,-6.411999999999999922e+00,1.256835937500000000e+01
3.153521203994750977e+01,1.044999999999999929e+01,-6.641000000000000014e+00,1.054687500000000000e+01
3.158326220512390137e+01,1.075999999999999979e+01,-7.099000000000000199e+00,8.525390625000000000e+00
3.163127398490905762e+01,9.160000000000000142e+00,-6.870000000000000107e+00,6.591796875000000000e+00
3.167932105064392090e+01,8.949999999999999289e+00,-6.641000000000000014e+00,4.570312500000000000e+00
3.172717046737670898e+01,9.609999999999999432e+00,-6.641000000000000014e+00,2.636718750000000000e+00
3.177515983581542969e+01,1.491999999999999993e+01,-6.411999999999999922e+00,7.031250000000000000e-01
3.182316350936889648e+01,1.655000000000000071e+01,-6.182999999999999829e+00,-1.054687500000000000e+00
3.187115859985351562e+01,1.823999999999999844e+01,-5.725000000000000533e+00,-2.812500000000000000e+00
3.191917634010314941e+01,2.314000000000000057e+01,-5.496000000000000441e+00,-4.394531250000000000e+00
3.196717739105224609e+01,2.223999999999999844e+01,-4.809000000000000163e+00,-5.888671875000000000e+00
3.201517629623413086e+01,2.873000000000000043e+01,-4.580000000000000071e+00,-7.294921875000000000e+00
3.206315994262695312e+01,2.767000000000000171e+01,-4.350999999999999979e+00,-8.437500000000000000e+00
3.211123609542846680e+01,2.580999999999999872e+01,-3.664000000000000146e+00,-9.580078125000000000e+00
3.215916585922241211e+01,2.632999999999999829e+01,-2.977000000000000313e+00,-1.045898437500000000e+01
3.220717930793762207e+01,2.391000000000000014e+01,-2.519000000000000128e+00,-1.125000000000000000e+01
3.225515365600585938e+01,2.205000000000000071e+01,-1.832000000000000073e+00,-1.177734375000000000e+01
3.230316448211669922e+01,1.885000000000000142e+01,-9.160000000000000364e-01,-1.221679687500000000e+01
3.235118865966796875e+01,1.767000000000000171e+01,-2.290000000000000091e-01,-1.230468750000000000e+01
3.239915847778320312e+01,1.808999999999999986e+01,0.000000000000000000e+00,-1.230468750000000000e+01
3.244715642929077148e+01,1.378999999999999915e+01,2.290000000000000091e-01,-1.221679687500000000e+01
3.249515891075134277e+01,8.730000000000000426e+00,1.374000000000000110e+00,-1.186523437500000000e+01
3.254316830635070801e+01,1.006000000000000050e+01,1.832000000000000073e+00,-1.125000000000000000e+01
3.259117317199707031e+01,7.049999999999999822e+00,2.290000000000000036e+00,-1.054687500000000000e+01
3.263915061950683594e+01,-2.600000000000000089e-01,3.205999999999999961e+00,-9.667968750000000000e+00
3.268717861175537109e+01,2.300000000000000100e-01,4.121999999999999886e+00,-8.437500000000000000e+00
3.273515105247497559e+01,-2.479999999999999982e+00,4.350999999999999979e+00,-7.207031250000000000e+00
3.278315448760986328e+01,-4.830000000000000071e+00,4.809000000000000163e+00,-5.800781250000000000e+00
3.283114337921142578e+01,-7.519999999999999574e+00,5.267000000000000348e+00,-4.218750000000000000e+00
3.287913918495178223e+01,-1.000000000000000000e+01,5.725000000000000533e+00,-2.548828125000000000e+00
3.292713594436645508e+01,-9.560000000000000497e+00,5.954000000000000625e+00,-7.910156250000000000e-01
3.297518062591552734e+01,-1.273000000000000043e+01,6.411999999999999922e+00,1.142578125000000000e+00
3.302320957183837891e+01,-1.135999999999999943e+01,6.641000000000000014e+00,3.076171875000000000e+00
3.307118844985961914e+01,-9.330000000000000071e+00,6.411999999999999922e+00,4.921875000000000000e+00
3.311922931671142578e+01,-1.223000000000000043e+01,6.641000000000000014e+00,6.855468750000000000e+00
3.316723513603210449e+01,-1.191999999999999993e+01,6.870000000000000107e+00,8.876953125000000000e+00
3.321517825126647949e+01,-1.174000000000000021e+01,6.870000000000000107e+00,1.081054687500000000e+01
3.326322531700134277e+01,-1.394999999999999929e+01,6.641000000000000014e+00,1.283203125000000000e+01
3.331113576889038086e+01,-1.415000000000000036e+01,6.182999999999999829e+00,1.467773437500000000e+01
3.335918521881103516e+01,-1.678999999999999915e+01,5.954000000000000625e+00,1.652343750000000000e+01
3.340715909004211426e+01,-1.866000000000000014e+01,5.496000000000000441e+00,1.810546875000000000e+01
3.345511841773986816e+01,-1.992999999999999972e+01,5.267000000000000348e+00,1.968750000000000000e+01
3.350313377380371094e+01,-1.946999999999999886e+01,4.809000000000000163e+00,2.118164062500000000e+01
3.355111813545227051e+01,-1.814999999999999858e+01,4.350999999999999979e+00,2.241210937500000000e+01
3.359911751747131348e+01,-1.682000000000000028e+01,3.893000000000000238e+00,2.355468750000000000e+01
3.364714789390563965e+01,-1.339000000000000057e+01,3.205999999999999961e+00,2.452148437500000000e+01
3.369512367248535156e+01,-1.355000000000000071e+01,2.748000000000000220e+00,2.540039062500000000e+01
3.374311065673828125e+01,-8.619999999999999218e+00,1.602999999999999980e+00,2.592773437500000000e+01
3.379116606712341309e+01,-9.949999999999999289e+00,1.145000000000000018e+00,2.627929687500000000e+01
3.383910012245178223e+01,-7.549999999999999822e+00,4.580000000000000182e-01,2.654296875000000000e+01
3.388712072372436523e+01,-7.629999999999999893e+00,0.000000000000000000e+00,2.654296875000000000e+01
3.393511223793029785e+01,-5.169999999999999929e+00,0.000000000000000000e+00,2.654296875000000000e+01
3.398311352729797363e+01,1.270000000000000018e+00,-1.145000000000000018e+00,2.627929687500000000e+01
3.403110933303833008e+01,-2.439999999999999947e+00,-2.060999999999999943e+00,2.575195312500000000e+01
3.407910919189453125e+01,-1.969999999999999973e+00,-2.519000000000000128e+00,2.496093750000000000e+01
3.412710213661193848e+01,8.800000000000000044e-01,-3.435000000000000053e+00,2.390625000000000000e+01
3.417510557174682617e+01,4.400000000000000022e-01,-3.893000000000000238e+00,2.285156250000000000e+01
3.422310447692871094e+01,3.729999999999999982e+00,-4.350999999999999979e+00,2.162109375000000000e+01
3.427111077308654785e+01,5.769999999999999574e+00,-4.809000000000000163e+00,2.021484375000000000e+01
3.431910753250122070e+01,6.509999999999999787e+00,-5.267000000000000348e+00,1.854492187500000000e+01
3.436711144447326660e+01,8.339999999999999858e+00,-5.496000000000000441e+00,1.696289062500000000e+01
3.441508102416992188e+01,1.006000000000000050e+01,-5.954000000000000625e+00,1.529296875000000000e+01
3.446308612823486328e+01,1.083999999999999986e+01,-6.182999999999999829e+00,1.344726562500000000e+01
3.451109361648559570e+01,1.269999999999999929e+01,-6.411999999999999922e+00,1.160156250000000000e+01
3.455907344818115234e+01,1.340000000000000036e+01,-6.641000000000000014e+00,9.580078125000000000e+00
3.460713410377502441e+01,1.073000000000000043e+01,-7.099000000000000199e+00,7.646484375000000000e+00
3.465517282485961914e+01,7.559999999999999609e+00,-6.870000000000000107e+00,5.537109375000000000e+00
3.470318317413330078e+01,9.359999999999999432e+00,-6.641000000000000014e+00,3.603515625000000000e+00
3.475113749504089355e+01,1.308000000000000007e+01,-6.641000000000000014e+00,1.669921875000000000e+00
3.479915976524353027e+01,1.666000000000000014e+01,-6.411999999999999922e+00,-1.757812500000000000e-01
3.484718465805053711e+01,1.521000000000000085e+01,-5.725000000000000533e+00,-1.933593750000000000e+00
3.489509582519531250e+01,1.987000000000000099e+01,-5.496000000000000441e+00,-3.603515625000000000e+00
3.494309186935424805e+01,2.282999999999999829e+01,-5.496000000000000441e+00,-5.185546875000000000e+00
3.499108099937438965e+01,2.132000000000000028e+01,-4.580000000000000071e+00,-6.591796875000000000e+00
3.503906130790710449e+01,2.801000000000000156e+01,-4.580000000000000071e+00,-7.910156250000000000e+00
3.508708572387695312e+01,2.542000000000000171e+01,-4.121999999999999886e+00,-9.140625000000000000e+00
3.513506770133972168e+01,2.533999999999999986e+01,-3.205999999999999961e+00,-1.010742187500000000e+01
3.518306493759155273e+01,2.526000000000000156e+01,-2.519000000000000128e+00,-1.089843750000000000e+01
3.523105359077453613e+01,2.412999999999999901e+01,-2.060999999999999943e+00,-1.160156250000000000e+01
3.527905988693237305e+01,2.023000000000000043e+01,-1.145000000000000018e+00,-1.195312500000000000e+01
3.532706642150878906e+01,1.926999999999999957e+01,-4.580000000000000182e-01,-1.221679687500000000e+01
3.537506008148193359e+01,1.755999999999999872e+01,-2.290000000000000091e-01,-1.230468750000000000e+01
3.542305946350097656e+01,1.737000000000000099e+01,0.000000000000000000e+00,-1.230468750000000000e+01
3.547105622291564941e+01,1.369999999999999929e+01,4.580000000000000182e-01,-1.221679687500000000e+01
3.551905202865600586e+01,6.469999999999999751e+00,1.602999999999999980e+00,-1.177734375000000000e+01
3.556704258918762207e+01,9.390000000000000568e+00,2.519000000000000128e+00,-1.098632812500000000e+01
3.561505627632141113e+01,5.799999999999999822e+00,2.748000000000000220e+00,-1.019531250000000000e+01
3.566306948661804199e+01,-2.200000000000000011e-01,3.664000000000000146e+00,-9.140625000000000000e+00
3.571105360984802246e+01,-7.500000000000000000e-01,4.350999999999999979e+00,-7.998046875000000000e+00
3.575903749465942383e+01,-3.859999999999999876e+00,4.809000000000000163e+00,-6.591796875000000000e+00
3.580705952644348145e+01,-6.209999999999999964e+00,5.267000000000000348e+00,-5.097656250000000000e+00
3.585504436492919922e+01,-7.290000000000000036e+00,5.496000000000000441e+00,-3.427734375000000000e+00
3.590304780006408691e+01,-1.142999999999999972e+01,5.954000000000000625e+00,-1.669921875000000000e+00
3.595103359222412109e+01,-1.155000000000000071e+01,6.182999999999999829e+00,1.757812500000000000e-01
3.599902868270874023e+01,-1.181000000000000050e+01,6.411999999999999922e+00,2.021484375000000000e+00
3.604702734947204590e+01,-1.335999999999999943e+01,6.411999999999999922e+00,3.955078125000000000e+00
